{
  "parent": "hbm_neoforge:block/geiger",
  "display": {
    "gui": {
      "rotation": [
        20,
        0,
        0
      ],
      "translation": [
        0,
        0,
        0
      ],
      "scale": [
        0.58,
        0.58,
        0.58
      ]
    },
    "ground": {
      "rotation": [
        0,
        0,
        0
      ],
      "translation": [
        0,
        2,
        0
      ],
      "scale": [
        0.29,
        0.29,
        0.29
      ]
    },
    "fixed": {
      "rotation": [
        0,
        0,
        0
      ],
      "translation": [
        0,
        0,
        0
      ],
      "scale": [
        0.43499999999999994,
        0.43499999999999994,
        0.43499999999999994
      ]
    },
    "firstperson_righthand": {
      "rotation": [
        0,
        0,
        0
      ],
      "translation": [
        0,
        0,
        0
      ],
      "scale": [
        0.40599999999999997,
        0.40599999999999997,
        0.40599999999999997
      ]
    },
    "firstperson_lefthand": {
      "rotation": [
        0,
        0,
        0
      ],
      "translation": [
        0,
        0,
        0
      ],
      "scale": [
        0.40599999999999997,
        0.40599999999999997,
        0.40599999999999997
      ]
    },
    "thirdperson_righthand": {
      "rotation": [
        0,
        0,
        0
      ],
      "translation": [
        0,
        0,
        0
      ],
      "scale": [
        0.348,
        0.348,
        0.348
      ]
    },
    "thirdperson_lefthand": {
      "rotation": [
        0,
        0,
        0
      ],
      "translation": [
        0,
        0,
        0
      ],
      "scale": [
        0.348,
        0.348,
        0.348
      ]
    }
  }
}