mtllib qe_containment.mtl
# QE containment door; CE geometry with true clip-plane equivalent
v 0.43750000 3.00000000 1.87500000
v 0.43750000 3.00000000 -0.13503289
v 0.43750000 2.36093750 -0.87500000
v 0.43750000 2.36093750 1.87500000
v 0.43750000 3.00000000 -0.87500000
v 0.52886513 3.00000000 -0.87500000
v 0.56250000 2.36093750 -0.87500000
v 0.43750000 2.36093750 -0.87500000
v 0.56250000 3.00000000 -0.87500000
v 0.56250000 3.00000000 1.13503289
v 0.56250000 2.36093750 1.87500000
v 0.56250000 2.36093750 -0.87500000
v 0.56250000 3.00000000 1.87500000
v 0.47113487 3.00000000 1.87500000
v 0.43750000 2.36093750 1.87500000
v 0.56250000 2.36093750 1.87500000
v 0.56250000 2.36093750 -0.87500000
v 0.43750000 2.36093750 1.87500000
v 0.43750000 2.36093750 -0.87500000
v 0.43750000 2.36093750 -0.31250000
v 0.43750000 2.29843750 -0.62500000
v 0.43750000 2.29843750 -0.37500000
v 0.43750000 2.36093750 -0.68750000
v 0.56250000 2.29843750 -0.62500000
v 0.43750000 2.29843750 -0.62500000
v 0.56250000 2.36093750 -0.68750000
v 0.56250000 2.29843750 -0.37500000
v 0.56250000 2.29843750 -0.62500000
v 0.56250000 2.36093750 -0.31250000
v 0.43750000 2.29843750 -0.37500000
v 0.56250000 2.29843750 -0.37500000
v 0.56250000 2.29843750 -0.62500000
v 0.43750000 2.29843750 -0.37500000
v 0.43750000 2.29843750 -0.62500000
v 0.43750000 2.36093750 0.18750000
v 0.43750000 2.29843750 -0.12500000
v 0.43750000 2.29843750 0.12500000
v 0.43750000 2.36093750 -0.18750000
v 0.56250000 2.29843750 -0.12500000
v 0.43750000 2.29843750 -0.12500000
v 0.56250000 2.36093750 -0.18750000
v 0.56250000 2.29843750 0.12500000
v 0.56250000 2.29843750 -0.12500000
v 0.56250000 2.36093750 0.18750000
v 0.43750000 2.29843750 0.12500000
v 0.56250000 2.29843750 0.12500000
v 0.56250000 2.29843750 -0.12500000
v 0.43750000 2.29843750 0.12500000
v 0.43750000 2.29843750 -0.12500000
v 0.43750000 2.36093750 0.68750000
v 0.43750000 2.29843750 0.37500000
v 0.43750000 2.29843750 0.62500000
v 0.43750000 2.36093750 0.31250000
v 0.56250000 2.29843750 0.37500000
v 0.43750000 2.29843750 0.37500000
v 0.56250000 2.36093750 0.31250000
v 0.56250000 2.29843750 0.62500000
v 0.56250000 2.29843750 0.37500000
v 0.56250000 2.36093750 0.68750000
v 0.43750000 2.29843750 0.62500000
v 0.56250000 2.29843750 0.62500000
v 0.56250000 2.29843750 0.37500000
v 0.43750000 2.29843750 0.62500000
v 0.43750000 2.29843750 0.37500000
v 0.43750000 2.36093750 1.18750000
v 0.43750000 2.29843750 0.87500000
v 0.43750000 2.29843750 1.12500000
v 0.43750000 2.36093750 0.81250000
v 0.56250000 2.29843750 0.87500000
v 0.43750000 2.29843750 0.87500000
v 0.56250000 2.36093750 0.81250000
v 0.56250000 2.29843750 1.12500000
v 0.56250000 2.29843750 0.87500000
v 0.56250000 2.36093750 1.18750000
v 0.43750000 2.29843750 1.12500000
v 0.56250000 2.29843750 1.12500000
v 0.56250000 2.29843750 0.87500000
v 0.43750000 2.29843750 1.12500000
v 0.43750000 2.29843750 0.87500000
v 0.43750000 2.36093750 1.68750000
v 0.43750000 2.29843750 1.37500000
v 0.43750000 2.29843750 1.62500000
v 0.43750000 2.36093750 1.31250000
v 0.56250000 2.29843750 1.37500000
v 0.43750000 2.29843750 1.37500000
v 0.56250000 2.36093750 1.31250000
v 0.56250000 2.29843750 1.62500000
v 0.56250000 2.29843750 1.37500000
v 0.56250000 2.36093750 1.68750000
v 0.43750000 2.29843750 1.62500000
v 0.56250000 2.29843750 1.62500000
v 0.56250000 2.29843750 1.37500000
v 0.43750000 2.29843750 1.62500000
v 0.43750000 2.29843750 1.37500000
v 0.62500000 2.86093750 0.12500000
v 0.62500000 2.48593750 0.87500000
v 0.62500000 2.48593750 0.12500000
v 0.62500000 2.86093750 0.87500000
v 0.56250000 2.48593750 0.87500000
v 0.62500000 2.48593750 0.87500000
v 0.56250000 2.86093750 0.12500000
v 0.62500000 2.48593750 0.12500000
v 0.56250000 2.48593750 0.12500000
v 0.56250000 2.48593750 0.87500000
v 0.62500000 2.48593750 0.12500000
v 0.62500000 2.48593750 0.87500000
v 0.62500000 2.86093750 0.87500000
v 0.56250000 2.86093750 0.12500000
v 0.56250000 2.86093750 0.87500000
v 0.59375000 2.41228150 -0.87093800
v 0.59375000 3.00000000 -0.16270494
v 0.59375000 3.00000000 -0.14187108
v 0.59375000 2.36634950 -0.82855200
v 0.54457271 3.00000000 -0.14187108
v 0.59375000 2.36634950 -0.82855200
v 0.59375000 3.00000000 -0.14187108
v 0.57686247 3.00000000 -0.23403320
v 0.53125000 2.41228150 -0.87093800
v 0.53125000 3.00000000 -0.23403320
v 0.59375000 2.36634950 1.82855200
v 0.59375000 3.00000000 1.21047466
v 0.59375000 3.00000000 1.23403320
v 0.59375000 2.41228150 1.87093800
v 0.59375000 3.00000000 1.14187108
v 0.59375000 2.36634950 1.82855200
v 0.54457271 3.00000000 1.14187108
v 0.53125000 3.00000000 1.23403320
v 0.53125000 2.41228150 1.87093800
v 0.57686247 3.00000000 1.23403320
v 0.62500000 2.42343750 1.87500000
v 0.57695312 3.00000000 1.87500000
v 0.56250000 3.00000000 1.87500000
v 0.56250000 2.42343750 1.87500000
v 0.56250000 2.42343750 1.81250000
v 0.61054688 3.00000000 1.81250000
v 0.62500000 3.00000000 1.81250000
v 0.62500000 2.42343750 1.81250000
v 0.62500000 2.42343750 1.81250000
v 0.62500000 3.00000000 1.86054688
v 0.62500000 3.00000000 1.87500000
v 0.62500000 2.42343750 1.87500000
v 0.62500000 2.42343750 1.00000000
v 0.57695312 3.00000000 1.00000000
v 0.56250000 3.00000000 1.00000000
v 0.56250000 2.42343750 1.00000000
v 0.56250000 2.42343750 0.93750000
v 0.61054688 3.00000000 0.93750000
v 0.62500000 3.00000000 0.93750000
v 0.62500000 2.42343750 0.93750000
v 0.62500000 2.42343750 0.93750000
v 0.62500000 3.00000000 0.98554688
v 0.62500000 3.00000000 1.00000000
v 0.62500000 2.42343750 1.00000000
v 0.56250000 3.00000000 -0.87500000
v 0.57695312 3.00000000 -0.87500000
v 0.62500000 2.42343750 -0.87500000
v 0.56250000 2.42343750 -0.87500000
v 0.62500000 3.00000000 -0.81250000
v 0.61054688 3.00000000 -0.81250000
v 0.56250000 2.42343750 -0.81250000
v 0.62500000 2.42343750 -0.81250000
v 0.62500000 3.00000000 -0.87500000
v 0.62500000 3.00000000 -0.86054688
v 0.62500000 2.42343750 -0.81250000
v 0.62500000 2.42343750 -0.87500000
v 0.56250000 3.00000000 0.00000000
v 0.57695312 3.00000000 0.00000000
v 0.62500000 2.42343750 0.00000000
v 0.56250000 2.42343750 0.00000000
v 0.62500000 3.00000000 0.06250000
v 0.61054688 3.00000000 0.06250000
v 0.56250000 2.42343750 0.06250000
v 0.62500000 2.42343750 0.06250000
v 0.62500000 3.00000000 0.00000000
v 0.62500000 3.00000000 0.01445312
v 0.62500000 2.42343750 0.06250000
v 0.62500000 2.42343750 0.00000000
v 0.62500000 2.42343750 -0.87500000
v 0.62500000 2.36093750 1.87500000
v 0.62500000 2.36093750 -0.87500000
v 0.62500000 2.42343750 1.87500000
v 0.56250000 2.36093750 1.87500000
v 0.62500000 2.36093750 1.87500000
v 0.56250000 2.42343750 -0.87500000
v 0.62500000 2.36093750 -0.87500000
v 0.56250000 2.36093750 -0.87500000
v 0.56250000 2.36093750 1.87500000
v 0.62500000 2.36093750 -0.87500000
v 0.62500000 2.36093750 1.87500000
v 0.62500000 2.42343750 1.87500000
v 0.56250000 2.42343750 -0.87500000
v 0.56250000 2.42343750 1.87500000
v 0.37500000 2.86093750 0.87500000
v 0.37500000 2.48593750 0.12500000
v 0.37500000 2.48593750 0.87500000
v 0.37500000 2.86093750 0.12500000
v 0.43750000 2.48593750 0.12500000
v 0.37500000 2.48593750 0.12500000
v 0.43750000 2.86093750 0.87500000
v 0.37500000 2.48593750 0.87500000
v 0.43750000 2.48593750 0.87500000
v 0.43750000 2.48593750 0.12500000
v 0.37500000 2.48593750 0.87500000
v 0.37500000 2.48593750 0.12500000
v 0.37500000 2.86093750 0.12500000
v 0.43750000 2.86093750 0.87500000
v 0.43750000 2.86093750 0.12500000
v 0.40625000 2.41228150 1.87093800
v 0.40625000 3.00000000 1.16270494
v 0.40625000 3.00000000 1.14187108
v 0.40625000 2.36634950 1.82855200
v 0.45542729 3.00000000 1.14187108
v 0.40625000 2.36634950 1.82855200
v 0.40625000 3.00000000 1.14187108
v 0.42313753 3.00000000 1.23403320
v 0.46875000 2.41228150 1.87093800
v 0.46875000 3.00000000 1.23403320
v 0.40625000 2.36634950 -0.82855200
v 0.40625000 3.00000000 -0.21047466
v 0.40625000 3.00000000 -0.23403320
v 0.40625000 2.41228150 -0.87093800
v 0.40625000 3.00000000 -0.14187108
v 0.40625000 2.36634950 -0.82855200
v 0.45542729 3.00000000 -0.14187108
v 0.46875000 3.00000000 -0.23403320
v 0.46875000 2.41228150 -0.87093800
v 0.42313753 3.00000000 -0.23403320
v 0.37500000 2.42343750 -0.87500000
v 0.42304687 3.00000000 -0.87500000
v 0.43750000 3.00000000 -0.87500000
v 0.43750000 2.42343750 -0.87500000
v 0.43750000 2.42343750 -0.81250000
v 0.38945313 3.00000000 -0.81250000
v 0.37500000 3.00000000 -0.81250000
v 0.37500000 2.42343750 -0.81250000
v 0.37500000 2.42343750 -0.81250000
v 0.37500000 3.00000000 -0.86054688
v 0.37500000 3.00000000 -0.87500000
v 0.37500000 2.42343750 -0.87500000
v 0.37500000 2.42343750 0.00000000
v 0.42304687 3.00000000 0.00000000
v 0.43750000 3.00000000 0.00000000
v 0.43750000 2.42343750 0.00000000
v 0.43750000 2.42343750 0.06250000
v 0.38945313 3.00000000 0.06250000
v 0.37500000 3.00000000 0.06250000
v 0.37500000 2.42343750 0.06250000
v 0.37500000 2.42343750 0.06250000
v 0.37500000 3.00000000 0.01445312
v 0.37500000 3.00000000 0.00000000
v 0.37500000 2.42343750 0.00000000
v 0.43750000 3.00000000 1.87500000
v 0.42304687 3.00000000 1.87500000
v 0.37500000 2.42343750 1.87500000
v 0.43750000 2.42343750 1.87500000
v 0.37500000 3.00000000 1.81250000
v 0.38945313 3.00000000 1.81250000
v 0.43750000 2.42343750 1.81250000
v 0.37500000 2.42343750 1.81250000
v 0.37500000 3.00000000 1.87500000
v 0.37500000 3.00000000 1.86054688
v 0.37500000 2.42343750 1.81250000
v 0.37500000 2.42343750 1.87500000
v 0.43750000 3.00000000 1.00000000
v 0.42304687 3.00000000 1.00000000
v 0.37500000 2.42343750 1.00000000
v 0.43750000 2.42343750 1.00000000
v 0.37500000 3.00000000 0.93750000
v 0.38945313 3.00000000 0.93750000
v 0.43750000 2.42343750 0.93750000
v 0.37500000 2.42343750 0.93750000
v 0.37500000 3.00000000 1.00000000
v 0.37500000 3.00000000 0.98554688
v 0.37500000 2.42343750 0.93750000
v 0.37500000 2.42343750 1.00000000
v 0.37500000 2.42343750 1.87500000
v 0.37500000 2.36093750 -0.87500000
v 0.37500000 2.36093750 1.87500000
v 0.37500000 2.42343750 -0.87500000
v 0.43750000 2.36093750 -0.87500000
v 0.37500000 2.36093750 -0.87500000
v 0.43750000 2.42343750 1.87500000
v 0.37500000 2.36093750 1.87500000
v 0.43750000 2.36093750 1.87500000
v 0.43750000 2.36093750 -0.87500000
v 0.37500000 2.36093750 1.87500000
v 0.37500000 2.36093750 -0.87500000
v 0.37500000 2.42343750 -0.87500000
v 0.43750000 2.42343750 1.87500000
v 0.43750000 2.42343750 -0.87500000
v 0.43750000 3.00000000 -0.13503289
v 0.43750000 3.00000000 -0.87500000
v 0.43750000 2.36093750 -0.87500000
v 0.52886513 3.00000000 -0.87500000
v 0.56250000 3.00000000 -0.87500000
v 0.56250000 2.36093750 -0.87500000
v 0.56250000 3.00000000 1.13503289
v 0.56250000 3.00000000 1.87500000
v 0.56250000 2.36093750 1.87500000
v 0.47113487 3.00000000 1.87500000
v 0.43750000 3.00000000 1.87500000
v 0.43750000 2.36093750 1.87500000
v 0.56250000 2.36093750 -0.87500000
v 0.56250000 2.36093750 1.87500000
v 0.43750000 2.36093750 1.87500000
v 0.43750000 2.36093750 -0.31250000
v 0.43750000 2.36093750 -0.68750000
v 0.43750000 2.29843750 -0.62500000
v 0.43750000 2.36093750 -0.68750000
v 0.56250000 2.36093750 -0.68750000
v 0.56250000 2.29843750 -0.62500000
v 0.56250000 2.36093750 -0.68750000
v 0.56250000 2.36093750 -0.31250000
v 0.56250000 2.29843750 -0.37500000
v 0.56250000 2.36093750 -0.31250000
v 0.43750000 2.36093750 -0.31250000
v 0.43750000 2.29843750 -0.37500000
v 0.56250000 2.29843750 -0.62500000
v 0.56250000 2.29843750 -0.37500000
v 0.43750000 2.29843750 -0.37500000
v 0.43750000 2.36093750 0.18750000
v 0.43750000 2.36093750 -0.18750000
v 0.43750000 2.29843750 -0.12500000
v 0.43750000 2.36093750 -0.18750000
v 0.56250000 2.36093750 -0.18750000
v 0.56250000 2.29843750 -0.12500000
v 0.56250000 2.36093750 -0.18750000
v 0.56250000 2.36093750 0.18750000
v 0.56250000 2.29843750 0.12500000
v 0.56250000 2.36093750 0.18750000
v 0.43750000 2.36093750 0.18750000
v 0.43750000 2.29843750 0.12500000
v 0.56250000 2.29843750 -0.12500000
v 0.56250000 2.29843750 0.12500000
v 0.43750000 2.29843750 0.12500000
v 0.43750000 2.36093750 0.68750000
v 0.43750000 2.36093750 0.31250000
v 0.43750000 2.29843750 0.37500000
v 0.43750000 2.36093750 0.31250000
v 0.56250000 2.36093750 0.31250000
v 0.56250000 2.29843750 0.37500000
v 0.56250000 2.36093750 0.31250000
v 0.56250000 2.36093750 0.68750000
v 0.56250000 2.29843750 0.62500000
v 0.56250000 2.36093750 0.68750000
v 0.43750000 2.36093750 0.68750000
v 0.43750000 2.29843750 0.62500000
v 0.56250000 2.29843750 0.37500000
v 0.56250000 2.29843750 0.62500000
v 0.43750000 2.29843750 0.62500000
v 0.43750000 2.36093750 1.18750000
v 0.43750000 2.36093750 0.81250000
v 0.43750000 2.29843750 0.87500000
v 0.43750000 2.36093750 0.81250000
v 0.56250000 2.36093750 0.81250000
v 0.56250000 2.29843750 0.87500000
v 0.56250000 2.36093750 0.81250000
v 0.56250000 2.36093750 1.18750000
v 0.56250000 2.29843750 1.12500000
v 0.56250000 2.36093750 1.18750000
v 0.43750000 2.36093750 1.18750000
v 0.43750000 2.29843750 1.12500000
v 0.56250000 2.29843750 0.87500000
v 0.56250000 2.29843750 1.12500000
v 0.43750000 2.29843750 1.12500000
v 0.43750000 2.36093750 1.68750000
v 0.43750000 2.36093750 1.31250000
v 0.43750000 2.29843750 1.37500000
v 0.43750000 2.36093750 1.31250000
v 0.56250000 2.36093750 1.31250000
v 0.56250000 2.29843750 1.37500000
v 0.56250000 2.36093750 1.31250000
v 0.56250000 2.36093750 1.68750000
v 0.56250000 2.29843750 1.62500000
v 0.56250000 2.36093750 1.68750000
v 0.43750000 2.36093750 1.68750000
v 0.43750000 2.29843750 1.62500000
v 0.56250000 2.29843750 1.37500000
v 0.56250000 2.29843750 1.62500000
v 0.43750000 2.29843750 1.62500000
v 0.62500000 2.86093750 0.12500000
v 0.62500000 2.86093750 0.87500000
v 0.62500000 2.48593750 0.87500000
v 0.62500000 2.86093750 0.87500000
v 0.56250000 2.86093750 0.87500000
v 0.56250000 2.48593750 0.87500000
v 0.56250000 2.86093750 0.12500000
v 0.62500000 2.86093750 0.12500000
v 0.62500000 2.48593750 0.12500000
v 0.56250000 2.48593750 0.87500000
v 0.56250000 2.48593750 0.12500000
v 0.62500000 2.48593750 0.12500000
v 0.62500000 2.86093750 0.87500000
v 0.62500000 2.86093750 0.12500000
v 0.56250000 2.86093750 0.12500000
v 0.59375000 3.00000000 -0.16270494
v 0.59375000 2.41228150 -0.87093800
v 0.59375000 3.00000000 -0.23403320
v 0.54457271 3.00000000 -0.14187108
v 0.53125000 3.00000000 -0.14187108
v 0.53125000 2.36634950 -0.82855200
v 0.59375000 2.36634950 -0.82855200
v 0.57686247 3.00000000 -0.23403320
v 0.59375000 3.00000000 -0.23403320
v 0.59375000 2.41228150 -0.87093800
v 0.53125000 2.41228150 -0.87093800
v 0.59375000 3.00000000 1.21047466
v 0.59375000 2.36634950 1.82855200
v 0.59375000 3.00000000 1.14187108
v 0.54457271 3.00000000 1.14187108
v 0.59375000 2.36634950 1.82855200
v 0.53125000 2.36634950 1.82855200
v 0.53125000 3.00000000 1.14187108
v 0.57686247 3.00000000 1.23403320
v 0.53125000 2.41228150 1.87093800
v 0.59375000 2.41228150 1.87093800
v 0.59375000 3.00000000 1.23403320
v 0.57695312 3.00000000 1.87500000
v 0.62500000 2.42343750 1.87500000
v 0.62500000 3.00000000 1.87500000
v 0.61054688 3.00000000 1.81250000
v 0.56250000 2.42343750 1.81250000
v 0.56250000 3.00000000 1.81250000
v 0.62500000 3.00000000 1.86054688
v 0.62500000 2.42343750 1.81250000
v 0.62500000 3.00000000 1.81250000
v 0.57695312 3.00000000 1.00000000
v 0.62500000 2.42343750 1.00000000
v 0.62500000 3.00000000 1.00000000
v 0.61054688 3.00000000 0.93750000
v 0.56250000 2.42343750 0.93750000
v 0.56250000 3.00000000 0.93750000
v 0.62500000 3.00000000 0.98554688
v 0.62500000 2.42343750 0.93750000
v 0.62500000 3.00000000 0.93750000
v 0.57695312 3.00000000 -0.87500000
v 0.62500000 3.00000000 -0.87500000
v 0.62500000 2.42343750 -0.87500000
v 0.61054688 3.00000000 -0.81250000
v 0.56250000 3.00000000 -0.81250000
v 0.56250000 2.42343750 -0.81250000
v 0.62500000 3.00000000 -0.86054688
v 0.62500000 3.00000000 -0.81250000
v 0.62500000 2.42343750 -0.81250000
v 0.57695312 3.00000000 0.00000000
v 0.62500000 3.00000000 0.00000000
v 0.62500000 2.42343750 0.00000000
v 0.61054688 3.00000000 0.06250000
v 0.56250000 3.00000000 0.06250000
v 0.56250000 2.42343750 0.06250000
v 0.62500000 3.00000000 0.01445312
v 0.62500000 3.00000000 0.06250000
v 0.62500000 2.42343750 0.06250000
v 0.62500000 2.42343750 -0.87500000
v 0.62500000 2.42343750 1.87500000
v 0.62500000 2.36093750 1.87500000
v 0.62500000 2.42343750 1.87500000
v 0.56250000 2.42343750 1.87500000
v 0.56250000 2.36093750 1.87500000
v 0.56250000 2.42343750 -0.87500000
v 0.62500000 2.42343750 -0.87500000
v 0.62500000 2.36093750 -0.87500000
v 0.56250000 2.36093750 1.87500000
v 0.56250000 2.36093750 -0.87500000
v 0.62500000 2.36093750 -0.87500000
v 0.62500000 2.42343750 1.87500000
v 0.62500000 2.42343750 -0.87500000
v 0.56250000 2.42343750 -0.87500000
v 0.37500000 2.86093750 0.87500000
v 0.37500000 2.86093750 0.12500000
v 0.37500000 2.48593750 0.12500000
v 0.37500000 2.86093750 0.12500000
v 0.43750000 2.86093750 0.12500000
v 0.43750000 2.48593750 0.12500000
v 0.43750000 2.86093750 0.87500000
v 0.37500000 2.86093750 0.87500000
v 0.37500000 2.48593750 0.87500000
v 0.43750000 2.48593750 0.12500000
v 0.43750000 2.48593750 0.87500000
v 0.37500000 2.48593750 0.87500000
v 0.37500000 2.86093750 0.12500000
v 0.37500000 2.86093750 0.87500000
v 0.43750000 2.86093750 0.87500000
v 0.40625000 3.00000000 1.16270494
v 0.40625000 2.41228150 1.87093800
v 0.40625000 3.00000000 1.23403320
v 0.45542729 3.00000000 1.14187108
v 0.46875000 3.00000000 1.14187108
v 0.46875000 2.36634950 1.82855200
v 0.40625000 2.36634950 1.82855200
v 0.42313753 3.00000000 1.23403320
v 0.40625000 3.00000000 1.23403320
v 0.40625000 2.41228150 1.87093800
v 0.46875000 2.41228150 1.87093800
v 0.40625000 3.00000000 -0.21047466
v 0.40625000 2.36634950 -0.82855200
v 0.40625000 3.00000000 -0.14187108
v 0.45542729 3.00000000 -0.14187108
v 0.40625000 2.36634950 -0.82855200
v 0.46875000 2.36634950 -0.82855200
v 0.46875000 3.00000000 -0.14187108
v 0.42313753 3.00000000 -0.23403320
v 0.46875000 2.41228150 -0.87093800
v 0.40625000 2.41228150 -0.87093800
v 0.40625000 3.00000000 -0.23403320
v 0.42304687 3.00000000 -0.87500000
v 0.37500000 2.42343750 -0.87500000
v 0.37500000 3.00000000 -0.87500000
v 0.38945313 3.00000000 -0.81250000
v 0.43750000 2.42343750 -0.81250000
v 0.43750000 3.00000000 -0.81250000
v 0.37500000 3.00000000 -0.86054688
v 0.37500000 2.42343750 -0.81250000
v 0.37500000 3.00000000 -0.81250000
v 0.42304687 3.00000000 0.00000000
v 0.37500000 2.42343750 0.00000000
v 0.37500000 3.00000000 0.00000000
v 0.38945313 3.00000000 0.06250000
v 0.43750000 2.42343750 0.06250000
v 0.43750000 3.00000000 0.06250000
v 0.37500000 3.00000000 0.01445312
v 0.37500000 2.42343750 0.06250000
v 0.37500000 3.00000000 0.06250000
v 0.42304687 3.00000000 1.87500000
v 0.37500000 3.00000000 1.87500000
v 0.37500000 2.42343750 1.87500000
v 0.38945313 3.00000000 1.81250000
v 0.43750000 3.00000000 1.81250000
v 0.43750000 2.42343750 1.81250000
v 0.37500000 3.00000000 1.86054688
v 0.37500000 3.00000000 1.81250000
v 0.37500000 2.42343750 1.81250000
v 0.42304687 3.00000000 1.00000000
v 0.37500000 3.00000000 1.00000000
v 0.37500000 2.42343750 1.00000000
v 0.38945313 3.00000000 0.93750000
v 0.43750000 3.00000000 0.93750000
v 0.43750000 2.42343750 0.93750000
v 0.37500000 3.00000000 0.98554688
v 0.37500000 3.00000000 0.93750000
v 0.37500000 2.42343750 0.93750000
v 0.37500000 2.42343750 1.87500000
v 0.37500000 2.42343750 -0.87500000
v 0.37500000 2.36093750 -0.87500000
v 0.37500000 2.42343750 -0.87500000
v 0.43750000 2.42343750 -0.87500000
v 0.43750000 2.36093750 -0.87500000
v 0.43750000 2.42343750 1.87500000
v 0.37500000 2.42343750 1.87500000
v 0.37500000 2.36093750 1.87500000
v 0.43750000 2.36093750 -0.87500000
v 0.43750000 2.36093750 1.87500000
v 0.37500000 2.36093750 1.87500000
v 0.37500000 2.42343750 -0.87500000
v 0.37500000 2.42343750 1.87500000
v 0.43750000 2.42343750 1.87500000
v 0.25000000 0.12500000 1.75000000
v 0.25000000 0.00000000 -0.75000000
v 0.25000000 0.00000000 1.75000000
v 0.25000000 0.12500000 -0.75000000
v 0.25000000 2.25000000 -1.00000000
v 0.25000000 0.12500000 -1.00000000
v 0.75000000 0.12500000 -0.75000000
v 0.75000000 0.00000000 1.75000000
v 0.75000000 0.00000000 -0.75000000
v 0.25000000 0.00000000 1.75000000
v 0.25000000 0.12500000 2.00000000
v 0.25000000 0.12500000 1.75000000
v 0.75000000 0.00000000 -0.75000000
v 0.25000000 0.00000000 1.75000000
v 0.25000000 0.00000000 -0.75000000
v 0.25000000 0.12500000 -0.75000000
v 0.37500000 0.12500000 1.75000000
v 0.37500000 0.12500000 -0.75000000
v 0.75000000 0.12500000 2.00000000
v 0.25000000 0.00000000 2.00000000
v 0.75000000 0.00000000 2.00000000
v 0.75000000 0.00000000 1.75000000
v 0.25000000 0.00000000 2.00000000
v 0.25000000 0.00000000 1.75000000
v 0.75000000 0.12500000 -0.75000000
v 0.62500000 2.25000000 -0.75000000
v 0.62500000 0.12500000 -0.75000000
v 0.75000000 0.12500000 1.75000000
v 0.75000000 0.00000000 2.00000000
v 0.75000000 0.00000000 1.75000000
v 0.25000000 0.12500000 -1.00000000
v 0.75000000 0.00000000 -1.00000000
v 0.25000000 0.00000000 -1.00000000
v 0.25000000 0.12500000 -0.75000000
v 0.25000000 0.00000000 -1.00000000
v 0.25000000 0.00000000 -0.75000000
v 0.75000000 0.00000000 -0.75000000
v 0.75000000 0.12500000 -1.00000000
v 0.75000000 0.12500000 -0.75000000
v 0.25000000 0.00000000 -0.75000000
v 0.75000000 0.00000000 -1.00000000
v 0.75000000 0.00000000 -0.75000000
v 0.75000000 2.25000000 1.75000000
v 0.75000000 3.00000000 2.00000000
v 0.75000000 2.25000000 2.00000000
v 0.75000000 2.25000000 -1.00000000
v 0.75000000 3.00000000 -0.75000000
v 0.75000000 2.25000000 -0.75000000
v 0.75000000 0.12500000 1.75000000
v 0.75000000 2.25000000 2.00000000
v 0.75000000 0.12500000 2.00000000
v 0.25000000 0.12500000 2.00000000
v 0.25000000 2.25000000 1.75000000
v 0.25000000 0.12500000 1.75000000
v 0.75000000 0.12500000 2.00000000
v 0.25000000 2.25000000 2.00000000
v 0.25000000 0.12500000 2.00000000
v 0.75000000 0.12500000 -1.00000000
v 0.75000000 2.25000000 -0.75000000
v 0.75000000 0.12500000 -0.75000000
v 0.25000000 0.12500000 -1.00000000
v 0.75000000 2.25000000 -1.00000000
v 0.75000000 0.12500000 -1.00000000
v 0.25000000 0.12500000 1.75000000
v 0.37500000 2.25000000 1.75000000
v 0.37500000 0.12500000 1.75000000
v 0.75000000 3.00000000 -0.75000000
v 0.25000000 3.00000000 -1.00000000
v 0.25000000 3.00000000 -0.75000000
v 0.25000000 3.00000000 1.75000000
v 0.75000000 3.00000000 2.00000000
v 0.75000000 3.00000000 1.75000000
v 0.75000000 2.25000000 2.00000000
v 0.25000000 3.00000000 2.00000000
v 0.25000000 2.25000000 2.00000000
v 0.75000000 2.50000000 -0.50000000
v 0.75000000 3.00000000 -0.75000000
v 0.75000000 3.00000000 -0.50000000
v 0.25000000 2.25000000 -0.75000000
v 0.25000000 3.00000000 -1.00000000
v 0.25000000 2.25000000 -1.00000000
v 0.25000000 2.25000000 -1.00000000
v 0.75000000 3.00000000 -1.00000000
v 0.75000000 2.25000000 -1.00000000
v 0.25000000 2.25000000 2.00000000
v 0.25000000 3.00000000 1.75000000
v 0.25000000 2.25000000 1.75000000
v 0.75000000 3.00000000 -0.50000000
v 0.25000000 3.00000000 -0.75000000
v 0.25000000 3.00000000 -0.50000000
v 0.25000000 2.50000000 -0.50000000
v 0.25000000 3.00000000 -0.75000000
v 0.25000000 2.25000000 -0.75000000
v 0.25000000 2.50000000 -0.50000000
v 0.37500000 2.25000000 -0.75000000
v 0.37500000 2.50000000 -0.50000000
v 0.25000000 2.25000000 1.75000000
v 0.37500000 2.50000000 1.50000000
v 0.37500000 2.25000000 1.75000000
v 0.25000000 3.00000000 1.75000000
v 0.25000000 2.50000000 1.50000000
v 0.25000000 2.25000000 1.75000000
v 0.75000000 3.00000000 1.75000000
v 0.25000000 3.00000000 1.50000000
v 0.25000000 3.00000000 1.75000000
v 0.75000000 3.00000000 1.75000000
v 0.75000000 2.50000000 1.50000000
v 0.75000000 3.00000000 1.50000000
v 0.25000000 2.50000000 1.50000000
v 0.37500000 2.50000000 -0.50000000
v 0.37500000 2.50000000 1.50000000
v 0.25000000 3.00000000 1.50000000
v 0.25000000 2.50000000 -0.50000000
v 0.25000000 2.50000000 1.50000000
v 0.75000000 3.00000000 1.50000000
v 0.25000000 3.00000000 -0.50000000
v 0.25000000 3.00000000 1.50000000
v 0.75000000 2.50000000 1.50000000
v 0.75000000 3.00000000 -0.50000000
v 0.75000000 3.00000000 1.50000000
v 0.62500000 2.50000000 1.50000000
v 0.75000000 2.50000000 -0.50000000
v 0.75000000 2.50000000 1.50000000
v 0.62500000 2.50000000 1.50000000
v 0.62500000 2.68750000 -0.50000000
v 0.62500000 2.50000000 -0.50000000
v 0.62500000 2.25000000 1.75000000
v 0.75000000 2.50000000 1.50000000
v 0.75000000 2.25000000 1.75000000
v 0.62500000 2.50000000 -0.50000000
v 0.75000000 2.25000000 -0.75000000
v 0.75000000 2.50000000 -0.50000000
v 0.62500000 0.12500000 1.75000000
v 0.75000000 2.25000000 1.75000000
v 0.75000000 0.12500000 1.75000000
v 0.37500000 0.12500000 -0.75000000
v 0.25000000 2.25000000 -0.75000000
v 0.25000000 0.12500000 -0.75000000
v 0.62500000 0.12500000 -0.75000000
v 0.75000000 0.12500000 1.75000000
v 0.75000000 0.12500000 -0.75000000
v 0.37500000 0.06250000 -0.75000000
v 0.62500000 0.06250000 1.75000000
v 0.62500000 0.06250000 -0.75000000
v 0.37500000 0.12500000 1.75000000
v 0.37500000 0.06250000 -0.75000000
v 0.37500000 0.12500000 -0.75000000
v 0.62500000 0.12500000 -0.75000000
v 0.62500000 0.06250000 1.75000000
v 0.62500000 0.12500000 1.75000000
v 0.62500000 0.12500000 -0.87500000
v 0.37500000 2.25000000 -0.87500000
v 0.37500000 0.12500000 -0.87500000
v 0.62500000 2.25000000 -0.75000000
v 0.62500000 0.12500000 -0.87500000
v 0.62500000 0.12500000 -0.75000000
v 0.37500000 0.12500000 -0.75000000
v 0.37500000 2.25000000 -0.87500000
v 0.37500000 2.25000000 -0.75000000
v 0.37500000 0.12500000 1.87500000
v 0.62500000 2.25000000 1.87500000
v 0.62500000 0.12500000 1.87500000
v 0.62500000 0.12500000 1.75000000
v 0.62500000 0.06250000 1.87500000
v 0.62500000 0.12500000 1.87500000
v 0.37500000 2.25000000 1.75000000
v 0.37500000 0.12500000 1.87500000
v 0.37500000 0.12500000 1.75000000
v 0.62500000 0.12500000 1.75000000
v 0.62500000 2.25000000 1.87500000
v 0.62500000 2.25000000 1.75000000
v 0.62500000 0.06250000 -0.75000000
v 0.37500000 0.06250000 -0.87500000
v 0.37500000 0.06250000 -0.75000000
v 0.37500000 0.06250000 1.75000000
v 0.62500000 0.06250000 1.87500000
v 0.62500000 0.06250000 1.75000000
v 0.62500000 0.12500000 -0.87500000
v 0.62500000 0.06250000 -0.75000000
v 0.62500000 0.12500000 -0.75000000
v 0.37500000 0.12500000 -0.87500000
v 0.62500000 0.06250000 -0.87500000
v 0.62500000 0.12500000 -0.87500000
v 0.37500000 0.12500000 -0.75000000
v 0.37500000 0.06250000 -0.87500000
v 0.37500000 0.12500000 -0.87500000
v 0.37500000 0.12500000 1.87500000
v 0.37500000 0.06250000 1.75000000
v 0.37500000 0.12500000 1.75000000
v 0.62500000 0.12500000 1.87500000
v 0.37500000 0.06250000 1.87500000
v 0.37500000 0.12500000 1.87500000
v 0.37500000 2.25000000 1.87500000
v 0.62500000 2.50000000 1.87500000
v 0.62500000 2.25000000 1.87500000
v 0.62500000 2.25000000 1.75000000
v 0.62500000 2.50000000 1.87500000
v 0.62500000 2.50000000 1.50000000
v 0.37500000 2.25000000 1.75000000
v 0.37500000 2.50000000 1.87500000
v 0.37500000 2.25000000 1.87500000
v 0.37500000 2.50000000 1.50000000
v 0.37500000 2.68750000 1.87500000
v 0.37500000 2.50000000 1.87500000
v 0.37500000 2.50000000 -0.87500000
v 0.62500000 2.25000000 -0.87500000
v 0.62500000 2.50000000 -0.87500000
v 0.62500000 2.25000000 -0.75000000
v 0.62500000 2.50000000 -0.87500000
v 0.62500000 2.25000000 -0.87500000
v 0.37500000 2.25000000 -0.75000000
v 0.37500000 2.50000000 -0.87500000
v 0.37500000 2.50000000 -0.50000000
v 0.62500000 2.50000000 -0.50000000
v 0.62500000 2.68750000 -0.87500000
v 0.62500000 2.50000000 -0.87500000
v 0.37500000 2.68750000 1.50000000
v 0.62500000 2.68750000 -0.50000000
v 0.62500000 2.68750000 1.50000000
v 0.62500000 2.68750000 1.50000000
v 0.37500000 2.68750000 1.87500000
v 0.37500000 2.68750000 1.50000000
v 0.37500000 2.68750000 -0.50000000
v 0.62500000 2.68750000 -0.87500000
v 0.62500000 2.68750000 -0.50000000
v 0.37500000 2.50000000 1.87500000
v 0.62500000 2.68750000 1.87500000
v 0.62500000 2.50000000 1.87500000
v 0.37500000 2.50000000 -0.87500000
v 0.37500000 2.68750000 -0.50000000
v 0.37500000 2.50000000 -0.50000000
v 0.62500000 2.50000000 -0.87500000
v 0.37500000 2.68750000 -0.87500000
v 0.37500000 2.50000000 -0.87500000
v 0.37500000 2.50000000 -0.50000000
v 0.37500000 2.68750000 1.50000000
v 0.37500000 2.50000000 1.50000000
v 0.62500000 2.50000000 1.87500000
v 0.62500000 2.68750000 1.50000000
v 0.62500000 2.50000000 1.50000000
v 0.25000000 0.12500000 1.75000000
v 0.25000000 0.12500000 -0.75000000
v 0.25000000 0.00000000 -0.75000000
v 0.25000000 0.12500000 -0.75000000
v 0.25000000 2.25000000 -0.75000000
v 0.25000000 2.25000000 -1.00000000
v 0.75000000 0.12500000 -0.75000000
v 0.75000000 0.12500000 1.75000000
v 0.75000000 0.00000000 1.75000000
v 0.25000000 0.00000000 1.75000000
v 0.25000000 0.00000000 2.00000000
v 0.25000000 0.12500000 2.00000000
v 0.75000000 0.00000000 -0.75000000
v 0.75000000 0.00000000 1.75000000
v 0.25000000 0.00000000 1.75000000
v 0.25000000 0.12500000 -0.75000000
v 0.25000000 0.12500000 1.75000000
v 0.37500000 0.12500000 1.75000000
v 0.75000000 0.12500000 2.00000000
v 0.25000000 0.12500000 2.00000000
v 0.25000000 0.00000000 2.00000000
v 0.75000000 0.00000000 1.75000000
v 0.75000000 0.00000000 2.00000000
v 0.25000000 0.00000000 2.00000000
v 0.75000000 0.12500000 -0.75000000
v 0.75000000 2.25000000 -0.75000000
v 0.62500000 2.25000000 -0.75000000
v 0.75000000 0.12500000 1.75000000
v 0.75000000 0.12500000 2.00000000
v 0.75000000 0.00000000 2.00000000
v 0.25000000 0.12500000 -1.00000000
v 0.75000000 0.12500000 -1.00000000
v 0.75000000 0.00000000 -1.00000000
v 0.25000000 0.12500000 -0.75000000
v 0.25000000 0.12500000 -1.00000000
v 0.25000000 0.00000000 -1.00000000
v 0.75000000 0.00000000 -0.75000000
v 0.75000000 0.00000000 -1.00000000
v 0.75000000 0.12500000 -1.00000000
v 0.25000000 0.00000000 -0.75000000
v 0.25000000 0.00000000 -1.00000000
v 0.75000000 0.00000000 -1.00000000
v 0.75000000 2.25000000 1.75000000
v 0.75000000 3.00000000 1.75000000
v 0.75000000 3.00000000 2.00000000
v 0.75000000 2.25000000 -1.00000000
v 0.75000000 3.00000000 -1.00000000
v 0.75000000 3.00000000 -0.75000000
v 0.75000000 0.12500000 1.75000000
v 0.75000000 2.25000000 1.75000000
v 0.75000000 2.25000000 2.00000000
v 0.25000000 0.12500000 2.00000000
v 0.25000000 2.25000000 2.00000000
v 0.25000000 2.25000000 1.75000000
v 0.75000000 0.12500000 2.00000000
v 0.75000000 2.25000000 2.00000000
v 0.25000000 2.25000000 2.00000000
v 0.75000000 0.12500000 -1.00000000
v 0.75000000 2.25000000 -1.00000000
v 0.75000000 2.25000000 -0.75000000
v 0.25000000 0.12500000 -1.00000000
v 0.25000000 2.25000000 -1.00000000
v 0.75000000 2.25000000 -1.00000000
v 0.25000000 0.12500000 1.75000000
v 0.25000000 2.25000000 1.75000000
v 0.37500000 2.25000000 1.75000000
v 0.75000000 3.00000000 -0.75000000
v 0.75000000 3.00000000 -1.00000000
v 0.25000000 3.00000000 -1.00000000
v 0.25000000 3.00000000 1.75000000
v 0.25000000 3.00000000 2.00000000
v 0.75000000 3.00000000 2.00000000
v 0.75000000 2.25000000 2.00000000
v 0.75000000 3.00000000 2.00000000
v 0.25000000 3.00000000 2.00000000
v 0.75000000 2.50000000 -0.50000000
v 0.75000000 2.25000000 -0.75000000
v 0.75000000 3.00000000 -0.75000000
v 0.25000000 2.25000000 -0.75000000
v 0.25000000 3.00000000 -0.75000000
v 0.25000000 3.00000000 -1.00000000
v 0.25000000 2.25000000 -1.00000000
v 0.25000000 3.00000000 -1.00000000
v 0.75000000 3.00000000 -1.00000000
v 0.25000000 2.25000000 2.00000000
v 0.25000000 3.00000000 2.00000000
v 0.25000000 3.00000000 1.75000000
v 0.75000000 3.00000000 -0.50000000
v 0.75000000 3.00000000 -0.75000000
v 0.25000000 3.00000000 -0.75000000
v 0.25000000 2.50000000 -0.50000000
v 0.25000000 3.00000000 -0.50000000
v 0.25000000 3.00000000 -0.75000000
v 0.25000000 2.50000000 -0.50000000
v 0.25000000 2.25000000 -0.75000000
v 0.37500000 2.25000000 -0.75000000
v 0.25000000 2.25000000 1.75000000
v 0.25000000 2.50000000 1.50000000
v 0.37500000 2.50000000 1.50000000
v 0.25000000 3.00000000 1.75000000
v 0.25000000 3.00000000 1.50000000
v 0.25000000 2.50000000 1.50000000
v 0.75000000 3.00000000 1.75000000
v 0.75000000 3.00000000 1.50000000
v 0.25000000 3.00000000 1.50000000
v 0.75000000 3.00000000 1.75000000
v 0.75000000 2.25000000 1.75000000
v 0.75000000 2.50000000 1.50000000
v 0.25000000 2.50000000 1.50000000
v 0.25000000 2.50000000 -0.50000000
v 0.37500000 2.50000000 -0.50000000
v 0.25000000 3.00000000 1.50000000
v 0.25000000 3.00000000 -0.50000000
v 0.25000000 2.50000000 -0.50000000
v 0.75000000 3.00000000 1.50000000
v 0.75000000 3.00000000 -0.50000000
v 0.25000000 3.00000000 -0.50000000
v 0.75000000 2.50000000 1.50000000
v 0.75000000 2.50000000 -0.50000000
v 0.75000000 3.00000000 -0.50000000
v 0.62500000 2.50000000 1.50000000
v 0.62500000 2.50000000 -0.50000000
v 0.75000000 2.50000000 -0.50000000
v 0.62500000 2.50000000 1.50000000
v 0.62500000 2.68750000 1.50000000
v 0.62500000 2.68750000 -0.50000000
v 0.62500000 2.25000000 1.75000000
v 0.62500000 2.50000000 1.50000000
v 0.75000000 2.50000000 1.50000000
v 0.62500000 2.50000000 -0.50000000
v 0.62500000 2.25000000 -0.75000000
v 0.75000000 2.25000000 -0.75000000
v 0.62500000 0.12500000 1.75000000
v 0.62500000 2.25000000 1.75000000
v 0.75000000 2.25000000 1.75000000
v 0.37500000 0.12500000 -0.75000000
v 0.37500000 2.25000000 -0.75000000
v 0.25000000 2.25000000 -0.75000000
v 0.62500000 0.12500000 -0.75000000
v 0.62500000 0.12500000 1.75000000
v 0.75000000 0.12500000 1.75000000
v 0.37500000 0.06250000 -0.75000000
v 0.37500000 0.06250000 1.75000000
v 0.62500000 0.06250000 1.75000000
v 0.37500000 0.12500000 1.75000000
v 0.37500000 0.06250000 1.75000000
v 0.37500000 0.06250000 -0.75000000
v 0.62500000 0.12500000 -0.75000000
v 0.62500000 0.06250000 -0.75000000
v 0.62500000 0.06250000 1.75000000
v 0.62500000 0.12500000 -0.87500000
v 0.62500000 2.25000000 -0.87500000
v 0.37500000 2.25000000 -0.87500000
v 0.62500000 2.25000000 -0.75000000
v 0.62500000 2.25000000 -0.87500000
v 0.62500000 0.12500000 -0.87500000
v 0.37500000 0.12500000 -0.75000000
v 0.37500000 0.12500000 -0.87500000
v 0.37500000 2.25000000 -0.87500000
v 0.37500000 0.12500000 1.87500000
v 0.37500000 2.25000000 1.87500000
v 0.62500000 2.25000000 1.87500000
v 0.62500000 0.12500000 1.75000000
v 0.62500000 0.06250000 1.75000000
v 0.62500000 0.06250000 1.87500000
v 0.37500000 2.25000000 1.75000000
v 0.37500000 2.25000000 1.87500000
v 0.37500000 0.12500000 1.87500000
v 0.62500000 0.12500000 1.75000000
v 0.62500000 0.12500000 1.87500000
v 0.62500000 2.25000000 1.87500000
v 0.62500000 0.06250000 -0.75000000
v 0.62500000 0.06250000 -0.87500000
v 0.37500000 0.06250000 -0.87500000
v 0.37500000 0.06250000 1.75000000
v 0.37500000 0.06250000 1.87500000
v 0.62500000 0.06250000 1.87500000
v 0.62500000 0.12500000 -0.87500000
v 0.62500000 0.06250000 -0.87500000
v 0.62500000 0.06250000 -0.75000000
v 0.37500000 0.12500000 -0.87500000
v 0.37500000 0.06250000 -0.87500000
v 0.62500000 0.06250000 -0.87500000
v 0.37500000 0.12500000 -0.75000000
v 0.37500000 0.06250000 -0.75000000
v 0.37500000 0.06250000 -0.87500000
v 0.37500000 0.12500000 1.87500000
v 0.37500000 0.06250000 1.87500000
v 0.37500000 0.06250000 1.75000000
v 0.62500000 0.12500000 1.87500000
v 0.62500000 0.06250000 1.87500000
v 0.37500000 0.06250000 1.87500000
v 0.37500000 2.25000000 1.87500000
v 0.37500000 2.50000000 1.87500000
v 0.62500000 2.50000000 1.87500000
v 0.62500000 2.25000000 1.75000000
v 0.62500000 2.25000000 1.87500000
v 0.62500000 2.50000000 1.87500000
v 0.37500000 2.25000000 1.75000000
v 0.37500000 2.50000000 1.50000000
v 0.37500000 2.50000000 1.87500000
v 0.37500000 2.50000000 1.50000000
v 0.37500000 2.68750000 1.50000000
v 0.37500000 2.68750000 1.87500000
v 0.37500000 2.50000000 -0.87500000
v 0.37500000 2.25000000 -0.87500000
v 0.62500000 2.25000000 -0.87500000
v 0.62500000 2.25000000 -0.75000000
v 0.62500000 2.50000000 -0.50000000
v 0.62500000 2.50000000 -0.87500000
v 0.37500000 2.25000000 -0.75000000
v 0.37500000 2.25000000 -0.87500000
v 0.37500000 2.50000000 -0.87500000
v 0.62500000 2.50000000 -0.50000000
v 0.62500000 2.68750000 -0.50000000
v 0.62500000 2.68750000 -0.87500000
v 0.37500000 2.68750000 1.50000000
v 0.37500000 2.68750000 -0.50000000
v 0.62500000 2.68750000 -0.50000000
v 0.62500000 2.68750000 1.50000000
v 0.62500000 2.68750000 1.87500000
v 0.37500000 2.68750000 1.87500000
v 0.37500000 2.68750000 -0.50000000
v 0.37500000 2.68750000 -0.87500000
v 0.62500000 2.68750000 -0.87500000
v 0.37500000 2.50000000 1.87500000
v 0.37500000 2.68750000 1.87500000
v 0.62500000 2.68750000 1.87500000
v 0.37500000 2.50000000 -0.87500000
v 0.37500000 2.68750000 -0.87500000
v 0.37500000 2.68750000 -0.50000000
v 0.62500000 2.50000000 -0.87500000
v 0.62500000 2.68750000 -0.87500000
v 0.37500000 2.68750000 -0.87500000
v 0.37500000 2.50000000 -0.50000000
v 0.37500000 2.68750000 -0.50000000
v 0.37500000 2.68750000 1.50000000
v 0.62500000 2.50000000 1.87500000
v 0.62500000 2.68750000 1.87500000
v 0.62500000 2.68750000 1.50000000
vt 0.39166700 0.29631394
vt 0.12366237 0.29631394
vt 0.02500000 0.23076900
vt 0.39166700 0.23076900
vt 0.02500000 0.29631394
vt 0.01281774 0.29631394
vt 0.00833300 0.23076900
vt 0.02500000 0.23076900
vt 0.77500000 0.29631394
vt 0.50699537 0.29631394
vt 0.40833300 0.23076900
vt 0.77500000 0.23076900
vt 0.40833300 0.29631394
vt 0.39615147 0.29631394
vt 0.39166700 0.23076900
vt 0.40833300 0.23076900
vt 0.02500000 0.21794900
vt 0.39166700 0.23076900
vt 0.02500000 0.23076900
vt 0.65833300 0.84615400
vt 0.70000000 0.85256400
vt 0.66666700 0.85256400
vt 0.70833300 0.85256400
vt 0.70000000 0.86538500
vt 0.70000000 0.85256400
vt 0.70833300 0.87179500
vt 0.66666700 0.86538500
vt 0.70000000 0.86538500
vt 0.65833300 0.86538500
vt 0.66666700 0.85256400
vt 0.66666700 0.86538500
vt 0.70000000 0.86538500
vt 0.66666700 0.85256400
vt 0.70000000 0.85256400
vt 0.71666700 0.84615400
vt 0.75833300 0.85256400
vt 0.72500000 0.85256400
vt 0.76666700 0.85256400
vt 0.75833300 0.86538500
vt 0.75833300 0.85256400
vt 0.76666700 0.87179500
vt 0.72500000 0.86538500
vt 0.75833300 0.86538500
vt 0.71666700 0.86538500
vt 0.72500000 0.85256400
vt 0.72500000 0.86538500
vt 0.75833300 0.86538500
vt 0.72500000 0.85256400
vt 0.75833300 0.85256400
vt 0.77500000 0.84615400
vt 0.81666700 0.85256400
vt 0.78333300 0.85256400
vt 0.82500000 0.85256400
vt 0.81666700 0.86538500
vt 0.81666700 0.85256400
vt 0.82500000 0.87179500
vt 0.78333300 0.86538500
vt 0.81666700 0.86538500
vt 0.77500000 0.86538500
vt 0.78333300 0.85256400
vt 0.78333300 0.86538500
vt 0.81666700 0.86538500
vt 0.78333300 0.85256400
vt 0.81666700 0.85256400
vt 0.83333300 0.84615400
vt 0.87500000 0.85256400
vt 0.84166700 0.85256400
vt 0.88333300 0.85256400
vt 0.87500000 0.86538500
vt 0.87500000 0.85256400
vt 0.88333300 0.87179500
vt 0.84166700 0.86538500
vt 0.87500000 0.86538500
vt 0.83333300 0.86538500
vt 0.84166700 0.85256400
vt 0.84166700 0.86538500
vt 0.87500000 0.86538500
vt 0.84166700 0.85256400
vt 0.87500000 0.85256400
vt 0.60000000 0.84615400
vt 0.64166700 0.85256400
vt 0.60833300 0.85256400
vt 0.65000000 0.85256400
vt 0.64166700 0.86538500
vt 0.64166700 0.85256400
vt 0.65000000 0.87179500
vt 0.60833300 0.86538500
vt 0.64166700 0.86538500
vt 0.60000000 0.86538500
vt 0.60833300 0.85256400
vt 0.60833300 0.86538500
vt 0.64166700 0.86538500
vt 0.60833300 0.85256400
vt 0.64166700 0.85256400
vt 0.90000000 0.09615400
vt 0.80000000 0.05769200
vt 0.90000000 0.05769200
vt 0.80000000 0.09615400
vt 0.79166700 0.05769200
vt 0.80000000 0.05769200
vt 0.90833300 0.09615400
vt 0.90000000 0.05769200
vt 0.90833300 0.05769200
vt 0.80000000 0.05128200
vt 0.90000000 0.05769200
vt 0.80000000 0.05769200
vt 0.80000000 0.09615400
vt 0.90000000 0.10256400
vt 0.80000000 0.10256400
vt 0.57500000 0.01282100
vt 0.69754074 0.01778198
vt 0.69958219 0.01923100
vt 0.57500000 0.01923100
vt 0.69958219 0.02427462
vt 0.57500000 0.01923100
vt 0.69958219 0.01923100
vt 0.69055135 0.01108874
vt 0.57500000 0.00641000
vt 0.69055135 0.00641000
vt 0.57500000 0.04487200
vt 0.69285978 0.04010053
vt 0.69055135 0.03846200
vt 0.57500000 0.03846200
vt 0.69958219 0.04487200
vt 0.57500000 0.04487200
vt 0.69958219 0.04991562
vt 0.69055135 0.03205100
vt 0.57500000 0.03205100
vt 0.69055135 0.03672974
vt 0.72500000 0.76282000
vt 0.71859401 0.82195533
vt 0.71666700 0.82195533
vt 0.71666700 0.76282000
vt 0.74166700 0.76282000
vt 0.73526024 0.82195533
vt 0.73333300 0.82195533
vt 0.73333300 0.76282000
vt 0.73333300 0.76282000
vt 0.72692701 0.82195533
vt 0.72500000 0.82195533
vt 0.72500000 0.76282000
vt 0.75833300 0.76282000
vt 0.75192701 0.82195533
vt 0.75000000 0.82195533
vt 0.75000000 0.76282000
vt 0.77500000 0.76282000
vt 0.76859401 0.82195533
vt 0.76666700 0.82195533
vt 0.76666700 0.76282000
vt 0.76666700 0.76282000
vt 0.76026024 0.82195533
vt 0.75833300 0.82195533
vt 0.75833300 0.76282000
vt 0.84166700 0.82195556
vt 0.83973976 0.82195556
vt 0.83333300 0.76282100
vt 0.84166700 0.76282100
vt 0.82500000 0.82195556
vt 0.82307299 0.82195556
vt 0.81666700 0.76282100
vt 0.82500000 0.76282100
vt 0.83333300 0.82195556
vt 0.83140599 0.82195556
vt 0.82500000 0.76282100
vt 0.83333300 0.76282100
vt 0.80833300 0.82195533
vt 0.80640599 0.82195533
vt 0.80000000 0.76282000
vt 0.80833300 0.76282000
vt 0.79166700 0.82195533
vt 0.78973976 0.82195533
vt 0.78333300 0.76282000
vt 0.79166700 0.76282000
vt 0.80000000 0.82195533
vt 0.79807299 0.82195533
vt 0.79166700 0.76282000
vt 0.80000000 0.76282000
vt 0.57500000 0.11538500
vt 0.94166700 0.12179500
vt 0.57500000 0.12179500
vt 0.94166700 0.11538500
vt 0.95000000 0.12179500
vt 0.94166700 0.12179500
vt 0.56666700 0.11538500
vt 0.57500000 0.12179500
vt 0.56666700 0.12179500
vt 0.94166700 0.12820500
vt 0.57500000 0.12179500
vt 0.94166700 0.12179500
vt 0.94166700 0.11538500
vt 0.57500000 0.10897400
vt 0.94166700 0.10897400
vt 0.34166700 0.10256400
vt 0.24166700 0.06410300
vt 0.34166700 0.06410300
vt 0.24166700 0.10256400
vt 0.23333300 0.06410300
vt 0.24166700 0.06410300
vt 0.35000000 0.10256400
vt 0.34166700 0.06410300
vt 0.35000000 0.06410300
vt 0.24166700 0.05769200
vt 0.34166700 0.06410300
vt 0.24166700 0.06410300
vt 0.24166700 0.10256400
vt 0.34166700 0.10897400
vt 0.24166700 0.10897400
vt 0.01666700 0.01923100
vt 0.13920774 0.02419198
vt 0.14124919 0.02564100
vt 0.01666700 0.02564100
vt 0.14124919 0.03068462
vt 0.01666700 0.02564100
vt 0.14124919 0.02564100
vt 0.13221835 0.01749901
vt 0.01666700 0.01282100
vt 0.13221835 0.01282100
vt 0.01666700 0.05128200
vt 0.13452678 0.04651053
vt 0.13221835 0.04487200
vt 0.01666700 0.04487200
vt 0.14124919 0.05128200
vt 0.01666700 0.05128200
vt 0.14124919 0.05632562
vt 0.13221835 0.03846200
vt 0.01666700 0.03846200
vt 0.13221835 0.04314001
vt 0.43333300 0.01282100
vt 0.42692701 0.07195556
vt 0.42500000 0.07195556
vt 0.42500000 0.01282100
vt 0.45000000 0.01282100
vt 0.44359401 0.07195556
vt 0.44166700 0.07195556
vt 0.44166700 0.01282100
vt 0.44166700 0.01282100
vt 0.43526024 0.07195556
vt 0.43333300 0.07195556
vt 0.43333300 0.01282100
vt 0.46666700 0.01282100
vt 0.46026024 0.07195556
vt 0.45833300 0.07195556
vt 0.45833300 0.01282100
vt 0.48333300 0.01282100
vt 0.47692701 0.07195556
vt 0.47500000 0.07195556
vt 0.47500000 0.01282100
vt 0.47500000 0.01282100
vt 0.46859401 0.07195556
vt 0.46666700 0.07195556
vt 0.46666700 0.01282100
vt 0.55833300 0.20657056
vt 0.55640599 0.20657056
vt 0.55000000 0.14743600
vt 0.55833300 0.14743600
vt 0.54166700 0.20657056
vt 0.53973976 0.20657056
vt 0.53333300 0.14743600
vt 0.54166700 0.14743600
vt 0.55000000 0.20657056
vt 0.54807299 0.20657056
vt 0.54166700 0.14743600
vt 0.55000000 0.14743600
vt 0.51666700 0.07195556
vt 0.51473976 0.07195556
vt 0.50833300 0.01282100
vt 0.51666700 0.01282100
vt 0.50000000 0.07195556
vt 0.49807299 0.07195556
vt 0.49166700 0.01282100
vt 0.50000000 0.01282100
vt 0.50833300 0.07195556
vt 0.50640599 0.07195556
vt 0.50000000 0.01282100
vt 0.50833300 0.01282100
vt 0.01666700 0.12179500
vt 0.38333300 0.12820500
vt 0.01666700 0.12820500
vt 0.38333300 0.12179500
vt 0.39166700 0.12820500
vt 0.38333300 0.12820500
vt 0.00833300 0.12179500
vt 0.01666700 0.12820500
vt 0.00833300 0.12820500
vt 0.38333300 0.13461500
vt 0.01666700 0.12820500
vt 0.38333300 0.12820500
vt 0.38333300 0.12179500
vt 0.01666700 0.11538500
vt 0.38333300 0.11538500
vt 0.12366237 0.29631394
vt 0.02500000 0.29631394
vt 0.02500000 0.23076900
vt 0.01281774 0.29631394
vt 0.00833300 0.29631394
vt 0.00833300 0.23076900
vt 0.50699537 0.29631394
vt 0.40833300 0.29631394
vt 0.40833300 0.23076900
vt 0.39615147 0.29631394
vt 0.39166700 0.29631394
vt 0.39166700 0.23076900
vt 0.02500000 0.21794900
vt 0.39166700 0.21794900
vt 0.39166700 0.23076900
vt 0.65833300 0.84615400
vt 0.70833300 0.84615400
vt 0.70000000 0.85256400
vt 0.70833300 0.85256400
vt 0.70833300 0.86538500
vt 0.70000000 0.86538500
vt 0.70833300 0.87179500
vt 0.65833300 0.87179500
vt 0.66666700 0.86538500
vt 0.65833300 0.86538500
vt 0.65833300 0.85256400
vt 0.66666700 0.85256400
vt 0.70000000 0.86538500
vt 0.66666700 0.86538500
vt 0.66666700 0.85256400
vt 0.71666700 0.84615400
vt 0.76666700 0.84615400
vt 0.75833300 0.85256400
vt 0.76666700 0.85256400
vt 0.76666700 0.86538500
vt 0.75833300 0.86538500
vt 0.76666700 0.87179500
vt 0.71666700 0.87179500
vt 0.72500000 0.86538500
vt 0.71666700 0.86538500
vt 0.71666700 0.85256400
vt 0.72500000 0.85256400
vt 0.75833300 0.86538500
vt 0.72500000 0.86538500
vt 0.72500000 0.85256400
vt 0.77500000 0.84615400
vt 0.82500000 0.84615400
vt 0.81666700 0.85256400
vt 0.82500000 0.85256400
vt 0.82500000 0.86538500
vt 0.81666700 0.86538500
vt 0.82500000 0.87179500
vt 0.77500000 0.87179500
vt 0.78333300 0.86538500
vt 0.77500000 0.86538500
vt 0.77500000 0.85256400
vt 0.78333300 0.85256400
vt 0.81666700 0.86538500
vt 0.78333300 0.86538500
vt 0.78333300 0.85256400
vt 0.83333300 0.84615400
vt 0.88333300 0.84615400
vt 0.87500000 0.85256400
vt 0.88333300 0.85256400
vt 0.88333300 0.86538500
vt 0.87500000 0.86538500
vt 0.88333300 0.87179500
vt 0.83333300 0.87179500
vt 0.84166700 0.86538500
vt 0.83333300 0.86538500
vt 0.83333300 0.85256400
vt 0.84166700 0.85256400
vt 0.87500000 0.86538500
vt 0.84166700 0.86538500
vt 0.84166700 0.85256400
vt 0.60000000 0.84615400
vt 0.65000000 0.84615400
vt 0.64166700 0.85256400
vt 0.65000000 0.85256400
vt 0.65000000 0.86538500
vt 0.64166700 0.86538500
vt 0.65000000 0.87179500
vt 0.60000000 0.87179500
vt 0.60833300 0.86538500
vt 0.60000000 0.86538500
vt 0.60000000 0.85256400
vt 0.60833300 0.85256400
vt 0.64166700 0.86538500
vt 0.60833300 0.86538500
vt 0.60833300 0.85256400
vt 0.90000000 0.09615400
vt 0.80000000 0.09615400
vt 0.80000000 0.05769200
vt 0.80000000 0.09615400
vt 0.79166700 0.09615400
vt 0.79166700 0.05769200
vt 0.90833300 0.09615400
vt 0.90000000 0.09615400
vt 0.90000000 0.05769200
vt 0.80000000 0.05128200
vt 0.90000000 0.05128200
vt 0.90000000 0.05769200
vt 0.80000000 0.09615400
vt 0.90000000 0.09615400
vt 0.90000000 0.10256400
vt 0.69754074 0.01778198
vt 0.57500000 0.01282100
vt 0.69055135 0.01282100
vt 0.69958219 0.02427462
vt 0.69958219 0.02564100
vt 0.57500000 0.02564100
vt 0.57500000 0.01923100
vt 0.69055135 0.01108874
vt 0.69055135 0.01282100
vt 0.57500000 0.01282100
vt 0.57500000 0.00641000
vt 0.69285978 0.04010053
vt 0.57500000 0.04487200
vt 0.69958219 0.04487200
vt 0.69958219 0.04991562
vt 0.57500000 0.04487200
vt 0.57500000 0.05128200
vt 0.69958219 0.05128200
vt 0.69055135 0.03672974
vt 0.57500000 0.03205100
vt 0.57500000 0.03846200
vt 0.69055135 0.03846200
vt 0.71859401 0.82195533
vt 0.72500000 0.76282000
vt 0.72500000 0.82195533
vt 0.73526024 0.82195533
vt 0.74166700 0.76282000
vt 0.74166700 0.82195533
vt 0.72692701 0.82195533
vt 0.73333300 0.76282000
vt 0.73333300 0.82195533
vt 0.75192701 0.82195533
vt 0.75833300 0.76282000
vt 0.75833300 0.82195533
vt 0.76859401 0.82195533
vt 0.77500000 0.76282000
vt 0.77500000 0.82195533
vt 0.76026024 0.82195533
vt 0.76666700 0.76282000
vt 0.76666700 0.82195533
vt 0.83973976 0.82195556
vt 0.83333300 0.82195556
vt 0.83333300 0.76282100
vt 0.82307299 0.82195556
vt 0.81666700 0.82195556
vt 0.81666700 0.76282100
vt 0.83140599 0.82195556
vt 0.82500000 0.82195556
vt 0.82500000 0.76282100
vt 0.80640599 0.82195533
vt 0.80000000 0.82195533
vt 0.80000000 0.76282000
vt 0.78973976 0.82195533
vt 0.78333300 0.82195533
vt 0.78333300 0.76282000
vt 0.79807299 0.82195533
vt 0.79166700 0.82195533
vt 0.79166700 0.76282000
vt 0.57500000 0.11538500
vt 0.94166700 0.11538500
vt 0.94166700 0.12179500
vt 0.94166700 0.11538500
vt 0.95000000 0.11538500
vt 0.95000000 0.12179500
vt 0.56666700 0.11538500
vt 0.57500000 0.11538500
vt 0.57500000 0.12179500
vt 0.94166700 0.12820500
vt 0.57500000 0.12820500
vt 0.57500000 0.12179500
vt 0.94166700 0.11538500
vt 0.57500000 0.11538500
vt 0.57500000 0.10897400
vt 0.34166700 0.10256400
vt 0.24166700 0.10256400
vt 0.24166700 0.06410300
vt 0.24166700 0.10256400
vt 0.23333300 0.10256400
vt 0.23333300 0.06410300
vt 0.35000000 0.10256400
vt 0.34166700 0.10256400
vt 0.34166700 0.06410300
vt 0.24166700 0.05769200
vt 0.34166700 0.05769200
vt 0.34166700 0.06410300
vt 0.24166700 0.10256400
vt 0.34166700 0.10256400
vt 0.34166700 0.10897400
vt 0.13920774 0.02419198
vt 0.01666700 0.01923100
vt 0.13221835 0.01923100
vt 0.14124919 0.03068462
vt 0.14124919 0.03205100
vt 0.01666700 0.03205100
vt 0.01666700 0.02564100
vt 0.13221835 0.01749901
vt 0.13221835 0.01923100
vt 0.01666700 0.01923100
vt 0.01666700 0.01282100
vt 0.13452678 0.04651053
vt 0.01666700 0.05128200
vt 0.14124919 0.05128200
vt 0.14124919 0.05632562
vt 0.01666700 0.05128200
vt 0.01666700 0.05769200
vt 0.14124919 0.05769200
vt 0.13221835 0.04314001
vt 0.01666700 0.03846200
vt 0.01666700 0.04487200
vt 0.13221835 0.04487200
vt 0.42692701 0.07195556
vt 0.43333300 0.01282100
vt 0.43333300 0.07195556
vt 0.44359401 0.07195556
vt 0.45000000 0.01282100
vt 0.45000000 0.07195556
vt 0.43526024 0.07195556
vt 0.44166700 0.01282100
vt 0.44166700 0.07195556
vt 0.46026024 0.07195556
vt 0.46666700 0.01282100
vt 0.46666700 0.07195556
vt 0.47692701 0.07195556
vt 0.48333300 0.01282100
vt 0.48333300 0.07195556
vt 0.46859401 0.07195556
vt 0.47500000 0.01282100
vt 0.47500000 0.07195556
vt 0.55640599 0.20657056
vt 0.55000000 0.20657056
vt 0.55000000 0.14743600
vt 0.53973976 0.20657056
vt 0.53333300 0.20657056
vt 0.53333300 0.14743600
vt 0.54807299 0.20657056
vt 0.54166700 0.20657056
vt 0.54166700 0.14743600
vt 0.51473976 0.07195556
vt 0.50833300 0.07195556
vt 0.50833300 0.01282100
vt 0.49807299 0.07195556
vt 0.49166700 0.07195556
vt 0.49166700 0.01282100
vt 0.50640599 0.07195556
vt 0.50000000 0.07195556
vt 0.50000000 0.01282100
vt 0.01666700 0.12179500
vt 0.38333300 0.12179500
vt 0.38333300 0.12820500
vt 0.38333300 0.12179500
vt 0.39166700 0.12179500
vt 0.39166700 0.12820500
vt 0.00833300 0.12179500
vt 0.01666700 0.12179500
vt 0.01666700 0.12820500
vt 0.38333300 0.13461500
vt 0.01666700 0.13461500
vt 0.01666700 0.12820500
vt 0.38333300 0.12179500
vt 0.01666700 0.12179500
vt 0.01666700 0.11538500
vt 0.44166700 0.64743600
vt 0.10833300 0.63461500
vt 0.44166700 0.63461500
vt 0.10833300 0.64743600
vt 0.07500000 0.86538500
vt 0.07500000 0.64743600
vt 0.90833300 0.64743600
vt 0.57500000 0.63461500
vt 0.90833300 0.63461500
vt 0.44166700 0.63461500
vt 0.47500000 0.64743600
vt 0.44166700 0.64743600
vt 0.10833300 0.58333300
vt 0.44166700 0.63461500
vt 0.10833300 0.63461500
vt 0.35833300 0.57051300
vt 0.02500000 0.55769200
vt 0.35833300 0.55769200
vt 0.54166700 0.64743600
vt 0.47500000 0.63461500
vt 0.54166700 0.63461500
vt 0.44166700 0.58333300
vt 0.47500000 0.63461500
vt 0.44166700 0.63461500
vt 0.99166700 0.23717900
vt 0.97500000 0.45512800
vt 0.97500000 0.23717900
vt 0.57500000 0.64743600
vt 0.54166700 0.63461500
vt 0.57500000 0.63461500
vt 0.07500000 0.64743600
vt 0.00833300 0.63461500
vt 0.07500000 0.63461500
vt 0.10833300 0.64743600
vt 0.07500000 0.63461500
vt 0.10833300 0.63461500
vt 0.90833300 0.63461500
vt 0.94166700 0.64743600
vt 0.90833300 0.64743600
vt 0.10833300 0.63461500
vt 0.07500000 0.58333300
vt 0.10833300 0.58333300
vt 0.57500000 0.86538500
vt 0.54166700 0.94230800
vt 0.54166700 0.86538500
vt 0.94166700 0.86538500
vt 0.90833300 0.94230800
vt 0.90833300 0.86538500
vt 0.57500000 0.64743600
vt 0.54166700 0.86538500
vt 0.54166700 0.64743600
vt 0.47500000 0.64743600
vt 0.44166700 0.86538500
vt 0.44166700 0.64743600
vt 0.54166700 0.64743600
vt 0.47500000 0.86538500
vt 0.47500000 0.64743600
vt 0.94166700 0.64743600
vt 0.90833300 0.86538500
vt 0.90833300 0.64743600
vt 0.07500000 0.64743600
vt 0.00833300 0.86538500
vt 0.00833300 0.64743600
vt 0.88333300 0.23717900
vt 0.86666700 0.45512800
vt 0.86666700 0.23717900
vt 0.10833300 0.99359000
vt 0.07500000 0.94230800
vt 0.10833300 0.94230800
vt 0.44166700 0.94230800
vt 0.47500000 0.99359000
vt 0.44166700 0.99359000
vt 0.54166700 0.86538500
vt 0.47500000 0.94230800
vt 0.47500000 0.86538500
vt 0.87500000 0.89102600
vt 0.90833300 0.94230800
vt 0.87500000 0.94230800
vt 0.10833300 0.86538500
vt 0.07500000 0.94230800
vt 0.07500000 0.86538500
vt 0.07500000 0.86538500
vt 0.00833300 0.94230800
vt 0.00833300 0.86538500
vt 0.47500000 0.86538500
vt 0.44166700 0.94230800
vt 0.44166700 0.86538500
vt 0.14166700 0.99359000
vt 0.10833300 0.94230800
vt 0.14166700 0.94230800
vt 0.14166700 0.89102600
vt 0.10833300 0.94230800
vt 0.10833300 0.86538500
vt 0.89166700 0.48717900
vt 0.90833300 0.45512800
vt 0.90833300 0.48717900
vt 0.88333300 0.45512800
vt 0.86666700 0.48717900
vt 0.86666700 0.45512800
vt 0.44166700 0.94230800
vt 0.40833300 0.89102600
vt 0.44166700 0.86538500
vt 0.44166700 0.99359000
vt 0.40833300 0.94230800
vt 0.44166700 0.94230800
vt 0.57500000 0.94230800
vt 0.60833300 0.89102600
vt 0.60833300 0.94230800
vt 0.53333300 0.52564100
vt 0.80000000 0.53846200
vt 0.53333300 0.53846200
vt 0.40833300 0.94230800
vt 0.14166700 0.89102600
vt 0.40833300 0.89102600
vt 0.40833300 0.99359000
vt 0.14166700 0.94230800
vt 0.40833300 0.94230800
vt 0.60833300 0.89102600
vt 0.87500000 0.94230800
vt 0.60833300 0.94230800
vt 0.53333300 0.58974400
vt 0.80000000 0.60256400
vt 0.53333300 0.60256400
vt 0.53333300 0.58974400
vt 0.80000000 0.57692300
vt 0.80000000 0.58974400
vt 0.80000000 0.45512800
vt 0.78333300 0.48717900
vt 0.78333300 0.45512800
vt 0.97500000 0.48717900
vt 0.99166700 0.45512800
vt 0.99166700 0.48717900
vt 0.80000000 0.23717900
vt 0.78333300 0.45512800
vt 0.78333300 0.23717900
vt 0.90833300 0.23717900
vt 0.89166700 0.45512800
vt 0.89166700 0.23717900
vt 0.35833300 0.51923100
vt 0.02500000 0.50641000
vt 0.35833300 0.50641000
vt 0.35833300 0.55128200
vt 0.02500000 0.52564100
vt 0.35833300 0.52564100
vt 0.02500000 0.55769200
vt 0.35833300 0.55128200
vt 0.35833300 0.55769200
vt 0.35833300 0.51923100
vt 0.02500000 0.52564100
vt 0.02500000 0.51923100
vt 0.95833300 0.23717900
vt 0.92500000 0.45512800
vt 0.92500000 0.23717900
vt 0.97500000 0.45512800
vt 0.95833300 0.23717900
vt 0.97500000 0.23717900
vt 0.90833300 0.23717900
vt 0.92500000 0.45512800
vt 0.90833300 0.45512800
vt 0.85000000 0.23717900
vt 0.81666700 0.45512800
vt 0.81666700 0.23717900
vt 0.80000000 0.23717900
vt 0.81666700 0.23076900
vt 0.81666700 0.23717900
vt 0.86666700 0.45512800
vt 0.85000000 0.23717900
vt 0.86666700 0.23717900
vt 0.80000000 0.23717900
vt 0.81666700 0.45512800
vt 0.80000000 0.45512800
vt 0.35833300 0.52564100
vt 0.37500000 0.55128200
vt 0.35833300 0.55128200
vt 0.02500000 0.55128200
vt 0.00833300 0.52564100
vt 0.02500000 0.52564100
vt 0.95833300 0.23717900
vt 0.97500000 0.23076900
vt 0.97500000 0.23717900
vt 0.92500000 0.23717900
vt 0.95833300 0.23076900
vt 0.95833300 0.23717900
vt 0.90833300 0.23717900
vt 0.92500000 0.23076900
vt 0.92500000 0.23717900
vt 0.85000000 0.23717900
vt 0.86666700 0.23076900
vt 0.86666700 0.23717900
vt 0.81666700 0.23717900
vt 0.85000000 0.23076900
vt 0.85000000 0.23717900
vt 0.43333300 0.55128200
vt 0.46666700 0.57692300
vt 0.43333300 0.57692300
vt 0.50000000 0.61538500
vt 0.48333300 0.58974400
vt 0.53333300 0.58974400
vt 0.50000000 0.51282100
vt 0.48333300 0.53846200
vt 0.48333300 0.51282100
vt 0.53333300 0.53846200
vt 0.48333300 0.55128200
vt 0.48333300 0.53846200
vt 0.86666700 0.55128200
vt 0.90000000 0.57692300
vt 0.86666700 0.57692300
vt 0.83333300 0.61538500
vt 0.85000000 0.58974400
vt 0.85000000 0.61538500
vt 0.83333300 0.51282100
vt 0.85000000 0.53846200
vt 0.80000000 0.53846200
vt 0.80000000 0.58974400
vt 0.85000000 0.57692300
vt 0.85000000 0.58974400
vt 0.53333300 0.55128200
vt 0.80000000 0.57692300
vt 0.53333300 0.57692300
vt 0.53333300 0.57692300
vt 0.48333300 0.55128200
vt 0.53333300 0.55128200
vt 0.80000000 0.55128200
vt 0.85000000 0.57692300
vt 0.80000000 0.57692300
vt 0.46666700 0.55128200
vt 0.48333300 0.57692300
vt 0.46666700 0.57692300
vt 0.85000000 0.53846200
vt 0.80000000 0.55128200
vt 0.80000000 0.53846200
vt 0.86666700 0.57692300
vt 0.85000000 0.55128200
vt 0.86666700 0.55128200
vt 0.80000000 0.53846200
vt 0.53333300 0.55128200
vt 0.53333300 0.53846200
vt 0.48333300 0.58974400
vt 0.53333300 0.57692300
vt 0.53333300 0.58974400
vt 0.44166700 0.64743600
vt 0.10833300 0.64743600
vt 0.10833300 0.63461500
vt 0.10833300 0.64743600
vt 0.10833300 0.86538500
vt 0.07500000 0.86538500
vt 0.90833300 0.64743600
vt 0.57500000 0.64743600
vt 0.57500000 0.63461500
vt 0.44166700 0.63461500
vt 0.47500000 0.63461500
vt 0.47500000 0.64743600
vt 0.10833300 0.58333300
vt 0.44166700 0.58333300
vt 0.44166700 0.63461500
vt 0.35833300 0.57051300
vt 0.02500000 0.57051300
vt 0.02500000 0.55769200
vt 0.54166700 0.64743600
vt 0.47500000 0.64743600
vt 0.47500000 0.63461500
vt 0.44166700 0.58333300
vt 0.47500000 0.58333300
vt 0.47500000 0.63461500
vt 0.99166700 0.23717900
vt 0.99166700 0.45512800
vt 0.97500000 0.45512800
vt 0.57500000 0.64743600
vt 0.54166700 0.64743600
vt 0.54166700 0.63461500
vt 0.07500000 0.64743600
vt 0.00833300 0.64743600
vt 0.00833300 0.63461500
vt 0.10833300 0.64743600
vt 0.07500000 0.64743600
vt 0.07500000 0.63461500
vt 0.90833300 0.63461500
vt 0.94166700 0.63461500
vt 0.94166700 0.64743600
vt 0.10833300 0.63461500
vt 0.07500000 0.63461500
vt 0.07500000 0.58333300
vt 0.57500000 0.86538500
vt 0.57500000 0.94230800
vt 0.54166700 0.94230800
vt 0.94166700 0.86538500
vt 0.94166700 0.94230800
vt 0.90833300 0.94230800
vt 0.57500000 0.64743600
vt 0.57500000 0.86538500
vt 0.54166700 0.86538500
vt 0.47500000 0.64743600
vt 0.47500000 0.86538500
vt 0.44166700 0.86538500
vt 0.54166700 0.64743600
vt 0.54166700 0.86538500
vt 0.47500000 0.86538500
vt 0.94166700 0.64743600
vt 0.94166700 0.86538500
vt 0.90833300 0.86538500
vt 0.07500000 0.64743600
vt 0.07500000 0.86538500
vt 0.00833300 0.86538500
vt 0.88333300 0.23717900
vt 0.88333300 0.45512800
vt 0.86666700 0.45512800
vt 0.10833300 0.99359000
vt 0.07500000 0.99359000
vt 0.07500000 0.94230800
vt 0.44166700 0.94230800
vt 0.47500000 0.94230800
vt 0.47500000 0.99359000
vt 0.54166700 0.86538500
vt 0.54166700 0.94230800
vt 0.47500000 0.94230800
vt 0.87500000 0.89102600
vt 0.90833300 0.86538500
vt 0.90833300 0.94230800
vt 0.10833300 0.86538500
vt 0.10833300 0.94230800
vt 0.07500000 0.94230800
vt 0.07500000 0.86538500
vt 0.07500000 0.94230800
vt 0.00833300 0.94230800
vt 0.47500000 0.86538500
vt 0.47500000 0.94230800
vt 0.44166700 0.94230800
vt 0.14166700 0.99359000
vt 0.10833300 0.99359000
vt 0.10833300 0.94230800
vt 0.14166700 0.89102600
vt 0.14166700 0.94230800
vt 0.10833300 0.94230800
vt 0.89166700 0.48717900
vt 0.89166700 0.45512800
vt 0.90833300 0.45512800
vt 0.88333300 0.45512800
vt 0.88333300 0.48717900
vt 0.86666700 0.48717900
vt 0.44166700 0.94230800
vt 0.40833300 0.94230800
vt 0.40833300 0.89102600
vt 0.44166700 0.99359000
vt 0.40833300 0.99359000
vt 0.40833300 0.94230800
vt 0.57500000 0.94230800
vt 0.57500000 0.86538500
vt 0.60833300 0.89102600
vt 0.53333300 0.52564100
vt 0.80000000 0.52564100
vt 0.80000000 0.53846200
vt 0.40833300 0.94230800
vt 0.14166700 0.94230800
vt 0.14166700 0.89102600
vt 0.40833300 0.99359000
vt 0.14166700 0.99359000
vt 0.14166700 0.94230800
vt 0.60833300 0.89102600
vt 0.87500000 0.89102600
vt 0.87500000 0.94230800
vt 0.53333300 0.58974400
vt 0.80000000 0.58974400
vt 0.80000000 0.60256400
vt 0.53333300 0.58974400
vt 0.53333300 0.57692300
vt 0.80000000 0.57692300
vt 0.80000000 0.45512800
vt 0.80000000 0.48717900
vt 0.78333300 0.48717900
vt 0.97500000 0.48717900
vt 0.97500000 0.45512800
vt 0.99166700 0.45512800
vt 0.80000000 0.23717900
vt 0.80000000 0.45512800
vt 0.78333300 0.45512800
vt 0.90833300 0.23717900
vt 0.90833300 0.45512800
vt 0.89166700 0.45512800
vt 0.35833300 0.51923100
vt 0.02500000 0.51923100
vt 0.02500000 0.50641000
vt 0.35833300 0.55128200
vt 0.02500000 0.55128200
vt 0.02500000 0.52564100
vt 0.02500000 0.55769200
vt 0.02500000 0.55128200
vt 0.35833300 0.55128200
vt 0.35833300 0.51923100
vt 0.35833300 0.52564100
vt 0.02500000 0.52564100
vt 0.95833300 0.23717900
vt 0.95833300 0.45512800
vt 0.92500000 0.45512800
vt 0.97500000 0.45512800
vt 0.95833300 0.45512800
vt 0.95833300 0.23717900
vt 0.90833300 0.23717900
vt 0.92500000 0.23717900
vt 0.92500000 0.45512800
vt 0.85000000 0.23717900
vt 0.85000000 0.45512800
vt 0.81666700 0.45512800
vt 0.80000000 0.23717900
vt 0.80000000 0.23076900
vt 0.81666700 0.23076900
vt 0.86666700 0.45512800
vt 0.85000000 0.45512800
vt 0.85000000 0.23717900
vt 0.80000000 0.23717900
vt 0.81666700 0.23717900
vt 0.81666700 0.45512800
vt 0.35833300 0.52564100
vt 0.37500000 0.52564100
vt 0.37500000 0.55128200
vt 0.02500000 0.55128200
vt 0.00833300 0.55128200
vt 0.00833300 0.52564100
vt 0.95833300 0.23717900
vt 0.95833300 0.23076900
vt 0.97500000 0.23076900
vt 0.92500000 0.23717900
vt 0.92500000 0.23076900
vt 0.95833300 0.23076900
vt 0.90833300 0.23717900
vt 0.90833300 0.23076900
vt 0.92500000 0.23076900
vt 0.85000000 0.23717900
vt 0.85000000 0.23076900
vt 0.86666700 0.23076900
vt 0.81666700 0.23717900
vt 0.81666700 0.23076900
vt 0.85000000 0.23076900
vt 0.43333300 0.55128200
vt 0.46666700 0.55128200
vt 0.46666700 0.57692300
vt 0.50000000 0.61538500
vt 0.48333300 0.61538500
vt 0.48333300 0.58974400
vt 0.50000000 0.51282100
vt 0.53333300 0.53846200
vt 0.48333300 0.53846200
vt 0.53333300 0.53846200
vt 0.53333300 0.55128200
vt 0.48333300 0.55128200
vt 0.86666700 0.55128200
vt 0.90000000 0.55128200
vt 0.90000000 0.57692300
vt 0.83333300 0.61538500
vt 0.80000000 0.58974400
vt 0.85000000 0.58974400
vt 0.83333300 0.51282100
vt 0.85000000 0.51282100
vt 0.85000000 0.53846200
vt 0.80000000 0.58974400
vt 0.80000000 0.57692300
vt 0.85000000 0.57692300
vt 0.53333300 0.55128200
vt 0.80000000 0.55128200
vt 0.80000000 0.57692300
vt 0.53333300 0.57692300
vt 0.48333300 0.57692300
vt 0.48333300 0.55128200
vt 0.80000000 0.55128200
vt 0.85000000 0.55128200
vt 0.85000000 0.57692300
vt 0.46666700 0.55128200
vt 0.48333300 0.55128200
vt 0.48333300 0.57692300
vt 0.85000000 0.53846200
vt 0.85000000 0.55128200
vt 0.80000000 0.55128200
vt 0.86666700 0.57692300
vt 0.85000000 0.57692300
vt 0.85000000 0.55128200
vt 0.80000000 0.53846200
vt 0.80000000 0.55128200
vt 0.53333300 0.55128200
vt 0.48333300 0.58974400
vt 0.48333300 0.57692300
vt 0.53333300 0.57692300
vn -1.00000000 0.00000000 0.00000000
vn -1.00000000 0.00000000 0.00000000
vn -1.00000000 0.00000000 0.00000000
vn -1.00000000 0.00000000 0.00000000
vn 0.00000000 0.00000000 -1.00000000
vn 0.00000000 0.00000000 -1.00000000
vn 0.00000000 0.00000000 -1.00000000
vn 0.00000000 0.00000000 -1.00000000
vn 1.00000000 0.00000000 0.00000000
vn 1.00000000 0.00000000 0.00000000
vn 1.00000000 0.00000000 0.00000000
vn 1.00000000 0.00000000 0.00000000
vn 0.00000000 0.00000000 1.00000000
vn 0.00000000 0.00000000 1.00000000
vn 0.00000000 0.00000000 1.00000000
vn 0.00000000 0.00000000 1.00000000
vn 0.00000000 -1.00000000 0.00000000
vn 0.00000000 -1.00000000 0.00000000
vn 0.00000000 -1.00000000 0.00000000
vn -1.00000000 0.00000000 0.00000000
vn -1.00000000 0.00000000 0.00000000
vn -1.00000000 0.00000000 0.00000000
vn 0.00000000 -0.70710000 -0.70710000
vn 0.00000000 -0.70710000 -0.70710000
vn 0.00000000 -0.70710000 -0.70710000
vn 1.00000000 0.00000000 0.00000000
vn 1.00000000 0.00000000 0.00000000
vn 1.00000000 0.00000000 0.00000000
vn 0.00000000 -0.70710000 0.70710000
vn 0.00000000 -0.70710000 0.70710000
vn 0.00000000 -0.70710000 0.70710000
vn 0.00000000 -1.00000000 0.00000000
vn 0.00000000 -1.00000000 0.00000000
vn 0.00000000 -1.00000000 0.00000000
vn -1.00000000 0.00000000 0.00000000
vn -1.00000000 0.00000000 0.00000000
vn -1.00000000 0.00000000 0.00000000
vn 0.00000000 -0.70710000 -0.70710000
vn 0.00000000 -0.70710000 -0.70710000
vn 0.00000000 -0.70710000 -0.70710000
vn 1.00000000 0.00000000 0.00000000
vn 1.00000000 0.00000000 0.00000000
vn 1.00000000 0.00000000 0.00000000
vn 0.00000000 -0.70710000 0.70710000
vn 0.00000000 -0.70710000 0.70710000
vn 0.00000000 -0.70710000 0.70710000
vn 0.00000000 -1.00000000 0.00000000
vn 0.00000000 -1.00000000 0.00000000
vn 0.00000000 -1.00000000 0.00000000
vn -1.00000000 0.00000000 0.00000000
vn -1.00000000 0.00000000 0.00000000
vn -1.00000000 0.00000000 0.00000000
vn 0.00000000 -0.70710000 -0.70710000
vn 0.00000000 -0.70710000 -0.70710000
vn 0.00000000 -0.70710000 -0.70710000
vn 1.00000000 0.00000000 0.00000000
vn 1.00000000 0.00000000 0.00000000
vn 1.00000000 0.00000000 0.00000000
vn 0.00000000 -0.70710000 0.70710000
vn 0.00000000 -0.70710000 0.70710000
vn 0.00000000 -0.70710000 0.70710000
vn 0.00000000 -1.00000000 0.00000000
vn 0.00000000 -1.00000000 0.00000000
vn 0.00000000 -1.00000000 0.00000000
vn -1.00000000 0.00000000 0.00000000
vn -1.00000000 0.00000000 0.00000000
vn -1.00000000 0.00000000 0.00000000
vn 0.00000000 -0.70710000 -0.70710000
vn 0.00000000 -0.70710000 -0.70710000
vn 0.00000000 -0.70710000 -0.70710000
vn 1.00000000 0.00000000 0.00000000
vn 1.00000000 0.00000000 0.00000000
vn 1.00000000 0.00000000 0.00000000
vn 0.00000000 -0.70710000 0.70710000
vn 0.00000000 -0.70710000 0.70710000
vn 0.00000000 -0.70710000 0.70710000
vn 0.00000000 -1.00000000 0.00000000
vn 0.00000000 -1.00000000 0.00000000
vn 0.00000000 -1.00000000 0.00000000
vn -1.00000000 0.00000000 0.00000000
vn -1.00000000 0.00000000 0.00000000
vn -1.00000000 0.00000000 0.00000000
vn 0.00000000 -0.70710000 -0.70710000
vn 0.00000000 -0.70710000 -0.70710000
vn 0.00000000 -0.70710000 -0.70710000
vn 1.00000000 0.00000000 0.00000000
vn 1.00000000 0.00000000 0.00000000
vn 1.00000000 0.00000000 0.00000000
vn 0.00000000 -0.70710000 0.70710000
vn 0.00000000 -0.70710000 0.70710000
vn 0.00000000 -0.70710000 0.70710000
vn 0.00000000 -1.00000000 0.00000000
vn 0.00000000 -1.00000000 0.00000000
vn 0.00000000 -1.00000000 0.00000000
vn 1.00000000 0.00000000 0.00000000
vn 1.00000000 0.00000000 0.00000000
vn 1.00000000 0.00000000 0.00000000
vn 0.00000000 0.00000000 1.00000000
vn 0.00000000 0.00000000 1.00000000
vn 0.00000000 0.00000000 1.00000000
vn 0.00000000 0.00000000 -1.00000000
vn 0.00000000 0.00000000 -1.00000000
vn 0.00000000 0.00000000 -1.00000000
vn 0.00000000 -1.00000000 0.00000000
vn 0.00000000 -1.00000000 0.00000000
vn 0.00000000 -1.00000000 0.00000000
vn 0.00000000 1.00000000 0.00000000
vn 0.00000000 1.00000000 0.00000000
vn 0.00000000 1.00000000 0.00000000
vn 1.00000000 0.00000000 0.00000000
vn 1.00000000 0.00000000 0.00000000
vn 1.00000000 0.00000000 0.00000000
vn 1.00000000 0.00000000 0.00000000
vn 0.00000000 -0.73488778 0.67818873
vn 0.00000000 -0.73490000 0.67820000
vn 0.00000000 -0.73488778 0.67818873
vn 0.00000000 0.73488778 -0.67818873
vn 0.00000000 0.73490000 -0.67820000
vn 0.00000000 0.73488778 -0.67818873
vn 1.00000000 0.00000000 0.00000000
vn 1.00000000 0.00000000 0.00000000
vn 1.00000000 0.00000000 0.00000000
vn 1.00000000 0.00000000 0.00000000
vn 0.00000000 -0.73488778 -0.67818873
vn 0.00000000 -0.73490000 -0.67820000
vn 0.00000000 -0.73488778 -0.67818873
vn 0.00000000 0.73488778 0.67818873
vn 0.00000000 0.73490000 0.67820000
vn 0.00000000 0.73488778 0.67818873
vn 0.00000000 0.00000000 1.00000000
vn 0.00000000 0.00000000 1.00000000
vn 0.00000000 0.00000000 1.00000000
vn 0.00000000 0.00000000 1.00000000
vn 0.00000000 0.00000000 -1.00000000
vn 0.00000000 0.00000000 -1.00000000
vn 0.00000000 0.00000000 -1.00000000
vn 0.00000000 0.00000000 -1.00000000
vn 1.00000000 0.00000000 0.00000000
vn 1.00000000 0.00000000 0.00000000
vn 1.00000000 0.00000000 0.00000000
vn 1.00000000 0.00000000 0.00000000
vn 0.00000000 0.00000000 1.00000000
vn 0.00000000 0.00000000 1.00000000
vn 0.00000000 0.00000000 1.00000000
vn 0.00000000 0.00000000 1.00000000
vn 0.00000000 0.00000000 -1.00000000
vn 0.00000000 0.00000000 -1.00000000
vn 0.00000000 0.00000000 -1.00000000
vn 0.00000000 0.00000000 -1.00000000
vn 1.00000000 0.00000000 0.00000000
vn 1.00000000 0.00000000 0.00000000
vn 1.00000000 0.00000000 0.00000000
vn 1.00000000 0.00000000 0.00000000
vn 0.00000000 0.00000000 -1.00000000
vn 0.00000000 0.00000000 -1.00000000
vn 0.00000000 0.00000000 -1.00000000
vn 0.00000000 0.00000000 -1.00000000
vn 0.00000000 0.00000000 1.00000000
vn 0.00000000 0.00000000 1.00000000
vn 0.00000000 0.00000000 1.00000000
vn 0.00000000 0.00000000 1.00000000
vn 1.00000000 0.00000000 0.00000000
vn 1.00000000 0.00000000 0.00000000
vn 1.00000000 0.00000000 0.00000000
vn 1.00000000 0.00000000 0.00000000
vn 0.00000000 0.00000000 -1.00000000
vn 0.00000000 0.00000000 -1.00000000
vn 0.00000000 0.00000000 -1.00000000
vn 0.00000000 0.00000000 -1.00000000
vn 0.00000000 0.00000000 1.00000000
vn 0.00000000 0.00000000 1.00000000
vn 0.00000000 0.00000000 1.00000000
vn 0.00000000 0.00000000 1.00000000
vn 1.00000000 0.00000000 0.00000000
vn 1.00000000 0.00000000 0.00000000
vn 1.00000000 0.00000000 0.00000000
vn 1.00000000 0.00000000 0.00000000
vn 1.00000000 0.00000000 0.00000000
vn 1.00000000 0.00000000 0.00000000
vn 1.00000000 0.00000000 0.00000000
vn 0.00000000 0.00000000 1.00000000
vn 0.00000000 0.00000000 1.00000000
vn 0.00000000 0.00000000 1.00000000
vn 0.00000000 0.00000000 -1.00000000
vn 0.00000000 0.00000000 -1.00000000
vn 0.00000000 0.00000000 -1.00000000
vn 0.00000000 -1.00000000 0.00000000
vn 0.00000000 -1.00000000 0.00000000
vn 0.00000000 -1.00000000 0.00000000
vn 0.00000000 1.00000000 0.00000000
vn 0.00000000 1.00000000 0.00000000
vn 0.00000000 1.00000000 0.00000000
vn -1.00000000 0.00000000 0.00000000
vn -1.00000000 0.00000000 0.00000000
vn -1.00000000 0.00000000 0.00000000
vn 0.00000000 0.00000000 -1.00000000
vn 0.00000000 0.00000000 -1.00000000
vn 0.00000000 0.00000000 -1.00000000
vn 0.00000000 0.00000000 1.00000000
vn 0.00000000 0.00000000 1.00000000
vn 0.00000000 0.00000000 1.00000000
vn 0.00000000 -1.00000000 0.00000000
vn 0.00000000 -1.00000000 0.00000000
vn 0.00000000 -1.00000000 0.00000000
vn 0.00000000 1.00000000 0.00000000
vn 0.00000000 1.00000000 0.00000000
vn 0.00000000 1.00000000 0.00000000
vn -1.00000000 0.00000000 0.00000000
vn -1.00000000 0.00000000 0.00000000
vn -1.00000000 0.00000000 0.00000000
vn -1.00000000 0.00000000 0.00000000
vn 0.00000000 -0.73488778 -0.67818873
vn 0.00000000 -0.73490000 -0.67820000
vn 0.00000000 -0.73488778 -0.67818873
vn 0.00000000 0.73488778 0.67818873
vn 0.00000000 0.73490000 0.67820000
vn 0.00000000 0.73488778 0.67818873
vn -1.00000000 0.00000000 0.00000000
vn -1.00000000 0.00000000 0.00000000
vn -1.00000000 0.00000000 0.00000000
vn -1.00000000 0.00000000 0.00000000
vn 0.00000000 -0.73488778 0.67818873
vn 0.00000000 -0.73490000 0.67820000
vn 0.00000000 -0.73488778 0.67818873
vn 0.00000000 0.73488778 -0.67818873
vn 0.00000000 0.73490000 -0.67820000
vn 0.00000000 0.73488778 -0.67818873
vn 0.00000000 0.00000000 -1.00000000
vn 0.00000000 0.00000000 -1.00000000
vn 0.00000000 0.00000000 -1.00000000
vn 0.00000000 0.00000000 -1.00000000
vn 0.00000000 0.00000000 1.00000000
vn 0.00000000 0.00000000 1.00000000
vn 0.00000000 0.00000000 1.00000000
vn 0.00000000 0.00000000 1.00000000
vn -1.00000000 0.00000000 0.00000000
vn -1.00000000 0.00000000 0.00000000
vn -1.00000000 0.00000000 0.00000000
vn -1.00000000 0.00000000 0.00000000
vn 0.00000000 0.00000000 -1.00000000
vn 0.00000000 0.00000000 -1.00000000
vn 0.00000000 0.00000000 -1.00000000
vn 0.00000000 0.00000000 -1.00000000
vn 0.00000000 0.00000000 1.00000000
vn 0.00000000 0.00000000 1.00000000
vn 0.00000000 0.00000000 1.00000000
vn 0.00000000 0.00000000 1.00000000
vn -1.00000000 0.00000000 0.00000000
vn -1.00000000 0.00000000 0.00000000
vn -1.00000000 0.00000000 0.00000000
vn -1.00000000 0.00000000 0.00000000
vn 0.00000000 0.00000000 1.00000000
vn 0.00000000 0.00000000 1.00000000
vn 0.00000000 0.00000000 1.00000000
vn 0.00000000 0.00000000 1.00000000
vn 0.00000000 0.00000000 -1.00000000
vn 0.00000000 0.00000000 -1.00000000
vn 0.00000000 0.00000000 -1.00000000
vn 0.00000000 0.00000000 -1.00000000
vn -1.00000000 0.00000000 0.00000000
vn -1.00000000 0.00000000 0.00000000
vn -1.00000000 0.00000000 0.00000000
vn -1.00000000 0.00000000 0.00000000
vn 0.00000000 0.00000000 1.00000000
vn 0.00000000 0.00000000 1.00000000
vn 0.00000000 0.00000000 1.00000000
vn 0.00000000 0.00000000 1.00000000
vn 0.00000000 0.00000000 -1.00000000
vn 0.00000000 0.00000000 -1.00000000
vn 0.00000000 0.00000000 -1.00000000
vn 0.00000000 0.00000000 -1.00000000
vn -1.00000000 0.00000000 0.00000000
vn -1.00000000 0.00000000 0.00000000
vn -1.00000000 0.00000000 0.00000000
vn -1.00000000 0.00000000 0.00000000
vn -1.00000000 0.00000000 0.00000000
vn -1.00000000 0.00000000 0.00000000
vn -1.00000000 0.00000000 0.00000000
vn 0.00000000 0.00000000 -1.00000000
vn 0.00000000 0.00000000 -1.00000000
vn 0.00000000 0.00000000 -1.00000000
vn 0.00000000 0.00000000 1.00000000
vn 0.00000000 0.00000000 1.00000000
vn 0.00000000 0.00000000 1.00000000
vn 0.00000000 -1.00000000 0.00000000
vn 0.00000000 -1.00000000 0.00000000
vn 0.00000000 -1.00000000 0.00000000
vn 0.00000000 1.00000000 0.00000000
vn 0.00000000 1.00000000 0.00000000
vn 0.00000000 1.00000000 0.00000000
vn -1.00000000 0.00000000 0.00000000
vn -1.00000000 0.00000000 0.00000000
vn -1.00000000 0.00000000 0.00000000
vn 0.00000000 0.00000000 -1.00000000
vn 0.00000000 0.00000000 -1.00000000
vn 0.00000000 0.00000000 -1.00000000
vn 1.00000000 0.00000000 0.00000000
vn 1.00000000 0.00000000 0.00000000
vn 1.00000000 0.00000000 0.00000000
vn 0.00000000 0.00000000 1.00000000
vn 0.00000000 0.00000000 1.00000000
vn 0.00000000 0.00000000 1.00000000
vn 0.00000000 -1.00000000 0.00000000
vn 0.00000000 -1.00000000 0.00000000
vn 0.00000000 -1.00000000 0.00000000
vn -1.00000000 0.00000000 0.00000000
vn -1.00000000 0.00000000 0.00000000
vn -1.00000000 0.00000000 0.00000000
vn 0.00000000 -0.70710000 -0.70710000
vn 0.00000000 -0.70710000 -0.70710000
vn 0.00000000 -0.70710000 -0.70710000
vn 1.00000000 0.00000000 0.00000000
vn 1.00000000 0.00000000 0.00000000
vn 1.00000000 0.00000000 0.00000000
vn 0.00000000 -0.70710000 0.70710000
vn 0.00000000 -0.70710000 0.70710000
vn 0.00000000 -0.70710000 0.70710000
vn 0.00000000 -1.00000000 0.00000000
vn 0.00000000 -1.00000000 0.00000000
vn 0.00000000 -1.00000000 0.00000000
vn -1.00000000 0.00000000 0.00000000
vn -1.00000000 0.00000000 0.00000000
vn -1.00000000 0.00000000 0.00000000
vn 0.00000000 -0.70710000 -0.70710000
vn 0.00000000 -0.70710000 -0.70710000
vn 0.00000000 -0.70710000 -0.70710000
vn 1.00000000 0.00000000 0.00000000
vn 1.00000000 0.00000000 0.00000000
vn 1.00000000 0.00000000 0.00000000
vn 0.00000000 -0.70710000 0.70710000
vn 0.00000000 -0.70710000 0.70710000
vn 0.00000000 -0.70710000 0.70710000
vn 0.00000000 -1.00000000 0.00000000
vn 0.00000000 -1.00000000 0.00000000
vn 0.00000000 -1.00000000 0.00000000
vn -1.00000000 0.00000000 0.00000000
vn -1.00000000 0.00000000 0.00000000
vn -1.00000000 0.00000000 0.00000000
vn 0.00000000 -0.70710000 -0.70710000
vn 0.00000000 -0.70710000 -0.70710000
vn 0.00000000 -0.70710000 -0.70710000
vn 1.00000000 0.00000000 0.00000000
vn 1.00000000 0.00000000 0.00000000
vn 1.00000000 0.00000000 0.00000000
vn 0.00000000 -0.70710000 0.70710000
vn 0.00000000 -0.70710000 0.70710000
vn 0.00000000 -0.70710000 0.70710000
vn 0.00000000 -1.00000000 0.00000000
vn 0.00000000 -1.00000000 0.00000000
vn 0.00000000 -1.00000000 0.00000000
vn -1.00000000 0.00000000 0.00000000
vn -1.00000000 0.00000000 0.00000000
vn -1.00000000 0.00000000 0.00000000
vn 0.00000000 -0.70710000 -0.70710000
vn 0.00000000 -0.70710000 -0.70710000
vn 0.00000000 -0.70710000 -0.70710000
vn 1.00000000 0.00000000 0.00000000
vn 1.00000000 0.00000000 0.00000000
vn 1.00000000 0.00000000 0.00000000
vn 0.00000000 -0.70710000 0.70710000
vn 0.00000000 -0.70710000 0.70710000
vn 0.00000000 -0.70710000 0.70710000
vn 0.00000000 -1.00000000 0.00000000
vn 0.00000000 -1.00000000 0.00000000
vn 0.00000000 -1.00000000 0.00000000
vn -1.00000000 0.00000000 0.00000000
vn -1.00000000 0.00000000 0.00000000
vn -1.00000000 0.00000000 0.00000000
vn 0.00000000 -0.70710000 -0.70710000
vn 0.00000000 -0.70710000 -0.70710000
vn 0.00000000 -0.70710000 -0.70710000
vn 1.00000000 0.00000000 0.00000000
vn 1.00000000 0.00000000 0.00000000
vn 1.00000000 0.00000000 0.00000000
vn 0.00000000 -0.70710000 0.70710000
vn 0.00000000 -0.70710000 0.70710000
vn 0.00000000 -0.70710000 0.70710000
vn 0.00000000 -1.00000000 0.00000000
vn 0.00000000 -1.00000000 0.00000000
vn 0.00000000 -1.00000000 0.00000000
vn 1.00000000 0.00000000 0.00000000
vn 1.00000000 0.00000000 0.00000000
vn 1.00000000 0.00000000 0.00000000
vn 0.00000000 0.00000000 1.00000000
vn 0.00000000 0.00000000 1.00000000
vn 0.00000000 0.00000000 1.00000000
vn 0.00000000 0.00000000 -1.00000000
vn 0.00000000 0.00000000 -1.00000000
vn 0.00000000 0.00000000 -1.00000000
vn 0.00000000 -1.00000000 0.00000000
vn 0.00000000 -1.00000000 0.00000000
vn 0.00000000 -1.00000000 0.00000000
vn 0.00000000 1.00000000 0.00000000
vn 0.00000000 1.00000000 0.00000000
vn 0.00000000 1.00000000 0.00000000
vn 1.00000000 0.00000000 0.00000000
vn 1.00000000 0.00000000 0.00000000
vn 1.00000000 0.00000000 0.00000000
vn 0.00000000 -0.73488778 0.67818873
vn 0.00000000 -0.73488778 0.67818873
vn 0.00000000 -0.73490000 0.67820000
vn 0.00000000 -0.73490000 0.67820000
vn 0.00000000 0.73488778 -0.67818873
vn 0.00000000 0.73488778 -0.67818873
vn 0.00000000 0.73490000 -0.67820000
vn 0.00000000 0.73490000 -0.67820000
vn 1.00000000 0.00000000 0.00000000
vn 1.00000000 0.00000000 0.00000000
vn 1.00000000 0.00000000 0.00000000
vn 0.00000000 -0.73488778 -0.67818873
vn 0.00000000 -0.73490000 -0.67820000
vn 0.00000000 -0.73490000 -0.67820000
vn 0.00000000 -0.73488778 -0.67818873
vn 0.00000000 0.73488778 0.67818873
vn 0.00000000 0.73490000 0.67820000
vn 0.00000000 0.73490000 0.67820000
vn 0.00000000 0.73488778 0.67818873
vn 0.00000000 0.00000000 1.00000000
vn 0.00000000 0.00000000 1.00000000
vn 0.00000000 0.00000000 1.00000000
vn 0.00000000 0.00000000 -1.00000000
vn 0.00000000 0.00000000 -1.00000000
vn 0.00000000 0.00000000 -1.00000000
vn 1.00000000 0.00000000 0.00000000
vn 1.00000000 0.00000000 0.00000000
vn 1.00000000 0.00000000 0.00000000
vn 0.00000000 0.00000000 1.00000000
vn 0.00000000 0.00000000 1.00000000
vn 0.00000000 0.00000000 1.00000000
vn 0.00000000 0.00000000 -1.00000000
vn 0.00000000 0.00000000 -1.00000000
vn 0.00000000 0.00000000 -1.00000000
vn 1.00000000 0.00000000 0.00000000
vn 1.00000000 0.00000000 0.00000000
vn 1.00000000 0.00000000 0.00000000
vn 0.00000000 0.00000000 -1.00000000
vn 0.00000000 0.00000000 -1.00000000
vn 0.00000000 0.00000000 -1.00000000
vn 0.00000000 0.00000000 1.00000000
vn 0.00000000 0.00000000 1.00000000
vn 0.00000000 0.00000000 1.00000000
vn 1.00000000 0.00000000 0.00000000
vn 1.00000000 0.00000000 0.00000000
vn 1.00000000 0.00000000 0.00000000
vn 0.00000000 0.00000000 -1.00000000
vn 0.00000000 0.00000000 -1.00000000
vn 0.00000000 0.00000000 -1.00000000
vn 0.00000000 0.00000000 1.00000000
vn 0.00000000 0.00000000 1.00000000
vn 0.00000000 0.00000000 1.00000000
vn 1.00000000 0.00000000 0.00000000
vn 1.00000000 0.00000000 0.00000000
vn 1.00000000 0.00000000 0.00000000
vn 1.00000000 0.00000000 0.00000000
vn 1.00000000 0.00000000 0.00000000
vn 1.00000000 0.00000000 0.00000000
vn 0.00000000 0.00000000 1.00000000
vn 0.00000000 0.00000000 1.00000000
vn 0.00000000 0.00000000 1.00000000
vn 0.00000000 0.00000000 -1.00000000
vn 0.00000000 0.00000000 -1.00000000
vn 0.00000000 0.00000000 -1.00000000
vn 0.00000000 -1.00000000 0.00000000
vn 0.00000000 -1.00000000 0.00000000
vn 0.00000000 -1.00000000 0.00000000
vn 0.00000000 1.00000000 0.00000000
vn 0.00000000 1.00000000 0.00000000
vn 0.00000000 1.00000000 0.00000000
vn -1.00000000 0.00000000 0.00000000
vn -1.00000000 0.00000000 0.00000000
vn -1.00000000 0.00000000 0.00000000
vn 0.00000000 0.00000000 -1.00000000
vn 0.00000000 0.00000000 -1.00000000
vn 0.00000000 0.00000000 -1.00000000
vn 0.00000000 0.00000000 1.00000000
vn 0.00000000 0.00000000 1.00000000
vn 0.00000000 0.00000000 1.00000000
vn 0.00000000 -1.00000000 0.00000000
vn 0.00000000 -1.00000000 0.00000000
vn 0.00000000 -1.00000000 0.00000000
vn 0.00000000 1.00000000 0.00000000
vn 0.00000000 1.00000000 0.00000000
vn 0.00000000 1.00000000 0.00000000
vn -1.00000000 0.00000000 0.00000000
vn -1.00000000 0.00000000 0.00000000
vn -1.00000000 0.00000000 0.00000000
vn 0.00000000 -0.73488778 -0.67818873
vn 0.00000000 -0.73488778 -0.67818873
vn 0.00000000 -0.73490000 -0.67820000
vn 0.00000000 -0.73490000 -0.67820000
vn 0.00000000 0.73488778 0.67818873
vn 0.00000000 0.73488778 0.67818873
vn 0.00000000 0.73490000 0.67820000
vn 0.00000000 0.73490000 0.67820000
vn -1.00000000 0.00000000 0.00000000
vn -1.00000000 0.00000000 0.00000000
vn -1.00000000 0.00000000 0.00000000
vn 0.00000000 -0.73488778 0.67818873
vn 0.00000000 -0.73490000 0.67820000
vn 0.00000000 -0.73490000 0.67820000
vn 0.00000000 -0.73488778 0.67818873
vn 0.00000000 0.73488778 -0.67818873
vn 0.00000000 0.73490000 -0.67820000
vn 0.00000000 0.73490000 -0.67820000
vn 0.00000000 0.73488778 -0.67818873
vn 0.00000000 0.00000000 -1.00000000
vn 0.00000000 0.00000000 -1.00000000
vn 0.00000000 0.00000000 -1.00000000
vn 0.00000000 0.00000000 1.00000000
vn 0.00000000 0.00000000 1.00000000
vn 0.00000000 0.00000000 1.00000000
vn -1.00000000 0.00000000 0.00000000
vn -1.00000000 0.00000000 0.00000000
vn -1.00000000 0.00000000 0.00000000
vn 0.00000000 0.00000000 -1.00000000
vn 0.00000000 0.00000000 -1.00000000
vn 0.00000000 0.00000000 -1.00000000
vn 0.00000000 0.00000000 1.00000000
vn 0.00000000 0.00000000 1.00000000
vn 0.00000000 0.00000000 1.00000000
vn -1.00000000 0.00000000 0.00000000
vn -1.00000000 0.00000000 0.00000000
vn -1.00000000 0.00000000 0.00000000
vn 0.00000000 0.00000000 1.00000000
vn 0.00000000 0.00000000 1.00000000
vn 0.00000000 0.00000000 1.00000000
vn 0.00000000 0.00000000 -1.00000000
vn 0.00000000 0.00000000 -1.00000000
vn 0.00000000 0.00000000 -1.00000000
vn -1.00000000 0.00000000 0.00000000
vn -1.00000000 0.00000000 0.00000000
vn -1.00000000 0.00000000 0.00000000
vn 0.00000000 0.00000000 1.00000000
vn 0.00000000 0.00000000 1.00000000
vn 0.00000000 0.00000000 1.00000000
vn 0.00000000 0.00000000 -1.00000000
vn 0.00000000 0.00000000 -1.00000000
vn 0.00000000 0.00000000 -1.00000000
vn -1.00000000 0.00000000 0.00000000
vn -1.00000000 0.00000000 0.00000000
vn -1.00000000 0.00000000 0.00000000
vn -1.00000000 0.00000000 0.00000000
vn -1.00000000 0.00000000 0.00000000
vn -1.00000000 0.00000000 0.00000000
vn 0.00000000 0.00000000 -1.00000000
vn 0.00000000 0.00000000 -1.00000000
vn 0.00000000 0.00000000 -1.00000000
vn 0.00000000 0.00000000 1.00000000
vn 0.00000000 0.00000000 1.00000000
vn 0.00000000 0.00000000 1.00000000
vn 0.00000000 -1.00000000 0.00000000
vn 0.00000000 -1.00000000 0.00000000
vn 0.00000000 -1.00000000 0.00000000
vn 0.00000000 1.00000000 0.00000000
vn 0.00000000 1.00000000 0.00000000
vn 0.00000000 1.00000000 0.00000000
vn -1.00000000 0.00000000 0.00000000
vn -1.00000000 0.00000000 0.00000000
vn -1.00000000 0.00000000 0.00000000
vn -1.00000000 0.00000000 0.00000000
vn -1.00000000 0.00000000 0.00000000
vn -1.00000000 0.00000000 0.00000000
vn 1.00000000 0.00000000 0.00000000
vn 1.00000000 0.00000000 0.00000000
vn 1.00000000 0.00000000 0.00000000
vn -1.00000000 0.00000000 0.00000000
vn -1.00000000 0.00000000 0.00000000
vn -1.00000000 0.00000000 0.00000000
vn 0.00000000 -1.00000000 0.00000000
vn 0.00000000 -1.00000000 0.00000000
vn 0.00000000 -1.00000000 0.00000000
vn 0.00000000 1.00000000 0.00000000
vn 0.00000000 1.00000000 0.00000000
vn 0.00000000 1.00000000 0.00000000
vn 0.00000000 0.00000000 1.00000000
vn 0.00000000 0.00000000 1.00000000
vn 0.00000000 0.00000000 1.00000000
vn 0.00000000 -1.00000000 0.00000000
vn 0.00000000 -1.00000000 0.00000000
vn 0.00000000 -1.00000000 0.00000000
vn 0.00000000 0.00000000 1.00000000
vn 0.00000000 0.00000000 1.00000000
vn 0.00000000 0.00000000 1.00000000
vn 1.00000000 0.00000000 0.00000000
vn 1.00000000 0.00000000 0.00000000
vn 1.00000000 0.00000000 0.00000000
vn 0.00000000 0.00000000 -1.00000000
vn 0.00000000 0.00000000 -1.00000000
vn 0.00000000 0.00000000 -1.00000000
vn -1.00000000 0.00000000 0.00000000
vn -1.00000000 0.00000000 0.00000000
vn -1.00000000 0.00000000 0.00000000
vn 1.00000000 0.00000000 0.00000000
vn 1.00000000 0.00000000 0.00000000
vn 1.00000000 0.00000000 0.00000000
vn 0.00000000 -1.00000000 0.00000000
vn 0.00000000 -1.00000000 0.00000000
vn 0.00000000 -1.00000000 0.00000000
vn 1.00000000 0.00000000 0.00000000
vn 1.00000000 0.00000000 0.00000000
vn 1.00000000 0.00000000 0.00000000
vn 1.00000000 0.00000000 0.00000000
vn 1.00000000 0.00000000 0.00000000
vn 1.00000000 0.00000000 0.00000000
vn 1.00000000 0.00000000 0.00000000
vn 1.00000000 0.00000000 0.00000000
vn 1.00000000 0.00000000 0.00000000
vn -1.00000000 0.00000000 0.00000000
vn -1.00000000 0.00000000 0.00000000
vn -1.00000000 0.00000000 0.00000000
vn 0.00000000 0.00000000 1.00000000
vn 0.00000000 0.00000000 1.00000000
vn 0.00000000 0.00000000 1.00000000
vn 1.00000000 0.00000000 0.00000000
vn 1.00000000 0.00000000 0.00000000
vn 1.00000000 0.00000000 0.00000000
vn 0.00000000 0.00000000 -1.00000000
vn 0.00000000 0.00000000 -1.00000000
vn 0.00000000 0.00000000 -1.00000000
vn 0.00000000 0.00000000 -1.00000000
vn 0.00000000 0.00000000 -1.00000000
vn 0.00000000 0.00000000 -1.00000000
vn 0.00000000 1.00000000 0.00000000
vn 0.00000000 1.00000000 0.00000000
vn 0.00000000 1.00000000 0.00000000
vn 0.00000000 1.00000000 0.00000000
vn 0.00000000 1.00000000 0.00000000
vn 0.00000000 1.00000000 0.00000000
vn 0.00000000 0.00000000 1.00000000
vn 0.00000000 0.00000000 1.00000000
vn 0.00000000 0.00000000 1.00000000
vn 1.00000000 0.00000000 0.00000000
vn 1.00000000 0.00000000 0.00000000
vn 1.00000000 0.00000000 0.00000000
vn -1.00000000 0.00000000 0.00000000
vn -1.00000000 0.00000000 0.00000000
vn -1.00000000 0.00000000 0.00000000
vn 0.00000000 0.00000000 -1.00000000
vn 0.00000000 0.00000000 -1.00000000
vn 0.00000000 0.00000000 -1.00000000
vn -1.00000000 0.00000000 0.00000000
vn -1.00000000 0.00000000 0.00000000
vn -1.00000000 0.00000000 0.00000000
vn 0.00000000 1.00000000 0.00000000
vn 0.00000000 1.00000000 0.00000000
vn 0.00000000 1.00000000 0.00000000
vn -1.00000000 0.00000000 0.00000000
vn -1.00000000 0.00000000 0.00000000
vn -1.00000000 0.00000000 0.00000000
vn 0.00000000 -0.70710000 0.70710000
vn 0.00000000 -0.70710000 0.70710000
vn 0.00000000 -0.70710000 0.70710000
vn 0.00000000 -0.70710000 -0.70710000
vn 0.00000000 -0.70710000 -0.70710000
vn 0.00000000 -0.70710000 -0.70710000
vn -1.00000000 0.00000000 0.00000000
vn -1.00000000 0.00000000 0.00000000
vn -1.00000000 0.00000000 0.00000000
vn 0.00000000 1.00000000 0.00000000
vn 0.00000000 1.00000000 0.00000000
vn 0.00000000 1.00000000 0.00000000
vn 1.00000000 0.00000000 0.00000000
vn 1.00000000 0.00000000 0.00000000
vn 1.00000000 0.00000000 0.00000000
vn 0.00000000 -1.00000000 0.00000000
vn 0.00000000 -1.00000000 0.00000000
vn 0.00000000 -1.00000000 0.00000000
vn -1.00000000 0.00000000 0.00000000
vn -1.00000000 0.00000000 0.00000000
vn -1.00000000 0.00000000 0.00000000
vn 0.00000000 1.00000000 0.00000000
vn 0.00000000 1.00000000 0.00000000
vn 0.00000000 1.00000000 0.00000000
vn 1.00000000 0.00000000 0.00000000
vn 1.00000000 0.00000000 0.00000000
vn 1.00000000 0.00000000 0.00000000
vn 0.00000000 -1.00000000 0.00000000
vn 0.00000000 -1.00000000 0.00000000
vn 0.00000000 -1.00000000 0.00000000
vn -1.00000000 0.00000000 0.00000000
vn -1.00000000 0.00000000 0.00000000
vn -1.00000000 0.00000000 0.00000000
vn 0.00000000 -0.70710000 -0.70710000
vn 0.00000000 -0.70710000 -0.70710000
vn 0.00000000 -0.70710000 -0.70710000
vn 0.00000000 -0.70710000 0.70710000
vn 0.00000000 -0.70710000 0.70710000
vn 0.00000000 -0.70710000 0.70710000
vn 0.00000000 0.00000000 -1.00000000
vn 0.00000000 0.00000000 -1.00000000
vn 0.00000000 0.00000000 -1.00000000
vn 0.00000000 0.00000000 1.00000000
vn 0.00000000 0.00000000 1.00000000
vn 0.00000000 0.00000000 1.00000000
vn 0.00000000 1.00000000 0.00000000
vn 0.00000000 1.00000000 0.00000000
vn 0.00000000 1.00000000 0.00000000
vn 0.00000000 1.00000000 0.00000000
vn 0.00000000 1.00000000 0.00000000
vn 0.00000000 1.00000000 0.00000000
vn 1.00000000 0.00000000 0.00000000
vn 1.00000000 0.00000000 0.00000000
vn 1.00000000 0.00000000 0.00000000
vn -1.00000000 0.00000000 0.00000000
vn -1.00000000 0.00000000 0.00000000
vn -1.00000000 0.00000000 0.00000000
vn 0.00000000 0.00000000 1.00000000
vn 0.00000000 0.00000000 1.00000000
vn 0.00000000 0.00000000 1.00000000
vn -1.00000000 0.00000000 0.00000000
vn -1.00000000 0.00000000 0.00000000
vn -1.00000000 0.00000000 0.00000000
vn 1.00000000 0.00000000 0.00000000
vn 1.00000000 0.00000000 0.00000000
vn 1.00000000 0.00000000 0.00000000
vn 0.00000000 0.00000000 -1.00000000
vn 0.00000000 0.00000000 -1.00000000
vn 0.00000000 0.00000000 -1.00000000
vn -1.00000000 0.00000000 0.00000000
vn -1.00000000 0.00000000 0.00000000
vn -1.00000000 0.00000000 0.00000000
vn 1.00000000 0.00000000 0.00000000
vn 1.00000000 0.00000000 0.00000000
vn 1.00000000 0.00000000 0.00000000
vn -1.00000000 0.00000000 0.00000000
vn -1.00000000 0.00000000 0.00000000
vn -1.00000000 0.00000000 0.00000000
vn 0.00000000 1.00000000 0.00000000
vn 0.00000000 1.00000000 0.00000000
vn 0.00000000 1.00000000 0.00000000
vn 0.00000000 1.00000000 0.00000000
vn 0.00000000 1.00000000 0.00000000
vn 0.00000000 1.00000000 0.00000000
vn -1.00000000 0.00000000 0.00000000
vn -1.00000000 0.00000000 0.00000000
vn -1.00000000 0.00000000 0.00000000
vn 0.00000000 0.00000000 1.00000000
vn 0.00000000 0.00000000 1.00000000
vn 0.00000000 0.00000000 1.00000000
vn 1.00000000 0.00000000 0.00000000
vn 1.00000000 0.00000000 0.00000000
vn 1.00000000 0.00000000 0.00000000
vn 1.00000000 0.00000000 0.00000000
vn 1.00000000 0.00000000 0.00000000
vn 1.00000000 0.00000000 0.00000000
vn 0.00000000 0.00000000 -1.00000000
vn 0.00000000 0.00000000 -1.00000000
vn 0.00000000 0.00000000 -1.00000000
vn 0.00000000 0.00000000 -1.00000000
vn 0.00000000 0.00000000 -1.00000000
vn 0.00000000 0.00000000 -1.00000000
vn -1.00000000 0.00000000 0.00000000
vn -1.00000000 0.00000000 0.00000000
vn -1.00000000 0.00000000 0.00000000
vn 1.00000000 0.00000000 0.00000000
vn 1.00000000 0.00000000 0.00000000
vn 1.00000000 0.00000000 0.00000000
vn 1.00000000 0.00000000 0.00000000
vn 1.00000000 0.00000000 0.00000000
vn 1.00000000 0.00000000 0.00000000
vn 0.00000000 0.00000000 1.00000000
vn 0.00000000 0.00000000 1.00000000
vn 0.00000000 0.00000000 1.00000000
vn -1.00000000 0.00000000 0.00000000
vn -1.00000000 0.00000000 0.00000000
vn -1.00000000 0.00000000 0.00000000
vn 1.00000000 0.00000000 0.00000000
vn 1.00000000 0.00000000 0.00000000
vn 1.00000000 0.00000000 0.00000000
vn -1.00000000 0.00000000 0.00000000
vn -1.00000000 0.00000000 0.00000000
vn -1.00000000 0.00000000 0.00000000
vn 0.00000000 -1.00000000 0.00000000
vn 0.00000000 -1.00000000 0.00000000
vn 0.00000000 -1.00000000 0.00000000
vn 0.00000000 -1.00000000 0.00000000
vn 0.00000000 -1.00000000 0.00000000
vn 0.00000000 -1.00000000 0.00000000
vn 0.00000000 -1.00000000 0.00000000
vn 0.00000000 -1.00000000 0.00000000
vn 0.00000000 -1.00000000 0.00000000
vn 0.00000000 0.00000000 -1.00000000
vn 0.00000000 0.00000000 -1.00000000
vn 0.00000000 0.00000000 -1.00000000
vn 1.00000000 0.00000000 0.00000000
vn 1.00000000 0.00000000 0.00000000
vn 1.00000000 0.00000000 0.00000000
vn 0.00000000 0.00000000 1.00000000
vn 0.00000000 0.00000000 1.00000000
vn 0.00000000 0.00000000 1.00000000
vn 1.00000000 0.00000000 0.00000000
vn 1.00000000 0.00000000 0.00000000
vn 1.00000000 0.00000000 0.00000000
vn -1.00000000 0.00000000 0.00000000
vn -1.00000000 0.00000000 0.00000000
vn -1.00000000 0.00000000 0.00000000
vn -1.00000000 0.00000000 0.00000000
vn -1.00000000 0.00000000 0.00000000
vn -1.00000000 0.00000000 0.00000000
vn -1.00000000 0.00000000 0.00000000
vn -1.00000000 0.00000000 0.00000000
vn -1.00000000 0.00000000 0.00000000
vn 1.00000000 0.00000000 0.00000000
vn 1.00000000 0.00000000 0.00000000
vn 1.00000000 0.00000000 0.00000000
vn -1.00000000 0.00000000 0.00000000
vn -1.00000000 0.00000000 0.00000000
vn -1.00000000 0.00000000 0.00000000
vn 0.00000000 -1.00000000 0.00000000
vn 0.00000000 -1.00000000 0.00000000
vn 0.00000000 -1.00000000 0.00000000
vn 0.00000000 1.00000000 0.00000000
vn 0.00000000 1.00000000 0.00000000
vn 0.00000000 1.00000000 0.00000000
vn 0.00000000 0.00000000 1.00000000
vn 0.00000000 0.00000000 1.00000000
vn 0.00000000 0.00000000 1.00000000
vn 0.00000000 -1.00000000 0.00000000
vn 0.00000000 -1.00000000 0.00000000
vn 0.00000000 -1.00000000 0.00000000
vn 0.00000000 0.00000000 1.00000000
vn 0.00000000 0.00000000 1.00000000
vn 0.00000000 0.00000000 1.00000000
vn 1.00000000 0.00000000 0.00000000
vn 1.00000000 0.00000000 0.00000000
vn 1.00000000 0.00000000 0.00000000
vn 0.00000000 0.00000000 -1.00000000
vn 0.00000000 0.00000000 -1.00000000
vn 0.00000000 0.00000000 -1.00000000
vn -1.00000000 0.00000000 0.00000000
vn -1.00000000 0.00000000 0.00000000
vn -1.00000000 0.00000000 0.00000000
vn 1.00000000 0.00000000 0.00000000
vn 1.00000000 0.00000000 0.00000000
vn 1.00000000 0.00000000 0.00000000
vn 0.00000000 -1.00000000 0.00000000
vn 0.00000000 -1.00000000 0.00000000
vn 0.00000000 -1.00000000 0.00000000
vn 1.00000000 0.00000000 0.00000000
vn 1.00000000 0.00000000 0.00000000
vn 1.00000000 0.00000000 0.00000000
vn 1.00000000 0.00000000 0.00000000
vn 1.00000000 0.00000000 0.00000000
vn 1.00000000 0.00000000 0.00000000
vn 1.00000000 0.00000000 0.00000000
vn 1.00000000 0.00000000 0.00000000
vn 1.00000000 0.00000000 0.00000000
vn -1.00000000 0.00000000 0.00000000
vn -1.00000000 0.00000000 0.00000000
vn -1.00000000 0.00000000 0.00000000
vn 0.00000000 0.00000000 1.00000000
vn 0.00000000 0.00000000 1.00000000
vn 0.00000000 0.00000000 1.00000000
vn 1.00000000 0.00000000 0.00000000
vn 1.00000000 0.00000000 0.00000000
vn 1.00000000 0.00000000 0.00000000
vn 0.00000000 0.00000000 -1.00000000
vn 0.00000000 0.00000000 -1.00000000
vn 0.00000000 0.00000000 -1.00000000
vn 0.00000000 0.00000000 -1.00000000
vn 0.00000000 0.00000000 -1.00000000
vn 0.00000000 0.00000000 -1.00000000
vn 0.00000000 1.00000000 0.00000000
vn 0.00000000 1.00000000 0.00000000
vn 0.00000000 1.00000000 0.00000000
vn 0.00000000 1.00000000 0.00000000
vn 0.00000000 1.00000000 0.00000000
vn 0.00000000 1.00000000 0.00000000
vn 0.00000000 0.00000000 1.00000000
vn 0.00000000 0.00000000 1.00000000
vn 0.00000000 0.00000000 1.00000000
vn 1.00000000 0.00000000 0.00000000
vn 1.00000000 0.00000000 0.00000000
vn 1.00000000 0.00000000 0.00000000
vn -1.00000000 0.00000000 0.00000000
vn -1.00000000 0.00000000 0.00000000
vn -1.00000000 0.00000000 0.00000000
vn 0.00000000 0.00000000 -1.00000000
vn 0.00000000 0.00000000 -1.00000000
vn 0.00000000 0.00000000 -1.00000000
vn -1.00000000 0.00000000 0.00000000
vn -1.00000000 0.00000000 0.00000000
vn -1.00000000 0.00000000 0.00000000
vn 0.00000000 1.00000000 0.00000000
vn 0.00000000 1.00000000 0.00000000
vn 0.00000000 1.00000000 0.00000000
vn -1.00000000 0.00000000 0.00000000
vn -1.00000000 0.00000000 0.00000000
vn -1.00000000 0.00000000 0.00000000
vn 0.00000000 -0.70710000 0.70710000
vn 0.00000000 -0.70710000 0.70710000
vn 0.00000000 -0.70710000 0.70710000
vn 0.00000000 -0.70710000 -0.70710000
vn 0.00000000 -0.70710000 -0.70710000
vn 0.00000000 -0.70710000 -0.70710000
vn -1.00000000 0.00000000 0.00000000
vn -1.00000000 0.00000000 0.00000000
vn -1.00000000 0.00000000 0.00000000
vn 0.00000000 1.00000000 0.00000000
vn 0.00000000 1.00000000 0.00000000
vn 0.00000000 1.00000000 0.00000000
vn 1.00000000 0.00000000 0.00000000
vn 1.00000000 0.00000000 0.00000000
vn 1.00000000 0.00000000 0.00000000
vn 0.00000000 -1.00000000 0.00000000
vn 0.00000000 -1.00000000 0.00000000
vn 0.00000000 -1.00000000 0.00000000
vn -1.00000000 0.00000000 0.00000000
vn -1.00000000 0.00000000 0.00000000
vn -1.00000000 0.00000000 0.00000000
vn 0.00000000 1.00000000 0.00000000
vn 0.00000000 1.00000000 0.00000000
vn 0.00000000 1.00000000 0.00000000
vn 1.00000000 0.00000000 0.00000000
vn 1.00000000 0.00000000 0.00000000
vn 1.00000000 0.00000000 0.00000000
vn 0.00000000 -1.00000000 0.00000000
vn 0.00000000 -1.00000000 0.00000000
vn 0.00000000 -1.00000000 0.00000000
vn -1.00000000 0.00000000 0.00000000
vn -1.00000000 0.00000000 0.00000000
vn -1.00000000 0.00000000 0.00000000
vn 0.00000000 -0.70710000 -0.70710000
vn 0.00000000 -0.70710000 -0.70710000
vn 0.00000000 -0.70710000 -0.70710000
vn 0.00000000 -0.70710000 0.70710000
vn 0.00000000 -0.70710000 0.70710000
vn 0.00000000 -0.70710000 0.70710000
vn 0.00000000 0.00000000 -1.00000000
vn 0.00000000 0.00000000 -1.00000000
vn 0.00000000 0.00000000 -1.00000000
vn 0.00000000 0.00000000 1.00000000
vn 0.00000000 0.00000000 1.00000000
vn 0.00000000 0.00000000 1.00000000
vn 0.00000000 1.00000000 0.00000000
vn 0.00000000 1.00000000 0.00000000
vn 0.00000000 1.00000000 0.00000000
vn 0.00000000 1.00000000 0.00000000
vn 0.00000000 1.00000000 0.00000000
vn 0.00000000 1.00000000 0.00000000
vn 1.00000000 0.00000000 0.00000000
vn 1.00000000 0.00000000 0.00000000
vn 1.00000000 0.00000000 0.00000000
vn -1.00000000 0.00000000 0.00000000
vn -1.00000000 0.00000000 0.00000000
vn -1.00000000 0.00000000 0.00000000
vn 0.00000000 0.00000000 1.00000000
vn 0.00000000 0.00000000 1.00000000
vn 0.00000000 0.00000000 1.00000000
vn -1.00000000 0.00000000 0.00000000
vn -1.00000000 0.00000000 0.00000000
vn -1.00000000 0.00000000 0.00000000
vn 1.00000000 0.00000000 0.00000000
vn 1.00000000 0.00000000 0.00000000
vn 1.00000000 0.00000000 0.00000000
vn 0.00000000 0.00000000 -1.00000000
vn 0.00000000 0.00000000 -1.00000000
vn 0.00000000 0.00000000 -1.00000000
vn -1.00000000 0.00000000 0.00000000
vn -1.00000000 0.00000000 0.00000000
vn -1.00000000 0.00000000 0.00000000
vn 1.00000000 0.00000000 0.00000000
vn 1.00000000 0.00000000 0.00000000
vn 1.00000000 0.00000000 0.00000000
vn -1.00000000 0.00000000 0.00000000
vn -1.00000000 0.00000000 0.00000000
vn -1.00000000 0.00000000 0.00000000
vn 0.00000000 1.00000000 0.00000000
vn 0.00000000 1.00000000 0.00000000
vn 0.00000000 1.00000000 0.00000000
vn 0.00000000 1.00000000 0.00000000
vn 0.00000000 1.00000000 0.00000000
vn 0.00000000 1.00000000 0.00000000
vn -1.00000000 0.00000000 0.00000000
vn -1.00000000 0.00000000 0.00000000
vn -1.00000000 0.00000000 0.00000000
vn 0.00000000 0.00000000 1.00000000
vn 0.00000000 0.00000000 1.00000000
vn 0.00000000 0.00000000 1.00000000
vn 1.00000000 0.00000000 0.00000000
vn 1.00000000 0.00000000 0.00000000
vn 1.00000000 0.00000000 0.00000000
vn 1.00000000 0.00000000 0.00000000
vn 1.00000000 0.00000000 0.00000000
vn 1.00000000 0.00000000 0.00000000
vn 0.00000000 0.00000000 -1.00000000
vn 0.00000000 0.00000000 -1.00000000
vn 0.00000000 0.00000000 -1.00000000
vn 0.00000000 0.00000000 -1.00000000
vn 0.00000000 0.00000000 -1.00000000
vn 0.00000000 0.00000000 -1.00000000
vn -1.00000000 0.00000000 0.00000000
vn -1.00000000 0.00000000 0.00000000
vn -1.00000000 0.00000000 0.00000000
vn 1.00000000 0.00000000 0.00000000
vn 1.00000000 0.00000000 0.00000000
vn 1.00000000 0.00000000 0.00000000
vn 1.00000000 0.00000000 0.00000000
vn 1.00000000 0.00000000 0.00000000
vn 1.00000000 0.00000000 0.00000000
vn 0.00000000 0.00000000 1.00000000
vn 0.00000000 0.00000000 1.00000000
vn 0.00000000 0.00000000 1.00000000
vn -1.00000000 0.00000000 0.00000000
vn -1.00000000 0.00000000 0.00000000
vn -1.00000000 0.00000000 0.00000000
vn 1.00000000 0.00000000 0.00000000
vn 1.00000000 0.00000000 0.00000000
vn 1.00000000 0.00000000 0.00000000
vn -1.00000000 0.00000000 0.00000000
vn -1.00000000 0.00000000 0.00000000
vn -1.00000000 0.00000000 0.00000000
vn 0.00000000 -1.00000000 0.00000000
vn 0.00000000 -1.00000000 0.00000000
vn 0.00000000 -1.00000000 0.00000000
vn 0.00000000 -1.00000000 0.00000000
vn 0.00000000 -1.00000000 0.00000000
vn 0.00000000 -1.00000000 0.00000000
vn 0.00000000 -1.00000000 0.00000000
vn 0.00000000 -1.00000000 0.00000000
vn 0.00000000 -1.00000000 0.00000000
vn 0.00000000 0.00000000 -1.00000000
vn 0.00000000 0.00000000 -1.00000000
vn 0.00000000 0.00000000 -1.00000000
vn 1.00000000 0.00000000 0.00000000
vn 1.00000000 0.00000000 0.00000000
vn 1.00000000 0.00000000 0.00000000
vn 0.00000000 0.00000000 1.00000000
vn 0.00000000 0.00000000 1.00000000
vn 0.00000000 0.00000000 1.00000000
vn 1.00000000 0.00000000 0.00000000
vn 1.00000000 0.00000000 0.00000000
vn 1.00000000 0.00000000 0.00000000
vn -1.00000000 0.00000000 0.00000000
vn -1.00000000 0.00000000 0.00000000
vn -1.00000000 0.00000000 0.00000000
o Door
usemtl door
f 1/1/1 2/2/2 3/3/3 4/4/4
f 5/5/5 6/6/6 7/7/7 8/8/8
f 9/9/9 10/10/10 11/11/11 12/12/12
f 13/13/13 14/14/14 15/15/15 16/16/16
f 17/17/17 18/18/18 19/19/19
f 20/20/20 21/21/21 22/22/22
f 23/23/23 24/24/24 25/25/25
f 26/26/26 27/27/27 28/28/28
f 29/29/29 30/30/30 31/31/31
f 32/32/32 33/33/33 34/34/34
f 35/35/35 36/36/36 37/37/37
f 38/38/38 39/39/39 40/40/40
f 41/41/41 42/42/42 43/43/43
f 44/44/44 45/45/45 46/46/46
f 47/47/47 48/48/48 49/49/49
f 50/50/50 51/51/51 52/52/52
f 53/53/53 54/54/54 55/55/55
f 56/56/56 57/57/57 58/58/58
f 59/59/59 60/60/60 61/61/61
f 62/62/62 63/63/63 64/64/64
f 65/65/65 66/66/66 67/67/67
f 68/68/68 69/69/69 70/70/70
f 71/71/71 72/72/72 73/73/73
f 74/74/74 75/75/75 76/76/76
f 77/77/77 78/78/78 79/79/79
f 80/80/80 81/81/81 82/82/82
f 83/83/83 84/84/84 85/85/85
f 86/86/86 87/87/87 88/88/88
f 89/89/89 90/90/90 91/91/91
f 92/92/92 93/93/93 94/94/94
f 95/95/95 96/96/96 97/97/97
f 98/98/98 99/99/99 100/100/100
f 101/101/101 102/102/102 103/103/103
f 104/104/104 105/105/105 106/106/106
f 107/107/107 108/108/108 109/109/109
f 110/110/110 111/111/111 112/112/112 113/113/113
f 114/114/114 115/115/115 116/116/116
f 117/117/117 118/118/118 119/119/119
f 120/120/120 121/121/121 122/122/122 123/123/123
f 124/124/124 125/125/125 126/126/126
f 127/127/127 128/128/128 129/129/129
f 130/130/130 131/131/131 132/132/132 133/133/133
f 134/134/134 135/135/135 136/136/136 137/137/137
f 138/138/138 139/139/139 140/140/140 141/141/141
f 142/142/142 143/143/143 144/144/144 145/145/145
f 146/146/146 147/147/147 148/148/148 149/149/149
f 150/150/150 151/151/151 152/152/152 153/153/153
f 154/154/154 155/155/155 156/156/156 157/157/157
f 158/158/158 159/159/159 160/160/160 161/161/161
f 162/162/162 163/163/163 164/164/164 165/165/165
f 166/166/166 167/167/167 168/168/168 169/169/169
f 170/170/170 171/171/171 172/172/172 173/173/173
f 174/174/174 175/175/175 176/176/176 177/177/177
f 178/178/178 179/179/179 180/180/180
f 181/181/181 182/182/182 183/183/183
f 184/184/184 185/185/185 186/186/186
f 187/187/187 188/188/188 189/189/189
f 190/190/190 191/191/191 192/192/192
f 193/193/193 194/194/194 195/195/195
f 196/196/196 197/197/197 198/198/198
f 199/199/199 200/200/200 201/201/201
f 202/202/202 203/203/203 204/204/204
f 205/205/205 206/206/206 207/207/207
f 208/208/208 209/209/209 210/210/210 211/211/211
f 212/212/212 213/213/213 214/214/214
f 215/215/215 216/216/216 217/217/217
f 218/218/218 219/219/219 220/220/220 221/221/221
f 222/222/222 223/223/223 224/224/224
f 225/225/225 226/226/226 227/227/227
f 228/228/228 229/229/229 230/230/230 231/231/231
f 232/232/232 233/233/233 234/234/234 235/235/235
f 236/236/236 237/237/237 238/238/238 239/239/239
f 240/240/240 241/241/241 242/242/242 243/243/243
f 244/244/244 245/245/245 246/246/246 247/247/247
f 248/248/248 249/249/249 250/250/250 251/251/251
f 252/252/252 253/253/253 254/254/254 255/255/255
f 256/256/256 257/257/257 258/258/258 259/259/259
f 260/260/260 261/261/261 262/262/262 263/263/263
f 264/264/264 265/265/265 266/266/266 267/267/267
f 268/268/268 269/269/269 270/270/270 271/271/271
f 272/272/272 273/273/273 274/274/274 275/275/275
f 276/276/276 277/277/277 278/278/278
f 279/279/279 280/280/280 281/281/281
f 282/282/282 283/283/283 284/284/284
f 285/285/285 286/286/286 287/287/287
f 288/288/288 289/289/289 290/290/290
f 291/291/291 292/292/292 293/293/293
f 294/294/294 295/295/295 296/296/296
f 297/297/297 298/298/298 299/299/299
f 300/300/300 301/301/301 302/302/302
f 303/303/303 304/304/304 305/305/305
f 306/306/306 307/307/307 308/308/308
f 309/309/309 310/310/310 311/311/311
f 312/312/312 313/313/313 314/314/314
f 315/315/315 316/316/316 317/317/317
f 318/318/318 319/319/319 320/320/320
f 321/321/321 322/322/322 323/323/323
f 324/324/324 325/325/325 326/326/326
f 327/327/327 328/328/328 329/329/329
f 330/330/330 331/331/331 332/332/332
f 333/333/333 334/334/334 335/335/335
f 336/336/336 337/337/337 338/338/338
f 339/339/339 340/340/340 341/341/341
f 342/342/342 343/343/343 344/344/344
f 345/345/345 346/346/346 347/347/347
f 348/348/348 349/349/349 350/350/350
f 351/351/351 352/352/352 353/353/353
f 354/354/354 355/355/355 356/356/356
f 357/357/357 358/358/358 359/359/359
f 360/360/360 361/361/361 362/362/362
f 363/363/363 364/364/364 365/365/365
f 366/366/366 367/367/367 368/368/368
f 369/369/369 370/370/370 371/371/371
f 372/372/372 373/373/373 374/374/374
f 375/375/375 376/376/376 377/377/377
f 378/378/378 379/379/379 380/380/380
f 381/381/381 382/382/382 383/383/383
f 384/384/384 385/385/385 386/386/386
f 387/387/387 388/388/388 389/389/389
f 390/390/390 391/391/391 392/392/392
f 393/393/393 394/394/394 395/395/395
f 396/396/396 397/397/397 398/398/398
f 399/399/399 400/400/400 401/401/401 402/402/402
f 403/403/403 404/404/404 405/405/405 406/406/406
f 407/407/407 408/408/408 409/409/409
f 410/410/410 411/411/411 412/412/412 413/413/413
f 414/414/414 415/415/415 416/416/416 417/417/417
f 418/418/418 419/419/419 420/420/420
f 421/421/421 422/422/422 423/423/423
f 424/424/424 425/425/425 426/426/426
f 427/427/427 428/428/428 429/429/429
f 430/430/430 431/431/431 432/432/432
f 433/433/433 434/434/434 435/435/435
f 436/436/436 437/437/437 438/438/438
f 439/439/439 440/440/440 441/441/441
f 442/442/442 443/443/443 444/444/444
f 445/445/445 446/446/446 447/447/447
f 448/448/448 449/449/449 450/450/450
f 451/451/451 452/452/452 453/453/453
f 454/454/454 455/455/455 456/456/456
f 457/457/457 458/458/458 459/459/459
f 460/460/460 461/461/461 462/462/462
f 463/463/463 464/464/464 465/465/465
f 466/466/466 467/467/467 468/468/468
f 469/469/469 470/470/470 471/471/471
f 472/472/472 473/473/473 474/474/474
f 475/475/475 476/476/476 477/477/477
f 478/478/478 479/479/479 480/480/480
f 481/481/481 482/482/482 483/483/483
f 484/484/484 485/485/485 486/486/486
f 487/487/487 488/488/488 489/489/489 490/490/490
f 491/491/491 492/492/492 493/493/493 494/494/494
f 495/495/495 496/496/496 497/497/497
f 498/498/498 499/499/499 500/500/500 501/501/501
f 502/502/502 503/503/503 504/504/504 505/505/505
f 506/506/506 507/507/507 508/508/508
f 509/509/509 510/510/510 511/511/511
f 512/512/512 513/513/513 514/514/514
f 515/515/515 516/516/516 517/517/517
f 518/518/518 519/519/519 520/520/520
f 521/521/521 522/522/522 523/523/523
f 524/524/524 525/525/525 526/526/526
f 527/527/527 528/528/528 529/529/529
f 530/530/530 531/531/531 532/532/532
f 533/533/533 534/534/534 535/535/535
f 536/536/536 537/537/537 538/538/538
f 539/539/539 540/540/540 541/541/541
f 542/542/542 543/543/543 544/544/544
f 545/545/545 546/546/546 547/547/547
f 548/548/548 549/549/549 550/550/550
f 551/551/551 552/552/552 553/553/553
f 554/554/554 555/555/555 556/556/556
o Frame
usemtl door
f 557/557/557 558/558/558 559/559/559
f 560/560/560 561/561/561 562/562/562
f 563/563/563 564/564/564 565/565/565
f 566/566/566 567/567/567 568/568/568
f 569/569/569 570/570/570 571/571/571
f 572/572/572 573/573/573 574/574/574
f 575/575/575 576/576/576 577/577/577
f 578/578/578 579/579/579 580/580/580
f 581/581/581 582/582/582 583/583/583
f 584/584/584 585/585/585 586/586/586
f 587/587/587 588/588/588 589/589/589
f 590/590/590 591/591/591 592/592/592
f 593/593/593 594/594/594 595/595/595
f 596/596/596 597/597/597 598/598/598
f 599/599/599 600/600/600 601/601/601
f 602/602/602 603/603/603 604/604/604
f 605/605/605 606/606/606 607/607/607
f 608/608/608 609/609/609 610/610/610
f 611/611/611 612/612/612 613/613/613
f 614/614/614 615/615/615 616/616/616
f 617/617/617 618/618/618 619/619/619
f 620/620/620 621/621/621 622/622/622
f 623/623/623 624/624/624 625/625/625
f 626/626/626 627/627/627 628/628/628
f 629/629/629 630/630/630 631/631/631
f 632/632/632 633/633/633 634/634/634
f 635/635/635 636/636/636 637/637/637
f 638/638/638 639/639/639 640/640/640
f 641/641/641 642/642/642 643/643/643
f 644/644/644 645/645/645 646/646/646
f 647/647/647 648/648/648 649/649/649
f 650/650/650 651/651/651 652/652/652
f 653/653/653 654/654/654 655/655/655
f 656/656/656 657/657/657 658/658/658
f 659/659/659 660/660/660 661/661/661
f 662/662/662 663/663/663 664/664/664
f 665/665/665 666/666/666 667/667/667
f 668/668/668 669/669/669 670/670/670
f 671/671/671 672/672/672 673/673/673
f 674/674/674 675/675/675 676/676/676
f 677/677/677 678/678/678 679/679/679
f 680/680/680 681/681/681 682/682/682
f 683/683/683 684/684/684 685/685/685
f 686/686/686 687/687/687 688/688/688
f 689/689/689 690/690/690 691/691/691
f 692/692/692 693/693/693 694/694/694
f 695/695/695 696/696/696 697/697/697
f 698/698/698 699/699/699 700/700/700
f 701/701/701 702/702/702 703/703/703
f 704/704/704 705/705/705 706/706/706
f 707/707/707 708/708/708 709/709/709
f 710/710/710 711/711/711 712/712/712
f 713/713/713 714/714/714 715/715/715
f 716/716/716 717/717/717 718/718/718
f 719/719/719 720/720/720 721/721/721
f 722/722/722 723/723/723 724/724/724
f 725/725/725 726/726/726 727/727/727
f 728/728/728 729/729/729 730/730/730
f 731/731/731 732/732/732 733/733/733
f 734/734/734 735/735/735 736/736/736
f 737/737/737 738/738/738 739/739/739
f 740/740/740 741/741/741 742/742/742
f 743/743/743 744/744/744 745/745/745
f 746/746/746 747/747/747 748/748/748
f 749/749/749 750/750/750 751/751/751
f 752/752/752 753/753/753 754/754/754
f 755/755/755 756/756/756 757/757/757
f 758/758/758 759/759/759 760/760/760
f 761/761/761 762/762/762 763/763/763
f 764/764/764 765/765/765 766/766/766
f 767/767/767 768/768/768 769/769/769
f 770/770/770 771/771/771 772/772/772
f 773/773/773 774/774/774 775/775/775
f 776/776/776 777/777/777 778/778/778
f 779/779/779 780/780/780 781/781/781
f 782/782/782 783/783/783 784/784/784
f 785/785/785 786/786/786 787/787/787
f 788/788/788 789/789/789 790/790/790
f 791/791/791 792/792/792 793/793/793
f 794/794/794 795/795/795 796/796/796
f 797/797/797 798/798/798 799/799/799
f 800/800/800 801/801/801 802/802/802
f 803/803/803 804/804/804 805/805/805
f 806/806/806 807/807/807 808/808/808
f 809/809/809 810/810/810 811/811/811
f 812/812/812 813/813/813 814/814/814
f 815/815/815 816/816/816 817/817/817
f 818/818/818 819/819/819 820/820/820
f 821/821/821 822/822/822 823/823/823
f 824/824/824 825/825/825 826/826/826
f 827/827/827 828/828/828 829/829/829
f 830/830/830 831/831/831 832/832/832
f 833/833/833 834/834/834 835/835/835
f 836/836/836 837/837/837 838/838/838
f 839/839/839 840/840/840 841/841/841
f 842/842/842 843/843/843 844/844/844
f 845/845/845 846/846/846 847/847/847
f 848/848/848 849/849/849 850/850/850
f 851/851/851 852/852/852 853/853/853
f 854/854/854 855/855/855 856/856/856
f 857/857/857 858/858/858 859/859/859
f 860/860/860 861/861/861 862/862/862
f 863/863/863 864/864/864 865/865/865
f 866/866/866 867/867/867 868/868/868
f 869/869/869 870/870/870 871/871/871
f 872/872/872 873/873/873 874/874/874
f 875/875/875 876/876/876 877/877/877
f 878/878/878 879/879/879 880/880/880
f 881/881/881 882/882/882 883/883/883
f 884/884/884 885/885/885 886/886/886
f 887/887/887 888/888/888 889/889/889
f 890/890/890 891/891/891 892/892/892
f 893/893/893 894/894/894 895/895/895
f 896/896/896 897/897/897 898/898/898
f 899/899/899 900/900/900 901/901/901
f 902/902/902 903/903/903 904/904/904
f 905/905/905 906/906/906 907/907/907
f 908/908/908 909/909/909 910/910/910
f 911/911/911 912/912/912 913/913/913
f 914/914/914 915/915/915 916/916/916
f 917/917/917 918/918/918 919/919/919
f 920/920/920 921/921/921 922/922/922
f 923/923/923 924/924/924 925/925/925
f 926/926/926 927/927/927 928/928/928
f 929/929/929 930/930/930 931/931/931
f 932/932/932 933/933/933 934/934/934
f 935/935/935 936/936/936 937/937/937
f 938/938/938 939/939/939 940/940/940
f 941/941/941 942/942/942 943/943/943
f 944/944/944 945/945/945 946/946/946
f 947/947/947 948/948/948 949/949/949
f 950/950/950 951/951/951 952/952/952
f 953/953/953 954/954/954 955/955/955
f 956/956/956 957/957/957 958/958/958
f 959/959/959 960/960/960 961/961/961
f 962/962/962 963/963/963 964/964/964
f 965/965/965 966/966/966 967/967/967
f 968/968/968 969/969/969 970/970/970
f 971/971/971 972/972/972 973/973/973
f 974/974/974 975/975/975 976/976/976
f 977/977/977 978/978/978 979/979/979
f 980/980/980 981/981/981 982/982/982
f 983/983/983 984/984/984 985/985/985
f 986/986/986 987/987/987 988/988/988
f 989/989/989 990/990/990 991/991/991
f 992/992/992 993/993/993 994/994/994
f 995/995/995 996/996/996 997/997/997
f 998/998/998 999/999/999 1000/1000/1000
f 1001/1001/1001 1002/1002/1002 1003/1003/1003
f 1004/1004/1004 1005/1005/1005 1006/1006/1006
f 1007/1007/1007 1008/1008/1008 1009/1009/1009
f 1010/1010/1010 1011/1011/1011 1012/1012/1012
f 1013/1013/1013 1014/1014/1014 1015/1015/1015
f 1016/1016/1016 1017/1017/1017 1018/1018/1018
f 1019/1019/1019 1020/1020/1020 1021/1021/1021
f 1022/1022/1022 1023/1023/1023 1024/1024/1024
f 1025/1025/1025 1026/1026/1026 1027/1027/1027
f 1028/1028/1028 1029/1029/1029 1030/1030/1030
f 1031/1031/1031 1032/1032/1032 1033/1033/1033
f 1034/1034/1034 1035/1035/1035 1036/1036/1036
