mtllib qe_containment.mtl
# QE containment door; CE geometry with true clip-plane equivalent
v 0.43750000 3.00000000 1.87500000
v 0.43750000 3.00000000 0.01151316
v 0.43750000 2.23437500 -0.87500000
v 0.43750000 2.23437500 1.87500000
v 0.43750000 3.00000000 -0.87500000
v 0.52220395 3.00000000 -0.87500000
v 0.56250000 2.23437500 -0.87500000
v 0.43750000 2.23437500 -0.87500000
v 0.56250000 3.00000000 -0.87500000
v 0.56250000 3.00000000 0.98848684
v 0.56250000 2.23437500 1.87500000
v 0.56250000 2.23437500 -0.87500000
v 0.56250000 3.00000000 1.87500000
v 0.47779605 3.00000000 1.87500000
v 0.43750000 2.23437500 1.87500000
v 0.56250000 2.23437500 1.87500000
v 0.56250000 2.23437500 -0.87500000
v 0.43750000 2.23437500 1.87500000
v 0.43750000 2.23437500 -0.87500000
v 0.43750000 2.23437500 -0.31250000
v 0.43750000 2.17187500 -0.62500000
v 0.43750000 2.17187500 -0.37500000
v 0.43750000 2.23437500 -0.68750000
v 0.56250000 2.17187500 -0.62500000
v 0.43750000 2.17187500 -0.62500000
v 0.56250000 2.23437500 -0.68750000
v 0.56250000 2.17187500 -0.37500000
v 0.56250000 2.17187500 -0.62500000
v 0.56250000 2.23437500 -0.31250000
v 0.43750000 2.17187500 -0.37500000
v 0.56250000 2.17187500 -0.37500000
v 0.56250000 2.17187500 -0.62500000
v 0.43750000 2.17187500 -0.37500000
v 0.43750000 2.17187500 -0.62500000
v 0.43750000 2.23437500 0.18750000
v 0.43750000 2.17187500 -0.12500000
v 0.43750000 2.17187500 0.12500000
v 0.43750000 2.23437500 -0.18750000
v 0.56250000 2.17187500 -0.12500000
v 0.43750000 2.17187500 -0.12500000
v 0.56250000 2.23437500 -0.18750000
v 0.56250000 2.17187500 0.12500000
v 0.56250000 2.17187500 -0.12500000
v 0.56250000 2.23437500 0.18750000
v 0.43750000 2.17187500 0.12500000
v 0.56250000 2.17187500 0.12500000
v 0.56250000 2.17187500 -0.12500000
v 0.43750000 2.17187500 0.12500000
v 0.43750000 2.17187500 -0.12500000
v 0.43750000 2.23437500 0.68750000
v 0.43750000 2.17187500 0.37500000
v 0.43750000 2.17187500 0.62500000
v 0.43750000 2.23437500 0.31250000
v 0.56250000 2.17187500 0.37500000
v 0.43750000 2.17187500 0.37500000
v 0.56250000 2.23437500 0.31250000
v 0.56250000 2.17187500 0.62500000
v 0.56250000 2.17187500 0.37500000
v 0.56250000 2.23437500 0.68750000
v 0.43750000 2.17187500 0.62500000
v 0.56250000 2.17187500 0.62500000
v 0.56250000 2.17187500 0.37500000
v 0.43750000 2.17187500 0.62500000
v 0.43750000 2.17187500 0.37500000
v 0.43750000 2.23437500 1.18750000
v 0.43750000 2.17187500 0.87500000
v 0.43750000 2.17187500 1.12500000
v 0.43750000 2.23437500 0.81250000
v 0.56250000 2.17187500 0.87500000
v 0.43750000 2.17187500 0.87500000
v 0.56250000 2.23437500 0.81250000
v 0.56250000 2.17187500 1.12500000
v 0.56250000 2.17187500 0.87500000
v 0.56250000 2.23437500 1.18750000
v 0.43750000 2.17187500 1.12500000
v 0.56250000 2.17187500 1.12500000
v 0.56250000 2.17187500 0.87500000
v 0.43750000 2.17187500 1.12500000
v 0.43750000 2.17187500 0.87500000
v 0.43750000 2.23437500 1.68750000
v 0.43750000 2.17187500 1.37500000
v 0.43750000 2.17187500 1.62500000
v 0.43750000 2.23437500 1.31250000
v 0.56250000 2.17187500 1.37500000
v 0.43750000 2.17187500 1.37500000
v 0.56250000 2.23437500 1.31250000
v 0.56250000 2.17187500 1.62500000
v 0.56250000 2.17187500 1.37500000
v 0.56250000 2.23437500 1.68750000
v 0.43750000 2.17187500 1.62500000
v 0.56250000 2.17187500 1.62500000
v 0.56250000 2.17187500 1.37500000
v 0.43750000 2.17187500 1.62500000
v 0.43750000 2.17187500 1.37500000
v 0.62500000 2.73437500 0.12500000
v 0.62500000 2.35937500 0.87500000
v 0.62500000 2.35937500 0.12500000
v 0.62500000 2.73437500 0.87500000
v 0.56250000 2.35937500 0.87500000
v 0.62500000 2.35937500 0.87500000
v 0.56250000 2.73437500 0.12500000
v 0.62500000 2.35937500 0.12500000
v 0.56250000 2.35937500 0.12500000
v 0.56250000 2.35937500 0.87500000
v 0.62500000 2.35937500 0.12500000
v 0.62500000 2.35937500 0.87500000
v 0.62500000 2.73437500 0.87500000
v 0.56250000 2.73437500 0.12500000
v 0.56250000 2.73437500 0.87500000
v 0.62500000 2.92187500 0.62500000
v 0.59895833 3.00000000 0.70312500
v 0.56250000 3.00000000 0.70312500
v 0.56250000 2.92187500 0.62500000
v 0.62500000 3.00000000 0.29687500
v 0.62500000 2.92187500 0.37500000
v 0.59895833 3.00000000 0.29687500
v 0.56250000 2.92187500 0.62500000
v 0.62500000 2.92187500 0.37500000
v 0.62500000 2.92187500 0.62500000
v 0.62500000 3.00000000 0.61473700
v 0.62500000 3.00000000 0.67076464
v 0.62500000 2.92187500 0.62500000
v 0.62500000 2.98437500 0.59911200
v 0.62500000 3.00000000 0.38526300
v 0.62500000 2.98437500 0.40088800
v 0.62500000 3.00000000 0.37421450
v 0.62500000 2.98437500 0.59911200
v 0.62500000 2.92187500 0.37500000
v 0.62500000 2.98437500 0.40088800
v 0.62500000 2.98437500 0.40088800
v 0.56250000 2.98437500 0.59911200
v 0.62500000 2.98437500 0.59911200
v 0.62500000 3.00000000 0.38526300
v 0.56897210 3.00000000 0.38526300
v 0.56250000 2.98437500 0.40088800
v 0.62500000 2.98437500 0.40088800
v 0.62500000 3.00000000 0.61473700
v 0.62500000 2.98437500 0.59911200
v 0.61852790 3.00000000 0.61473700
v 0.59375000 2.28571900 -0.87093800
v 0.59375000 3.00000000 -0.01019018
v 0.59375000 3.00000000 -0.00471652
v 0.59375000 2.23978700 -0.82855200
v 0.53475027 3.00000000 -0.00471652
v 0.59375000 2.23978700 -0.82855200
v 0.59375000 3.00000000 -0.00471652
v 0.58668491 3.00000000 -0.09687866
v 0.53125000 2.28571900 -0.87093800
v 0.53125000 3.00000000 -0.09687866
v 0.59375000 2.23978700 1.82855200
v 0.59375000 3.00000000 1.08702267
v 0.59375000 3.00000000 1.09687866
v 0.59375000 2.28571900 1.87093800
v 0.59375000 3.00000000 1.00471652
v 0.59375000 2.23978700 1.82855200
v 0.53475027 3.00000000 1.00471652
v 0.53125000 3.00000000 1.09687866
v 0.53125000 2.28571900 1.87093800
v 0.58668491 3.00000000 1.09687866
v 0.62500000 2.29687500 1.87500000
v 0.56640625 3.00000000 1.87500000
v 0.56250000 3.00000000 1.87500000
v 0.56250000 2.29687500 1.87500000
v 0.56250000 2.29687500 1.81250000
v 0.62109375 3.00000000 1.81250000
v 0.62500000 3.00000000 1.81250000
v 0.62500000 2.29687500 1.81250000
v 0.62500000 2.29687500 1.81250000
v 0.62500000 3.00000000 1.87109375
v 0.62500000 3.00000000 1.87500000
v 0.62500000 2.29687500 1.87500000
v 0.62500000 2.29687500 1.00000000
v 0.56640625 3.00000000 1.00000000
v 0.56250000 3.00000000 1.00000000
v 0.56250000 2.29687500 1.00000000
v 0.56250000 2.29687500 0.93750000
v 0.62109375 3.00000000 0.93750000
v 0.62500000 3.00000000 0.93750000
v 0.62500000 2.29687500 0.93750000
v 0.62500000 2.29687500 0.93750000
v 0.62500000 3.00000000 0.99609375
v 0.62500000 3.00000000 1.00000000
v 0.62500000 2.29687500 1.00000000
v 0.56250000 3.00000000 -0.87500000
v 0.56640625 3.00000000 -0.87500000
v 0.62500000 2.29687500 -0.87500000
v 0.56250000 2.29687500 -0.87500000
v 0.62500000 3.00000000 -0.81250000
v 0.62109375 3.00000000 -0.81250000
v 0.56250000 2.29687500 -0.81250000
v 0.62500000 2.29687500 -0.81250000
v 0.62500000 3.00000000 -0.87500000
v 0.62500000 3.00000000 -0.87109375
v 0.62500000 2.29687500 -0.81250000
v 0.62500000 2.29687500 -0.87500000
v 0.56250000 3.00000000 0.00000000
v 0.56640625 3.00000000 0.00000000
v 0.62500000 2.29687500 0.00000000
v 0.56250000 2.29687500 0.00000000
v 0.62500000 3.00000000 0.06250000
v 0.62109375 3.00000000 0.06250000
v 0.56250000 2.29687500 0.06250000
v 0.62500000 2.29687500 0.06250000
v 0.62500000 3.00000000 0.00000000
v 0.62500000 3.00000000 0.00390625
v 0.62500000 2.29687500 0.06250000
v 0.62500000 2.29687500 0.00000000
v 0.62500000 2.29687500 -0.87500000
v 0.62500000 2.23437500 1.87500000
v 0.62500000 2.23437500 -0.87500000
v 0.62500000 2.29687500 1.87500000
v 0.56250000 2.23437500 1.87500000
v 0.62500000 2.23437500 1.87500000
v 0.56250000 2.29687500 -0.87500000
v 0.62500000 2.23437500 -0.87500000
v 0.56250000 2.23437500 -0.87500000
v 0.56250000 2.23437500 1.87500000
v 0.62500000 2.23437500 -0.87500000
v 0.62500000 2.23437500 1.87500000
v 0.62500000 2.29687500 1.87500000
v 0.56250000 2.29687500 -0.87500000
v 0.56250000 2.29687500 1.87500000
v 0.37500000 2.73437500 0.87500000
v 0.37500000 2.35937500 0.12500000
v 0.37500000 2.35937500 0.87500000
v 0.37500000 2.73437500 0.12500000
v 0.43750000 2.35937500 0.12500000
v 0.37500000 2.35937500 0.12500000
v 0.43750000 2.73437500 0.87500000
v 0.37500000 2.35937500 0.87500000
v 0.43750000 2.35937500 0.87500000
v 0.43750000 2.35937500 0.12500000
v 0.37500000 2.35937500 0.87500000
v 0.37500000 2.35937500 0.12500000
v 0.37500000 2.73437500 0.12500000
v 0.43750000 2.73437500 0.87500000
v 0.43750000 2.73437500 0.12500000
v 0.37500000 2.92187500 0.37500000
v 0.40104167 3.00000000 0.29687500
v 0.43750000 3.00000000 0.29687500
v 0.43750000 2.92187500 0.37500000
v 0.43750000 2.92187500 0.62500000
v 0.41145833 3.00000000 0.70312500
v 0.37500000 3.00000000 0.70312500
v 0.37500000 2.92187500 0.62500000
v 0.43750000 2.92187500 0.37500000
v 0.37500000 2.92187500 0.62500000
v 0.37500000 2.92187500 0.37500000
v 0.37500000 3.00000000 0.38526300
v 0.37500000 3.00000000 0.32923536
v 0.37500000 2.92187500 0.37500000
v 0.37500000 2.98437500 0.40088800
v 0.37500000 3.00000000 0.67076464
v 0.37500000 2.92187500 0.62500000
v 0.37500000 3.00000000 0.70312500
v 0.37500000 2.98437500 0.40088800
v 0.37500000 2.92187500 0.62500000
v 0.37500000 2.98437500 0.59911200
v 0.37500000 2.98437500 0.59911200
v 0.43750000 2.98437500 0.40088800
v 0.37500000 2.98437500 0.40088800
v 0.37500000 3.00000000 0.61473700
v 0.43102790 3.00000000 0.61473700
v 0.43750000 2.98437500 0.59911200
v 0.37500000 2.98437500 0.59911200
v 0.37500000 3.00000000 0.38526300
v 0.37500000 2.98437500 0.40088800
v 0.38147210 3.00000000 0.38526300
v 0.40625000 2.28571900 1.87093800
v 0.40625000 3.00000000 1.01019018
v 0.40625000 3.00000000 1.00471652
v 0.40625000 2.23978700 1.82855200
v 0.46524973 3.00000000 1.00471652
v 0.40625000 2.23978700 1.82855200
v 0.40625000 3.00000000 1.00471652
v 0.41331509 3.00000000 1.09687866
v 0.46875000 2.28571900 1.87093800
v 0.46875000 3.00000000 1.09687866
v 0.40625000 2.23978700 -0.82855200
v 0.40625000 3.00000000 -0.08702267
v 0.40625000 3.00000000 -0.09687866
v 0.40625000 2.28571900 -0.87093800
v 0.40625000 3.00000000 -0.00471652
v 0.40625000 2.23978700 -0.82855200
v 0.46524973 3.00000000 -0.00471652
v 0.46875000 3.00000000 -0.09687866
v 0.46875000 2.28571900 -0.87093800
v 0.41331509 3.00000000 -0.09687866
v 0.37500000 2.29687500 -0.87500000
v 0.43359375 3.00000000 -0.87500000
v 0.43750000 3.00000000 -0.87500000
v 0.43750000 2.29687500 -0.87500000
v 0.43750000 2.29687500 -0.81250000
v 0.37890625 3.00000000 -0.81250000
v 0.37500000 3.00000000 -0.81250000
v 0.37500000 2.29687500 -0.81250000
v 0.37500000 2.29687500 -0.81250000
v 0.37500000 3.00000000 -0.87109375
v 0.37500000 3.00000000 -0.87500000
v 0.37500000 2.29687500 -0.87500000
v 0.37500000 2.29687500 0.00000000
v 0.43359375 3.00000000 0.00000000
v 0.43750000 3.00000000 0.00000000
v 0.43750000 2.29687500 0.00000000
v 0.43750000 2.29687500 0.06250000
v 0.37890625 3.00000000 0.06250000
v 0.37500000 3.00000000 0.06250000
v 0.37500000 2.29687500 0.06250000
v 0.37500000 2.29687500 0.06250000
v 0.37500000 3.00000000 0.00390625
v 0.37500000 3.00000000 0.00000000
v 0.37500000 2.29687500 0.00000000
v 0.43750000 3.00000000 1.87500000
v 0.43359375 3.00000000 1.87500000
v 0.37500000 2.29687500 1.87500000
v 0.43750000 2.29687500 1.87500000
v 0.37500000 3.00000000 1.81250000
v 0.37890625 3.00000000 1.81250000
v 0.43750000 2.29687500 1.81250000
v 0.37500000 2.29687500 1.81250000
v 0.37500000 3.00000000 1.87500000
v 0.37500000 3.00000000 1.87109375
v 0.37500000 2.29687500 1.81250000
v 0.37500000 2.29687500 1.87500000
v 0.43750000 3.00000000 1.00000000
v 0.43359375 3.00000000 1.00000000
v 0.37500000 2.29687500 1.00000000
v 0.43750000 2.29687500 1.00000000
v 0.37500000 3.00000000 0.93750000
v 0.37890625 3.00000000 0.93750000
v 0.43750000 2.29687500 0.93750000
v 0.37500000 2.29687500 0.93750000
v 0.37500000 3.00000000 1.00000000
v 0.37500000 3.00000000 0.99609375
v 0.37500000 2.29687500 0.93750000
v 0.37500000 2.29687500 1.00000000
v 0.37500000 2.29687500 1.87500000
v 0.37500000 2.23437500 -0.87500000
v 0.37500000 2.23437500 1.87500000
v 0.37500000 2.29687500 -0.87500000
v 0.43750000 2.23437500 -0.87500000
v 0.37500000 2.23437500 -0.87500000
v 0.43750000 2.29687500 1.87500000
v 0.37500000 2.23437500 1.87500000
v 0.43750000 2.23437500 1.87500000
v 0.43750000 2.23437500 -0.87500000
v 0.37500000 2.23437500 1.87500000
v 0.37500000 2.23437500 -0.87500000
v 0.37500000 2.29687500 -0.87500000
v 0.43750000 2.29687500 1.87500000
v 0.43750000 2.29687500 -0.87500000
v 0.43750000 3.00000000 0.01151316
v 0.43750000 3.00000000 -0.87500000
v 0.43750000 2.23437500 -0.87500000
v 0.52220395 3.00000000 -0.87500000
v 0.56250000 3.00000000 -0.87500000
v 0.56250000 2.23437500 -0.87500000
v 0.56250000 3.00000000 0.98848684
v 0.56250000 3.00000000 1.87500000
v 0.56250000 2.23437500 1.87500000
v 0.47779605 3.00000000 1.87500000
v 0.43750000 3.00000000 1.87500000
v 0.43750000 2.23437500 1.87500000
v 0.56250000 2.23437500 -0.87500000
v 0.56250000 2.23437500 1.87500000
v 0.43750000 2.23437500 1.87500000
v 0.43750000 2.23437500 -0.31250000
v 0.43750000 2.23437500 -0.68750000
v 0.43750000 2.17187500 -0.62500000
v 0.43750000 2.23437500 -0.68750000
v 0.56250000 2.23437500 -0.68750000
v 0.56250000 2.17187500 -0.62500000
v 0.56250000 2.23437500 -0.68750000
v 0.56250000 2.23437500 -0.31250000
v 0.56250000 2.17187500 -0.37500000
v 0.56250000 2.23437500 -0.31250000
v 0.43750000 2.23437500 -0.31250000
v 0.43750000 2.17187500 -0.37500000
v 0.56250000 2.17187500 -0.62500000
v 0.56250000 2.17187500 -0.37500000
v 0.43750000 2.17187500 -0.37500000
v 0.43750000 2.23437500 0.18750000
v 0.43750000 2.23437500 -0.18750000
v 0.43750000 2.17187500 -0.12500000
v 0.43750000 2.23437500 -0.18750000
v 0.56250000 2.23437500 -0.18750000
v 0.56250000 2.17187500 -0.12500000
v 0.56250000 2.23437500 -0.18750000
v 0.56250000 2.23437500 0.18750000
v 0.56250000 2.17187500 0.12500000
v 0.56250000 2.23437500 0.18750000
v 0.43750000 2.23437500 0.18750000
v 0.43750000 2.17187500 0.12500000
v 0.56250000 2.17187500 -0.12500000
v 0.56250000 2.17187500 0.12500000
v 0.43750000 2.17187500 0.12500000
v 0.43750000 2.23437500 0.68750000
v 0.43750000 2.23437500 0.31250000
v 0.43750000 2.17187500 0.37500000
v 0.43750000 2.23437500 0.31250000
v 0.56250000 2.23437500 0.31250000
v 0.56250000 2.17187500 0.37500000
v 0.56250000 2.23437500 0.31250000
v 0.56250000 2.23437500 0.68750000
v 0.56250000 2.17187500 0.62500000
v 0.56250000 2.23437500 0.68750000
v 0.43750000 2.23437500 0.68750000
v 0.43750000 2.17187500 0.62500000
v 0.56250000 2.17187500 0.37500000
v 0.56250000 2.17187500 0.62500000
v 0.43750000 2.17187500 0.62500000
v 0.43750000 2.23437500 1.18750000
v 0.43750000 2.23437500 0.81250000
v 0.43750000 2.17187500 0.87500000
v 0.43750000 2.23437500 0.81250000
v 0.56250000 2.23437500 0.81250000
v 0.56250000 2.17187500 0.87500000
v 0.56250000 2.23437500 0.81250000
v 0.56250000 2.23437500 1.18750000
v 0.56250000 2.17187500 1.12500000
v 0.56250000 2.23437500 1.18750000
v 0.43750000 2.23437500 1.18750000
v 0.43750000 2.17187500 1.12500000
v 0.56250000 2.17187500 0.87500000
v 0.56250000 2.17187500 1.12500000
v 0.43750000 2.17187500 1.12500000
v 0.43750000 2.23437500 1.68750000
v 0.43750000 2.23437500 1.31250000
v 0.43750000 2.17187500 1.37500000
v 0.43750000 2.23437500 1.31250000
v 0.56250000 2.23437500 1.31250000
v 0.56250000 2.17187500 1.37500000
v 0.56250000 2.23437500 1.31250000
v 0.56250000 2.23437500 1.68750000
v 0.56250000 2.17187500 1.62500000
v 0.56250000 2.23437500 1.68750000
v 0.43750000 2.23437500 1.68750000
v 0.43750000 2.17187500 1.62500000
v 0.56250000 2.17187500 1.37500000
v 0.56250000 2.17187500 1.62500000
v 0.43750000 2.17187500 1.62500000
v 0.62500000 2.73437500 0.12500000
v 0.62500000 2.73437500 0.87500000
v 0.62500000 2.35937500 0.87500000
v 0.62500000 2.73437500 0.87500000
v 0.56250000 2.73437500 0.87500000
v 0.56250000 2.35937500 0.87500000
v 0.56250000 2.73437500 0.12500000
v 0.62500000 2.73437500 0.12500000
v 0.62500000 2.35937500 0.12500000
v 0.56250000 2.35937500 0.87500000
v 0.56250000 2.35937500 0.12500000
v 0.62500000 2.35937500 0.12500000
v 0.62500000 2.73437500 0.87500000
v 0.62500000 2.73437500 0.12500000
v 0.56250000 2.73437500 0.12500000
v 0.59895833 3.00000000 0.70312500
v 0.62500000 2.92187500 0.62500000
v 0.62500000 3.00000000 0.70312500
v 0.59895833 3.00000000 0.29687500
v 0.62500000 2.92187500 0.37500000
v 0.56250000 2.92187500 0.37500000
v 0.56250000 3.00000000 0.29687500
v 0.56250000 2.92187500 0.62500000
v 0.56250000 2.92187500 0.37500000
v 0.62500000 2.92187500 0.37500000
v 0.62500000 3.00000000 0.67076464
v 0.62500000 3.00000000 0.70312500
v 0.62500000 2.92187500 0.62500000
v 0.62500000 3.00000000 0.37421450
v 0.62500000 2.98437500 0.40088800
v 0.62500000 2.92187500 0.37500000
v 0.62500000 3.00000000 0.29687500
v 0.62500000 2.98437500 0.59911200
v 0.62500000 2.92187500 0.62500000
v 0.62500000 2.92187500 0.37500000
v 0.62500000 2.98437500 0.40088800
v 0.56250000 2.98437500 0.40088800
v 0.56250000 2.98437500 0.59911200
v 0.56897210 3.00000000 0.38526300
v 0.56250000 3.00000000 0.38526300
v 0.56250000 2.98437500 0.40088800
v 0.61852790 3.00000000 0.61473700
v 0.62500000 2.98437500 0.59911200
v 0.56250000 2.98437500 0.59911200
v 0.56250000 3.00000000 0.61473700
v 0.59375000 3.00000000 -0.01019018
v 0.59375000 2.28571900 -0.87093800
v 0.59375000 3.00000000 -0.09687866
v 0.53475027 3.00000000 -0.00471652
v 0.53125000 3.00000000 -0.00471652
v 0.53125000 2.23978700 -0.82855200
v 0.59375000 2.23978700 -0.82855200
v 0.58668491 3.00000000 -0.09687866
v 0.59375000 3.00000000 -0.09687866
v 0.59375000 2.28571900 -0.87093800
v 0.53125000 2.28571900 -0.87093800
v 0.59375000 3.00000000 1.08702267
v 0.59375000 2.23978700 1.82855200
v 0.59375000 3.00000000 1.00471652
v 0.53475027 3.00000000 1.00471652
v 0.59375000 2.23978700 1.82855200
v 0.53125000 2.23978700 1.82855200
v 0.53125000 3.00000000 1.00471652
v 0.58668491 3.00000000 1.09687866
v 0.53125000 2.28571900 1.87093800
v 0.59375000 2.28571900 1.87093800
v 0.59375000 3.00000000 1.09687866
v 0.56640625 3.00000000 1.87500000
v 0.62500000 2.29687500 1.87500000
v 0.62500000 3.00000000 1.87500000
v 0.62109375 3.00000000 1.81250000
v 0.56250000 2.29687500 1.81250000
v 0.56250000 3.00000000 1.81250000
v 0.62500000 3.00000000 1.87109375
v 0.62500000 2.29687500 1.81250000
v 0.62500000 3.00000000 1.81250000
v 0.56640625 3.00000000 1.00000000
v 0.62500000 2.29687500 1.00000000
v 0.62500000 3.00000000 1.00000000
v 0.62109375 3.00000000 0.93750000
v 0.56250000 2.29687500 0.93750000
v 0.56250000 3.00000000 0.93750000
v 0.62500000 3.00000000 0.99609375
v 0.62500000 2.29687500 0.93750000
v 0.62500000 3.00000000 0.93750000
v 0.56640625 3.00000000 -0.87500000
v 0.62500000 3.00000000 -0.87500000
v 0.62500000 2.29687500 -0.87500000
v 0.62109375 3.00000000 -0.81250000
v 0.56250000 3.00000000 -0.81250000
v 0.56250000 2.29687500 -0.81250000
v 0.62500000 3.00000000 -0.87109375
v 0.62500000 3.00000000 -0.81250000
v 0.62500000 2.29687500 -0.81250000
v 0.56640625 3.00000000 0.00000000
v 0.62500000 3.00000000 0.00000000
v 0.62500000 2.29687500 0.00000000
v 0.62109375 3.00000000 0.06250000
v 0.56250000 3.00000000 0.06250000
v 0.56250000 2.29687500 0.06250000
v 0.62500000 3.00000000 0.00390625
v 0.62500000 3.00000000 0.06250000
v 0.62500000 2.29687500 0.06250000
v 0.62500000 2.29687500 -0.87500000
v 0.62500000 2.29687500 1.87500000
v 0.62500000 2.23437500 1.87500000
v 0.62500000 2.29687500 1.87500000
v 0.56250000 2.29687500 1.87500000
v 0.56250000 2.23437500 1.87500000
v 0.56250000 2.29687500 -0.87500000
v 0.62500000 2.29687500 -0.87500000
v 0.62500000 2.23437500 -0.87500000
v 0.56250000 2.23437500 1.87500000
v 0.56250000 2.23437500 -0.87500000
v 0.62500000 2.23437500 -0.87500000
v 0.62500000 2.29687500 1.87500000
v 0.62500000 2.29687500 -0.87500000
v 0.56250000 2.29687500 -0.87500000
v 0.37500000 2.73437500 0.87500000
v 0.37500000 2.73437500 0.12500000
v 0.37500000 2.35937500 0.12500000
v 0.37500000 2.73437500 0.12500000
v 0.43750000 2.73437500 0.12500000
v 0.43750000 2.35937500 0.12500000
v 0.43750000 2.73437500 0.87500000
v 0.37500000 2.73437500 0.87500000
v 0.37500000 2.35937500 0.87500000
v 0.43750000 2.35937500 0.12500000
v 0.43750000 2.35937500 0.87500000
v 0.37500000 2.35937500 0.87500000
v 0.37500000 2.73437500 0.12500000
v 0.37500000 2.73437500 0.87500000
v 0.43750000 2.73437500 0.87500000
v 0.40104167 3.00000000 0.29687500
v 0.37500000 2.92187500 0.37500000
v 0.37500000 3.00000000 0.29687500
v 0.41145833 3.00000000 0.70312500
v 0.43750000 2.92187500 0.62500000
v 0.43750000 3.00000000 0.70312500
v 0.43750000 2.92187500 0.37500000
v 0.43750000 2.92187500 0.62500000
v 0.37500000 2.92187500 0.62500000
v 0.37500000 3.00000000 0.32923536
v 0.37500000 3.00000000 0.29687500
v 0.37500000 2.92187500 0.37500000
v 0.37500000 3.00000000 0.67076464
v 0.37500000 3.00000000 0.61473700
v 0.37500000 2.98437500 0.59911200
v 0.37500000 2.92187500 0.62500000
v 0.37500000 2.98437500 0.40088800
v 0.37500000 2.92187500 0.37500000
v 0.37500000 2.92187500 0.62500000
v 0.37500000 2.98437500 0.59911200
v 0.43750000 2.98437500 0.59911200
v 0.43750000 2.98437500 0.40088800
v 0.43102790 3.00000000 0.61473700
v 0.43750000 3.00000000 0.61473700
v 0.43750000 2.98437500 0.59911200
v 0.38147210 3.00000000 0.38526300
v 0.37500000 2.98437500 0.40088800
v 0.43750000 2.98437500 0.40088800
v 0.43750000 3.00000000 0.38526300
v 0.40625000 3.00000000 1.01019018
v 0.40625000 2.28571900 1.87093800
v 0.40625000 3.00000000 1.09687866
v 0.46524973 3.00000000 1.00471652
v 0.46875000 3.00000000 1.00471652
v 0.46875000 2.23978700 1.82855200
v 0.40625000 2.23978700 1.82855200
v 0.41331509 3.00000000 1.09687866
v 0.40625000 3.00000000 1.09687866
v 0.40625000 2.28571900 1.87093800
v 0.46875000 2.28571900 1.87093800
v 0.40625000 3.00000000 -0.08702267
v 0.40625000 2.23978700 -0.82855200
v 0.40625000 3.00000000 -0.00471652
v 0.46524973 3.00000000 -0.00471652
v 0.40625000 2.23978700 -0.82855200
v 0.46875000 2.23978700 -0.82855200
v 0.46875000 3.00000000 -0.00471652
v 0.41331509 3.00000000 -0.09687866
v 0.46875000 2.28571900 -0.87093800
v 0.40625000 2.28571900 -0.87093800
v 0.40625000 3.00000000 -0.09687866
v 0.43359375 3.00000000 -0.87500000
v 0.37500000 2.29687500 -0.87500000
v 0.37500000 3.00000000 -0.87500000
v 0.37890625 3.00000000 -0.81250000
v 0.43750000 2.29687500 -0.81250000
v 0.43750000 3.00000000 -0.81250000
v 0.37500000 3.00000000 -0.87109375
v 0.37500000 2.29687500 -0.81250000
v 0.37500000 3.00000000 -0.81250000
v 0.43359375 3.00000000 0.00000000
v 0.37500000 2.29687500 0.00000000
v 0.37500000 3.00000000 0.00000000
v 0.37890625 3.00000000 0.06250000
v 0.43750000 2.29687500 0.06250000
v 0.43750000 3.00000000 0.06250000
v 0.37500000 3.00000000 0.00390625
v 0.37500000 2.29687500 0.06250000
v 0.37500000 3.00000000 0.06250000
v 0.43359375 3.00000000 1.87500000
v 0.37500000 3.00000000 1.87500000
v 0.37500000 2.29687500 1.87500000
v 0.37890625 3.00000000 1.81250000
v 0.43750000 3.00000000 1.81250000
v 0.43750000 2.29687500 1.81250000
v 0.37500000 3.00000000 1.87109375
v 0.37500000 3.00000000 1.81250000
v 0.37500000 2.29687500 1.81250000
v 0.43359375 3.00000000 1.00000000
v 0.37500000 3.00000000 1.00000000
v 0.37500000 2.29687500 1.00000000
v 0.37890625 3.00000000 0.93750000
v 0.43750000 3.00000000 0.93750000
v 0.43750000 2.29687500 0.93750000
v 0.37500000 3.00000000 0.99609375
v 0.37500000 3.00000000 0.93750000
v 0.37500000 2.29687500 0.93750000
v 0.37500000 2.29687500 1.87500000
v 0.37500000 2.29687500 -0.87500000
v 0.37500000 2.23437500 -0.87500000
v 0.37500000 2.29687500 -0.87500000
v 0.43750000 2.29687500 -0.87500000
v 0.43750000 2.23437500 -0.87500000
v 0.43750000 2.29687500 1.87500000
v 0.37500000 2.29687500 1.87500000
v 0.37500000 2.23437500 1.87500000
v 0.43750000 2.23437500 -0.87500000
v 0.43750000 2.23437500 1.87500000
v 0.37500000 2.23437500 1.87500000
v 0.37500000 2.29687500 -0.87500000
v 0.37500000 2.29687500 1.87500000
v 0.43750000 2.29687500 1.87500000
v 0.25000000 0.12500000 1.75000000
v 0.25000000 0.00000000 -0.75000000
v 0.25000000 0.00000000 1.75000000
v 0.25000000 0.12500000 -0.75000000
v 0.25000000 2.25000000 -1.00000000
v 0.25000000 0.12500000 -1.00000000
v 0.75000000 0.12500000 -0.75000000
v 0.75000000 0.00000000 1.75000000
v 0.75000000 0.00000000 -0.75000000
v 0.25000000 0.00000000 1.75000000
v 0.25000000 0.12500000 2.00000000
v 0.25000000 0.12500000 1.75000000
v 0.75000000 0.00000000 -0.75000000
v 0.25000000 0.00000000 1.75000000
v 0.25000000 0.00000000 -0.75000000
v 0.25000000 0.12500000 -0.75000000
v 0.37500000 0.12500000 1.75000000
v 0.37500000 0.12500000 -0.75000000
v 0.75000000 0.12500000 2.00000000
v 0.25000000 0.00000000 2.00000000
v 0.75000000 0.00000000 2.00000000
v 0.75000000 0.00000000 1.75000000
v 0.25000000 0.00000000 2.00000000
v 0.25000000 0.00000000 1.75000000
v 0.75000000 0.12500000 -0.75000000
v 0.62500000 2.25000000 -0.75000000
v 0.62500000 0.12500000 -0.75000000
v 0.75000000 0.12500000 1.75000000
v 0.75000000 0.00000000 2.00000000
v 0.75000000 0.00000000 1.75000000
v 0.25000000 0.12500000 -1.00000000
v 0.75000000 0.00000000 -1.00000000
v 0.25000000 0.00000000 -1.00000000
v 0.25000000 0.12500000 -0.75000000
v 0.25000000 0.00000000 -1.00000000
v 0.25000000 0.00000000 -0.75000000
v 0.75000000 0.00000000 -0.75000000
v 0.75000000 0.12500000 -1.00000000
v 0.75000000 0.12500000 -0.75000000
v 0.25000000 0.00000000 -0.75000000
v 0.75000000 0.00000000 -1.00000000
v 0.75000000 0.00000000 -0.75000000
v 0.75000000 2.25000000 1.75000000
v 0.75000000 3.00000000 2.00000000
v 0.75000000 2.25000000 2.00000000
v 0.75000000 2.25000000 -1.00000000
v 0.75000000 3.00000000 -0.75000000
v 0.75000000 2.25000000 -0.75000000
v 0.75000000 0.12500000 1.75000000
v 0.75000000 2.25000000 2.00000000
v 0.75000000 0.12500000 2.00000000
v 0.25000000 0.12500000 2.00000000
v 0.25000000 2.25000000 1.75000000
v 0.25000000 0.12500000 1.75000000
v 0.75000000 0.12500000 2.00000000
v 0.25000000 2.25000000 2.00000000
v 0.25000000 0.12500000 2.00000000
v 0.75000000 0.12500000 -1.00000000
v 0.75000000 2.25000000 -0.75000000
v 0.75000000 0.12500000 -0.75000000
v 0.25000000 0.12500000 -1.00000000
v 0.75000000 2.25000000 -1.00000000
v 0.75000000 0.12500000 -1.00000000
v 0.25000000 0.12500000 1.75000000
v 0.37500000 2.25000000 1.75000000
v 0.37500000 0.12500000 1.75000000
v 0.75000000 3.00000000 -0.75000000
v 0.25000000 3.00000000 -1.00000000
v 0.25000000 3.00000000 -0.75000000
v 0.25000000 3.00000000 1.75000000
v 0.75000000 3.00000000 2.00000000
v 0.75000000 3.00000000 1.75000000
v 0.75000000 2.25000000 2.00000000
v 0.25000000 3.00000000 2.00000000
v 0.25000000 2.25000000 2.00000000
v 0.75000000 2.50000000 -0.50000000
v 0.75000000 3.00000000 -0.75000000
v 0.75000000 3.00000000 -0.50000000
v 0.25000000 2.25000000 -0.75000000
v 0.25000000 3.00000000 -1.00000000
v 0.25000000 2.25000000 -1.00000000
v 0.25000000 2.25000000 -1.00000000
v 0.75000000 3.00000000 -1.00000000
v 0.75000000 2.25000000 -1.00000000
v 0.25000000 2.25000000 2.00000000
v 0.25000000 3.00000000 1.75000000
v 0.25000000 2.25000000 1.75000000
v 0.75000000 3.00000000 -0.50000000
v 0.25000000 3.00000000 -0.75000000
v 0.25000000 3.00000000 -0.50000000
v 0.25000000 2.50000000 -0.50000000
v 0.25000000 3.00000000 -0.75000000
v 0.25000000 2.25000000 -0.75000000
v 0.25000000 2.50000000 -0.50000000
v 0.37500000 2.25000000 -0.75000000
v 0.37500000 2.50000000 -0.50000000
v 0.25000000 2.25000000 1.75000000
v 0.37500000 2.50000000 1.50000000
v 0.37500000 2.25000000 1.75000000
v 0.25000000 3.00000000 1.75000000
v 0.25000000 2.50000000 1.50000000
v 0.25000000 2.25000000 1.75000000
v 0.75000000 3.00000000 1.75000000
v 0.25000000 3.00000000 1.50000000
v 0.25000000 3.00000000 1.75000000
v 0.75000000 3.00000000 1.75000000
v 0.75000000 2.50000000 1.50000000
v 0.75000000 3.00000000 1.50000000
v 0.25000000 2.50000000 1.50000000
v 0.37500000 2.50000000 -0.50000000
v 0.37500000 2.50000000 1.50000000
v 0.25000000 3.00000000 1.50000000
v 0.25000000 2.50000000 -0.50000000
v 0.25000000 2.50000000 1.50000000
v 0.75000000 3.00000000 1.50000000
v 0.25000000 3.00000000 -0.50000000
v 0.25000000 3.00000000 1.50000000
v 0.75000000 2.50000000 1.50000000
v 0.75000000 3.00000000 -0.50000000
v 0.75000000 3.00000000 1.50000000
v 0.62500000 2.50000000 1.50000000
v 0.75000000 2.50000000 -0.50000000
v 0.75000000 2.50000000 1.50000000
v 0.62500000 2.50000000 1.50000000
v 0.62500000 2.68750000 -0.50000000
v 0.62500000 2.50000000 -0.50000000
v 0.62500000 2.25000000 1.75000000
v 0.75000000 2.50000000 1.50000000
v 0.75000000 2.25000000 1.75000000
v 0.62500000 2.50000000 -0.50000000
v 0.75000000 2.25000000 -0.75000000
v 0.75000000 2.50000000 -0.50000000
v 0.62500000 0.12500000 1.75000000
v 0.75000000 2.25000000 1.75000000
v 0.75000000 0.12500000 1.75000000
v 0.37500000 0.12500000 -0.75000000
v 0.25000000 2.25000000 -0.75000000
v 0.25000000 0.12500000 -0.75000000
v 0.62500000 0.12500000 -0.75000000
v 0.75000000 0.12500000 1.75000000
v 0.75000000 0.12500000 -0.75000000
v 0.37500000 0.06250000 -0.75000000
v 0.62500000 0.06250000 1.75000000
v 0.62500000 0.06250000 -0.75000000
v 0.37500000 0.12500000 1.75000000
v 0.37500000 0.06250000 -0.75000000
v 0.37500000 0.12500000 -0.75000000
v 0.62500000 0.12500000 -0.75000000
v 0.62500000 0.06250000 1.75000000
v 0.62500000 0.12500000 1.75000000
v 0.62500000 0.12500000 -0.87500000
v 0.37500000 2.25000000 -0.87500000
v 0.37500000 0.12500000 -0.87500000
v 0.62500000 2.25000000 -0.75000000
v 0.62500000 0.12500000 -0.87500000
v 0.62500000 0.12500000 -0.75000000
v 0.37500000 0.12500000 -0.75000000
v 0.37500000 2.25000000 -0.87500000
v 0.37500000 2.25000000 -0.75000000
v 0.37500000 0.12500000 1.87500000
v 0.62500000 2.25000000 1.87500000
v 0.62500000 0.12500000 1.87500000
v 0.62500000 0.12500000 1.75000000
v 0.62500000 0.06250000 1.87500000
v 0.62500000 0.12500000 1.87500000
v 0.37500000 2.25000000 1.75000000
v 0.37500000 0.12500000 1.87500000
v 0.37500000 0.12500000 1.75000000
v 0.62500000 0.12500000 1.75000000
v 0.62500000 2.25000000 1.87500000
v 0.62500000 2.25000000 1.75000000
v 0.62500000 0.06250000 -0.75000000
v 0.37500000 0.06250000 -0.87500000
v 0.37500000 0.06250000 -0.75000000
v 0.37500000 0.06250000 1.75000000
v 0.62500000 0.06250000 1.87500000
v 0.62500000 0.06250000 1.75000000
v 0.62500000 0.12500000 -0.87500000
v 0.62500000 0.06250000 -0.75000000
v 0.62500000 0.12500000 -0.75000000
v 0.37500000 0.12500000 -0.87500000
v 0.62500000 0.06250000 -0.87500000
v 0.62500000 0.12500000 -0.87500000
v 0.37500000 0.12500000 -0.75000000
v 0.37500000 0.06250000 -0.87500000
v 0.37500000 0.12500000 -0.87500000
v 0.37500000 0.12500000 1.87500000
v 0.37500000 0.06250000 1.75000000
v 0.37500000 0.12500000 1.75000000
v 0.62500000 0.12500000 1.87500000
v 0.37500000 0.06250000 1.87500000
v 0.37500000 0.12500000 1.87500000
v 0.37500000 2.25000000 1.87500000
v 0.62500000 2.50000000 1.87500000
v 0.62500000 2.25000000 1.87500000
v 0.62500000 2.25000000 1.75000000
v 0.62500000 2.50000000 1.87500000
v 0.62500000 2.50000000 1.50000000
v 0.37500000 2.25000000 1.75000000
v 0.37500000 2.50000000 1.87500000
v 0.37500000 2.25000000 1.87500000
v 0.37500000 2.50000000 1.50000000
v 0.37500000 2.68750000 1.87500000
v 0.37500000 2.50000000 1.87500000
v 0.37500000 2.50000000 -0.87500000
v 0.62500000 2.25000000 -0.87500000
v 0.62500000 2.50000000 -0.87500000
v 0.62500000 2.25000000 -0.75000000
v 0.62500000 2.50000000 -0.87500000
v 0.62500000 2.25000000 -0.87500000
v 0.37500000 2.25000000 -0.75000000
v 0.37500000 2.50000000 -0.87500000
v 0.37500000 2.50000000 -0.50000000
v 0.62500000 2.50000000 -0.50000000
v 0.62500000 2.68750000 -0.87500000
v 0.62500000 2.50000000 -0.87500000
v 0.37500000 2.68750000 1.50000000
v 0.62500000 2.68750000 -0.50000000
v 0.62500000 2.68750000 1.50000000
v 0.62500000 2.68750000 1.50000000
v 0.37500000 2.68750000 1.87500000
v 0.37500000 2.68750000 1.50000000
v 0.37500000 2.68750000 -0.50000000
v 0.62500000 2.68750000 -0.87500000
v 0.62500000 2.68750000 -0.50000000
v 0.37500000 2.50000000 1.87500000
v 0.62500000 2.68750000 1.87500000
v 0.62500000 2.50000000 1.87500000
v 0.37500000 2.50000000 -0.87500000
v 0.37500000 2.68750000 -0.50000000
v 0.37500000 2.50000000 -0.50000000
v 0.62500000 2.50000000 -0.87500000
v 0.37500000 2.68750000 -0.87500000
v 0.37500000 2.50000000 -0.87500000
v 0.37500000 2.50000000 -0.50000000
v 0.37500000 2.68750000 1.50000000
v 0.37500000 2.50000000 1.50000000
v 0.62500000 2.50000000 1.87500000
v 0.62500000 2.68750000 1.50000000
v 0.62500000 2.50000000 1.50000000
v 0.25000000 0.12500000 1.75000000
v 0.25000000 0.12500000 -0.75000000
v 0.25000000 0.00000000 -0.75000000
v 0.25000000 0.12500000 -0.75000000
v 0.25000000 2.25000000 -0.75000000
v 0.25000000 2.25000000 -1.00000000
v 0.75000000 0.12500000 -0.75000000
v 0.75000000 0.12500000 1.75000000
v 0.75000000 0.00000000 1.75000000
v 0.25000000 0.00000000 1.75000000
v 0.25000000 0.00000000 2.00000000
v 0.25000000 0.12500000 2.00000000
v 0.75000000 0.00000000 -0.75000000
v 0.75000000 0.00000000 1.75000000
v 0.25000000 0.00000000 1.75000000
v 0.25000000 0.12500000 -0.75000000
v 0.25000000 0.12500000 1.75000000
v 0.37500000 0.12500000 1.75000000
v 0.75000000 0.12500000 2.00000000
v 0.25000000 0.12500000 2.00000000
v 0.25000000 0.00000000 2.00000000
v 0.75000000 0.00000000 1.75000000
v 0.75000000 0.00000000 2.00000000
v 0.25000000 0.00000000 2.00000000
v 0.75000000 0.12500000 -0.75000000
v 0.75000000 2.25000000 -0.75000000
v 0.62500000 2.25000000 -0.75000000
v 0.75000000 0.12500000 1.75000000
v 0.75000000 0.12500000 2.00000000
v 0.75000000 0.00000000 2.00000000
v 0.25000000 0.12500000 -1.00000000
v 0.75000000 0.12500000 -1.00000000
v 0.75000000 0.00000000 -1.00000000
v 0.25000000 0.12500000 -0.75000000
v 0.25000000 0.12500000 -1.00000000
v 0.25000000 0.00000000 -1.00000000
v 0.75000000 0.00000000 -0.75000000
v 0.75000000 0.00000000 -1.00000000
v 0.75000000 0.12500000 -1.00000000
v 0.25000000 0.00000000 -0.75000000
v 0.25000000 0.00000000 -1.00000000
v 0.75000000 0.00000000 -1.00000000
v 0.75000000 2.25000000 1.75000000
v 0.75000000 3.00000000 1.75000000
v 0.75000000 3.00000000 2.00000000
v 0.75000000 2.25000000 -1.00000000
v 0.75000000 3.00000000 -1.00000000
v 0.75000000 3.00000000 -0.75000000
v 0.75000000 0.12500000 1.75000000
v 0.75000000 2.25000000 1.75000000
v 0.75000000 2.25000000 2.00000000
v 0.25000000 0.12500000 2.00000000
v 0.25000000 2.25000000 2.00000000
v 0.25000000 2.25000000 1.75000000
v 0.75000000 0.12500000 2.00000000
v 0.75000000 2.25000000 2.00000000
v 0.25000000 2.25000000 2.00000000
v 0.75000000 0.12500000 -1.00000000
v 0.75000000 2.25000000 -1.00000000
v 0.75000000 2.25000000 -0.75000000
v 0.25000000 0.12500000 -1.00000000
v 0.25000000 2.25000000 -1.00000000
v 0.75000000 2.25000000 -1.00000000
v 0.25000000 0.12500000 1.75000000
v 0.25000000 2.25000000 1.75000000
v 0.37500000 2.25000000 1.75000000
v 0.75000000 3.00000000 -0.75000000
v 0.75000000 3.00000000 -1.00000000
v 0.25000000 3.00000000 -1.00000000
v 0.25000000 3.00000000 1.75000000
v 0.25000000 3.00000000 2.00000000
v 0.75000000 3.00000000 2.00000000
v 0.75000000 2.25000000 2.00000000
v 0.75000000 3.00000000 2.00000000
v 0.25000000 3.00000000 2.00000000
v 0.75000000 2.50000000 -0.50000000
v 0.75000000 2.25000000 -0.75000000
v 0.75000000 3.00000000 -0.75000000
v 0.25000000 2.25000000 -0.75000000
v 0.25000000 3.00000000 -0.75000000
v 0.25000000 3.00000000 -1.00000000
v 0.25000000 2.25000000 -1.00000000
v 0.25000000 3.00000000 -1.00000000
v 0.75000000 3.00000000 -1.00000000
v 0.25000000 2.25000000 2.00000000
v 0.25000000 3.00000000 2.00000000
v 0.25000000 3.00000000 1.75000000
v 0.75000000 3.00000000 -0.50000000
v 0.75000000 3.00000000 -0.75000000
v 0.25000000 3.00000000 -0.75000000
v 0.25000000 2.50000000 -0.50000000
v 0.25000000 3.00000000 -0.50000000
v 0.25000000 3.00000000 -0.75000000
v 0.25000000 2.50000000 -0.50000000
v 0.25000000 2.25000000 -0.75000000
v 0.37500000 2.25000000 -0.75000000
v 0.25000000 2.25000000 1.75000000
v 0.25000000 2.50000000 1.50000000
v 0.37500000 2.50000000 1.50000000
v 0.25000000 3.00000000 1.75000000
v 0.25000000 3.00000000 1.50000000
v 0.25000000 2.50000000 1.50000000
v 0.75000000 3.00000000 1.75000000
v 0.75000000 3.00000000 1.50000000
v 0.25000000 3.00000000 1.50000000
v 0.75000000 3.00000000 1.75000000
v 0.75000000 2.25000000 1.75000000
v 0.75000000 2.50000000 1.50000000
v 0.25000000 2.50000000 1.50000000
v 0.25000000 2.50000000 -0.50000000
v 0.37500000 2.50000000 -0.50000000
v 0.25000000 3.00000000 1.50000000
v 0.25000000 3.00000000 -0.50000000
v 0.25000000 2.50000000 -0.50000000
v 0.75000000 3.00000000 1.50000000
v 0.75000000 3.00000000 -0.50000000
v 0.25000000 3.00000000 -0.50000000
v 0.75000000 2.50000000 1.50000000
v 0.75000000 2.50000000 -0.50000000
v 0.75000000 3.00000000 -0.50000000
v 0.62500000 2.50000000 1.50000000
v 0.62500000 2.50000000 -0.50000000
v 0.75000000 2.50000000 -0.50000000
v 0.62500000 2.50000000 1.50000000
v 0.62500000 2.68750000 1.50000000
v 0.62500000 2.68750000 -0.50000000
v 0.62500000 2.25000000 1.75000000
v 0.62500000 2.50000000 1.50000000
v 0.75000000 2.50000000 1.50000000
v 0.62500000 2.50000000 -0.50000000
v 0.62500000 2.25000000 -0.75000000
v 0.75000000 2.25000000 -0.75000000
v 0.62500000 0.12500000 1.75000000
v 0.62500000 2.25000000 1.75000000
v 0.75000000 2.25000000 1.75000000
v 0.37500000 0.12500000 -0.75000000
v 0.37500000 2.25000000 -0.75000000
v 0.25000000 2.25000000 -0.75000000
v 0.62500000 0.12500000 -0.75000000
v 0.62500000 0.12500000 1.75000000
v 0.75000000 0.12500000 1.75000000
v 0.37500000 0.06250000 -0.75000000
v 0.37500000 0.06250000 1.75000000
v 0.62500000 0.06250000 1.75000000
v 0.37500000 0.12500000 1.75000000
v 0.37500000 0.06250000 1.75000000
v 0.37500000 0.06250000 -0.75000000
v 0.62500000 0.12500000 -0.75000000
v 0.62500000 0.06250000 -0.75000000
v 0.62500000 0.06250000 1.75000000
v 0.62500000 0.12500000 -0.87500000
v 0.62500000 2.25000000 -0.87500000
v 0.37500000 2.25000000 -0.87500000
v 0.62500000 2.25000000 -0.75000000
v 0.62500000 2.25000000 -0.87500000
v 0.62500000 0.12500000 -0.87500000
v 0.37500000 0.12500000 -0.75000000
v 0.37500000 0.12500000 -0.87500000
v 0.37500000 2.25000000 -0.87500000
v 0.37500000 0.12500000 1.87500000
v 0.37500000 2.25000000 1.87500000
v 0.62500000 2.25000000 1.87500000
v 0.62500000 0.12500000 1.75000000
v 0.62500000 0.06250000 1.75000000
v 0.62500000 0.06250000 1.87500000
v 0.37500000 2.25000000 1.75000000
v 0.37500000 2.25000000 1.87500000
v 0.37500000 0.12500000 1.87500000
v 0.62500000 0.12500000 1.75000000
v 0.62500000 0.12500000 1.87500000
v 0.62500000 2.25000000 1.87500000
v 0.62500000 0.06250000 -0.75000000
v 0.62500000 0.06250000 -0.87500000
v 0.37500000 0.06250000 -0.87500000
v 0.37500000 0.06250000 1.75000000
v 0.37500000 0.06250000 1.87500000
v 0.62500000 0.06250000 1.87500000
v 0.62500000 0.12500000 -0.87500000
v 0.62500000 0.06250000 -0.87500000
v 0.62500000 0.06250000 -0.75000000
v 0.37500000 0.12500000 -0.87500000
v 0.37500000 0.06250000 -0.87500000
v 0.62500000 0.06250000 -0.87500000
v 0.37500000 0.12500000 -0.75000000
v 0.37500000 0.06250000 -0.75000000
v 0.37500000 0.06250000 -0.87500000
v 0.37500000 0.12500000 1.87500000
v 0.37500000 0.06250000 1.87500000
v 0.37500000 0.06250000 1.75000000
v 0.62500000 0.12500000 1.87500000
v 0.62500000 0.06250000 1.87500000
v 0.37500000 0.06250000 1.87500000
v 0.37500000 2.25000000 1.87500000
v 0.37500000 2.50000000 1.87500000
v 0.62500000 2.50000000 1.87500000
v 0.62500000 2.25000000 1.75000000
v 0.62500000 2.25000000 1.87500000
v 0.62500000 2.50000000 1.87500000
v 0.37500000 2.25000000 1.75000000
v 0.37500000 2.50000000 1.50000000
v 0.37500000 2.50000000 1.87500000
v 0.37500000 2.50000000 1.50000000
v 0.37500000 2.68750000 1.50000000
v 0.37500000 2.68750000 1.87500000
v 0.37500000 2.50000000 -0.87500000
v 0.37500000 2.25000000 -0.87500000
v 0.62500000 2.25000000 -0.87500000
v 0.62500000 2.25000000 -0.75000000
v 0.62500000 2.50000000 -0.50000000
v 0.62500000 2.50000000 -0.87500000
v 0.37500000 2.25000000 -0.75000000
v 0.37500000 2.25000000 -0.87500000
v 0.37500000 2.50000000 -0.87500000
v 0.62500000 2.50000000 -0.50000000
v 0.62500000 2.68750000 -0.50000000
v 0.62500000 2.68750000 -0.87500000
v 0.37500000 2.68750000 1.50000000
v 0.37500000 2.68750000 -0.50000000
v 0.62500000 2.68750000 -0.50000000
v 0.62500000 2.68750000 1.50000000
v 0.62500000 2.68750000 1.87500000
v 0.37500000 2.68750000 1.87500000
v 0.37500000 2.68750000 -0.50000000
v 0.37500000 2.68750000 -0.87500000
v 0.62500000 2.68750000 -0.87500000
v 0.37500000 2.50000000 1.87500000
v 0.37500000 2.68750000 1.87500000
v 0.62500000 2.68750000 1.87500000
v 0.37500000 2.50000000 -0.87500000
v 0.37500000 2.68750000 -0.87500000
v 0.37500000 2.68750000 -0.50000000
v 0.62500000 2.50000000 -0.87500000
v 0.62500000 2.68750000 -0.87500000
v 0.37500000 2.68750000 -0.87500000
v 0.37500000 2.50000000 -0.50000000
v 0.37500000 2.68750000 -0.50000000
v 0.37500000 2.68750000 1.50000000
v 0.62500000 2.50000000 1.87500000
v 0.62500000 2.68750000 1.87500000
v 0.62500000 2.68750000 1.50000000
vt 0.39166700 0.30929472
vt 0.14320186 0.30929472
vt 0.02500000 0.23076900
vt 0.39166700 0.23076900
vt 0.02500000 0.30929472
vt 0.01370591 0.30929472
vt 0.00833300 0.23076900
vt 0.02500000 0.23076900
vt 0.77500000 0.30929472
vt 0.52653486 0.30929472
vt 0.40833300 0.23076900
vt 0.77500000 0.23076900
vt 0.40833300 0.30929472
vt 0.39703959 0.30929472
vt 0.39166700 0.23076900
vt 0.40833300 0.23076900
vt 0.02500000 0.21794900
vt 0.39166700 0.23076900
vt 0.02500000 0.23076900
vt 0.65833300 0.84615400
vt 0.70000000 0.85256400
vt 0.66666700 0.85256400
vt 0.70833300 0.85256400
vt 0.70000000 0.86538500
vt 0.70000000 0.85256400
vt 0.70833300 0.87179500
vt 0.66666700 0.86538500
vt 0.70000000 0.86538500
vt 0.65833300 0.86538500
vt 0.66666700 0.85256400
vt 0.66666700 0.86538500
vt 0.70000000 0.86538500
vt 0.66666700 0.85256400
vt 0.70000000 0.85256400
vt 0.71666700 0.84615400
vt 0.75833300 0.85256400
vt 0.72500000 0.85256400
vt 0.76666700 0.85256400
vt 0.75833300 0.86538500
vt 0.75833300 0.85256400
vt 0.76666700 0.87179500
vt 0.72500000 0.86538500
vt 0.75833300 0.86538500
vt 0.71666700 0.86538500
vt 0.72500000 0.85256400
vt 0.72500000 0.86538500
vt 0.75833300 0.86538500
vt 0.72500000 0.85256400
vt 0.75833300 0.85256400
vt 0.77500000 0.84615400
vt 0.81666700 0.85256400
vt 0.78333300 0.85256400
vt 0.82500000 0.85256400
vt 0.81666700 0.86538500
vt 0.81666700 0.85256400
vt 0.82500000 0.87179500
vt 0.78333300 0.86538500
vt 0.81666700 0.86538500
vt 0.77500000 0.86538500
vt 0.78333300 0.85256400
vt 0.78333300 0.86538500
vt 0.81666700 0.86538500
vt 0.78333300 0.85256400
vt 0.81666700 0.85256400
vt 0.83333300 0.84615400
vt 0.87500000 0.85256400
vt 0.84166700 0.85256400
vt 0.88333300 0.85256400
vt 0.87500000 0.86538500
vt 0.87500000 0.85256400
vt 0.88333300 0.87179500
vt 0.84166700 0.86538500
vt 0.87500000 0.86538500
vt 0.83333300 0.86538500
vt 0.84166700 0.85256400
vt 0.84166700 0.86538500
vt 0.87500000 0.86538500
vt 0.84166700 0.85256400
vt 0.87500000 0.85256400
vt 0.60000000 0.84615400
vt 0.64166700 0.85256400
vt 0.60833300 0.85256400
vt 0.65000000 0.85256400
vt 0.64166700 0.86538500
vt 0.64166700 0.85256400
vt 0.65000000 0.87179500
vt 0.60833300 0.86538500
vt 0.64166700 0.86538500
vt 0.60000000 0.86538500
vt 0.60833300 0.85256400
vt 0.60833300 0.86538500
vt 0.64166700 0.86538500
vt 0.60833300 0.85256400
vt 0.64166700 0.85256400
vt 0.90000000 0.09615400
vt 0.80000000 0.05769200
vt 0.90000000 0.05769200
vt 0.80000000 0.09615400
vt 0.79166700 0.05769200
vt 0.80000000 0.05769200
vt 0.90833300 0.09615400
vt 0.90000000 0.05769200
vt 0.90833300 0.05769200
vt 0.80000000 0.05128200
vt 0.90000000 0.05769200
vt 0.80000000 0.05769200
vt 0.80000000 0.09615400
vt 0.90000000 0.10256400
vt 0.80000000 0.10256400
vt 0.73333300 0.75641000
vt 0.73680550 0.74572625
vt 0.74166700 0.74572625
vt 0.74166700 0.75641000
vt 0.75833300 0.74572625
vt 0.75833300 0.75641000
vt 0.75486092 0.74572625
vt 0.81666700 0.04487200
vt 0.78333300 0.03846200
vt 0.81666700 0.03846200
vt 0.72500000 0.75408667
vt 0.73028215 0.74819580
vt 0.73333300 0.75641000
vt 0.72500000 0.75641000
vt 0.76666700 0.75408667
vt 0.76666700 0.75641000
vt 0.76562525 0.75320487
vt 0.81250000 0.03205100
vt 0.78333300 0.03846200
vt 0.78750000 0.03205100
vt 0.78750000 0.03205100
vt 0.81250000 0.02564100
vt 0.81250000 0.03205100
vt 0.76666700 0.75408667
vt 0.77413709 0.75408667
vt 0.77500000 0.75641000
vt 0.76666700 0.75641000
vt 0.72500000 0.75408667
vt 0.72500000 0.75641000
vt 0.72413709 0.75408667
vt 0.57500000 0.01282100
vt 0.72392933 0.01885030
vt 0.72446568 0.01923100
vt 0.57500000 0.01923100
vt 0.72446568 0.02528201
vt 0.57500000 0.01923100
vt 0.72446568 0.01923100
vt 0.71543480 0.01209629
vt 0.57500000 0.00641000
vt 0.71543480 0.00641000
vt 0.57500000 0.04487200
vt 0.71640056 0.03914750
vt 0.71543480 0.03846200
vt 0.57500000 0.03846200
vt 0.72446568 0.04487200
vt 0.57500000 0.04487200
vt 0.72446568 0.05092301
vt 0.71543480 0.03205100
vt 0.57500000 0.03205100
vt 0.71543480 0.03773729
vt 0.72500000 0.76282000
vt 0.71718781 0.83493625
vt 0.71666700 0.83493625
vt 0.71666700 0.76282000
vt 0.74166700 0.76282000
vt 0.73385387 0.83493625
vt 0.73333300 0.83493625
vt 0.73333300 0.76282000
vt 0.73333300 0.76282000
vt 0.72552081 0.83493625
vt 0.72500000 0.83493625
vt 0.72500000 0.76282000
vt 0.75833300 0.76282000
vt 0.75052081 0.83493625
vt 0.75000000 0.83493625
vt 0.75000000 0.76282000
vt 0.77500000 0.76282000
vt 0.76718781 0.83493625
vt 0.76666700 0.83493625
vt 0.76666700 0.76282000
vt 0.76666700 0.76282000
vt 0.75885388 0.83493625
vt 0.75833300 0.83493625
vt 0.75833300 0.76282000
vt 0.84166700 0.83493631
vt 0.84114613 0.83493631
vt 0.83333300 0.76282100
vt 0.84166700 0.76282100
vt 0.82500000 0.83493631
vt 0.82447919 0.83493631
vt 0.81666700 0.76282100
vt 0.82500000 0.76282100
vt 0.83333300 0.83493631
vt 0.83281219 0.83493631
vt 0.82500000 0.76282100
vt 0.83333300 0.76282100
vt 0.80833300 0.83493625
vt 0.80781219 0.83493625
vt 0.80000000 0.76282000
vt 0.80833300 0.76282000
vt 0.79166700 0.83493625
vt 0.79114613 0.83493625
vt 0.78333300 0.76282000
vt 0.79166700 0.76282000
vt 0.80000000 0.83493625
vt 0.79947919 0.83493625
vt 0.79166700 0.76282000
vt 0.80000000 0.76282000
vt 0.57500000 0.11538500
vt 0.94166700 0.12179500
vt 0.57500000 0.12179500
vt 0.94166700 0.11538500
vt 0.95000000 0.12179500
vt 0.94166700 0.12179500
vt 0.56666700 0.11538500
vt 0.57500000 0.12179500
vt 0.56666700 0.12179500
vt 0.94166700 0.12820500
vt 0.57500000 0.12179500
vt 0.94166700 0.12179500
vt 0.94166700 0.11538500
vt 0.57500000 0.10897400
vt 0.94166700 0.10897400
vt 0.34166700 0.10256400
vt 0.24166700 0.06410300
vt 0.34166700 0.06410300
vt 0.24166700 0.10256400
vt 0.23333300 0.06410300
vt 0.24166700 0.06410300
vt 0.35000000 0.10256400
vt 0.34166700 0.06410300
vt 0.35000000 0.06410300
vt 0.24166700 0.05769200
vt 0.34166700 0.06410300
vt 0.24166700 0.06410300
vt 0.24166700 0.10256400
vt 0.34166700 0.10897400
vt 0.24166700 0.10897400
vt 0.37500000 0.08974400
vt 0.37847208 0.07906025
vt 0.38333300 0.07906025
vt 0.38333300 0.08974400
vt 0.39166700 0.08974400
vt 0.39513908 0.07906025
vt 0.40000000 0.07906025
vt 0.40000000 0.08974400
vt 0.25833300 0.05128200
vt 0.22500000 0.04487200
vt 0.25833300 0.04487200
vt 0.36666700 0.08742067
vt 0.37194915 0.08152980
vt 0.37500000 0.08974400
vt 0.36666700 0.08974400
vt 0.40305085 0.08152980
vt 0.40000000 0.08974400
vt 0.40000000 0.07906025
vt 0.25416700 0.03846200
vt 0.22500000 0.04487200
vt 0.22916700 0.03846200
vt 0.22916700 0.03846200
vt 0.25416700 0.03205100
vt 0.25416700 0.03846200
vt 0.40833300 0.08742067
vt 0.41580398 0.08742067
vt 0.41666700 0.08974400
vt 0.40833300 0.08974400
vt 0.36666700 0.08742067
vt 0.36666700 0.08974400
vt 0.36580398 0.08742067
vt 0.01666700 0.01923100
vt 0.16559633 0.02526030
vt 0.16613268 0.02564100
vt 0.01666700 0.02564100
vt 0.16613268 0.03169201
vt 0.01666700 0.02564100
vt 0.16613268 0.02564100
vt 0.15710180 0.01850640
vt 0.01666700 0.01282100
vt 0.15710180 0.01282100
vt 0.01666700 0.05128200
vt 0.15806756 0.04555750
vt 0.15710180 0.04487200
vt 0.01666700 0.04487200
vt 0.16613268 0.05128200
vt 0.01666700 0.05128200
vt 0.16613268 0.05733301
vt 0.15710180 0.03846200
vt 0.01666700 0.03846200
vt 0.15710180 0.04414740
vt 0.43333300 0.01282100
vt 0.42552081 0.08493631
vt 0.42500000 0.08493631
vt 0.42500000 0.01282100
vt 0.45000000 0.01282100
vt 0.44218781 0.08493631
vt 0.44166700 0.08493631
vt 0.44166700 0.01282100
vt 0.44166700 0.01282100
vt 0.43385387 0.08493631
vt 0.43333300 0.08493631
vt 0.43333300 0.01282100
vt 0.46666700 0.01282100
vt 0.45885387 0.08493631
vt 0.45833300 0.08493631
vt 0.45833300 0.01282100
vt 0.48333300 0.01282100
vt 0.47552081 0.08493631
vt 0.47500000 0.08493631
vt 0.47500000 0.01282100
vt 0.47500000 0.01282100
vt 0.46718781 0.08493631
vt 0.46666700 0.08493631
vt 0.46666700 0.01282100
vt 0.55833300 0.21955131
vt 0.55781219 0.21955131
vt 0.55000000 0.14743600
vt 0.55833300 0.14743600
vt 0.54166700 0.21955131
vt 0.54114613 0.21955131
vt 0.53333300 0.14743600
vt 0.54166700 0.14743600
vt 0.55000000 0.21955131
vt 0.54947919 0.21955131
vt 0.54166700 0.14743600
vt 0.55000000 0.14743600
vt 0.51666700 0.08493631
vt 0.51614613 0.08493631
vt 0.50833300 0.01282100
vt 0.51666700 0.01282100
vt 0.50000000 0.08493631
vt 0.49947919 0.08493631
vt 0.49166700 0.01282100
vt 0.50000000 0.01282100
vt 0.50833300 0.08493631
vt 0.50781219 0.08493631
vt 0.50000000 0.01282100
vt 0.50833300 0.01282100
vt 0.01666700 0.12179500
vt 0.38333300 0.12820500
vt 0.01666700 0.12820500
vt 0.38333300 0.12179500
vt 0.39166700 0.12820500
vt 0.38333300 0.12820500
vt 0.00833300 0.12179500
vt 0.01666700 0.12820500
vt 0.00833300 0.12820500
vt 0.38333300 0.13461500
vt 0.01666700 0.12820500
vt 0.38333300 0.12820500
vt 0.38333300 0.12179500
vt 0.01666700 0.11538500
vt 0.38333300 0.11538500
vt 0.14320186 0.30929472
vt 0.02500000 0.30929472
vt 0.02500000 0.23076900
vt 0.01370591 0.30929472
vt 0.00833300 0.30929472
vt 0.00833300 0.23076900
vt 0.52653486 0.30929472
vt 0.40833300 0.30929472
vt 0.40833300 0.23076900
vt 0.39703959 0.30929472
vt 0.39166700 0.30929472
vt 0.39166700 0.23076900
vt 0.02500000 0.21794900
vt 0.39166700 0.21794900
vt 0.39166700 0.23076900
vt 0.65833300 0.84615400
vt 0.70833300 0.84615400
vt 0.70000000 0.85256400
vt 0.70833300 0.85256400
vt 0.70833300 0.86538500
vt 0.70000000 0.86538500
vt 0.70833300 0.87179500
vt 0.65833300 0.87179500
vt 0.66666700 0.86538500
vt 0.65833300 0.86538500
vt 0.65833300 0.85256400
vt 0.66666700 0.85256400
vt 0.70000000 0.86538500
vt 0.66666700 0.86538500
vt 0.66666700 0.85256400
vt 0.71666700 0.84615400
vt 0.76666700 0.84615400
vt 0.75833300 0.85256400
vt 0.76666700 0.85256400
vt 0.76666700 0.86538500
vt 0.75833300 0.86538500
vt 0.76666700 0.87179500
vt 0.71666700 0.87179500
vt 0.72500000 0.86538500
vt 0.71666700 0.86538500
vt 0.71666700 0.85256400
vt 0.72500000 0.85256400
vt 0.75833300 0.86538500
vt 0.72500000 0.86538500
vt 0.72500000 0.85256400
vt 0.77500000 0.84615400
vt 0.82500000 0.84615400
vt 0.81666700 0.85256400
vt 0.82500000 0.85256400
vt 0.82500000 0.86538500
vt 0.81666700 0.86538500
vt 0.82500000 0.87179500
vt 0.77500000 0.87179500
vt 0.78333300 0.86538500
vt 0.77500000 0.86538500
vt 0.77500000 0.85256400
vt 0.78333300 0.85256400
vt 0.81666700 0.86538500
vt 0.78333300 0.86538500
vt 0.78333300 0.85256400
vt 0.83333300 0.84615400
vt 0.88333300 0.84615400
vt 0.87500000 0.85256400
vt 0.88333300 0.85256400
vt 0.88333300 0.86538500
vt 0.87500000 0.86538500
vt 0.88333300 0.87179500
vt 0.83333300 0.87179500
vt 0.84166700 0.86538500
vt 0.83333300 0.86538500
vt 0.83333300 0.85256400
vt 0.84166700 0.85256400
vt 0.87500000 0.86538500
vt 0.84166700 0.86538500
vt 0.84166700 0.85256400
vt 0.60000000 0.84615400
vt 0.65000000 0.84615400
vt 0.64166700 0.85256400
vt 0.65000000 0.85256400
vt 0.65000000 0.86538500
vt 0.64166700 0.86538500
vt 0.65000000 0.87179500
vt 0.60000000 0.87179500
vt 0.60833300 0.86538500
vt 0.60000000 0.86538500
vt 0.60000000 0.85256400
vt 0.60833300 0.85256400
vt 0.64166700 0.86538500
vt 0.60833300 0.86538500
vt 0.60833300 0.85256400
vt 0.90000000 0.09615400
vt 0.80000000 0.09615400
vt 0.80000000 0.05769200
vt 0.80000000 0.09615400
vt 0.79166700 0.09615400
vt 0.79166700 0.05769200
vt 0.90833300 0.09615400
vt 0.90000000 0.09615400
vt 0.90000000 0.05769200
vt 0.80000000 0.05128200
vt 0.90000000 0.05128200
vt 0.90000000 0.05769200
vt 0.80000000 0.09615400
vt 0.90000000 0.09615400
vt 0.90000000 0.10256400
vt 0.73680550 0.74572625
vt 0.73333300 0.75641000
vt 0.73333300 0.74572625
vt 0.75486092 0.74572625
vt 0.75833300 0.75641000
vt 0.75000000 0.75641000
vt 0.75000000 0.74572625
vt 0.81666700 0.04487200
vt 0.78333300 0.04487200
vt 0.78333300 0.03846200
vt 0.73028215 0.74819580
vt 0.73333300 0.74572625
vt 0.73333300 0.75641000
vt 0.76562525 0.75320487
vt 0.76666700 0.75641000
vt 0.75833300 0.75641000
vt 0.75833300 0.74572625
vt 0.81250000 0.03205100
vt 0.81666700 0.03846200
vt 0.78333300 0.03846200
vt 0.78750000 0.03205100
vt 0.78750000 0.02564100
vt 0.81250000 0.02564100
vt 0.77413709 0.75408667
vt 0.77500000 0.75408667
vt 0.77500000 0.75641000
vt 0.72413709 0.75408667
vt 0.72500000 0.75641000
vt 0.71666700 0.75641000
vt 0.71666700 0.75408667
vt 0.72392933 0.01885030
vt 0.57500000 0.01282100
vt 0.71543480 0.01282100
vt 0.72446568 0.02528201
vt 0.72446568 0.02564100
vt 0.57500000 0.02564100
vt 0.57500000 0.01923100
vt 0.71543480 0.01209629
vt 0.71543480 0.01282100
vt 0.57500000 0.01282100
vt 0.57500000 0.00641000
vt 0.71640056 0.03914750
vt 0.57500000 0.04487200
vt 0.72446568 0.04487200
vt 0.72446568 0.05092301
vt 0.57500000 0.04487200
vt 0.57500000 0.05128200
vt 0.72446568 0.05128200
vt 0.71543480 0.03773729
vt 0.57500000 0.03205100
vt 0.57500000 0.03846200
vt 0.71543480 0.03846200
vt 0.71718781 0.83493625
vt 0.72500000 0.76282000
vt 0.72500000 0.83493625
vt 0.73385387 0.83493625
vt 0.74166700 0.76282000
vt 0.74166700 0.83493625
vt 0.72552081 0.83493625
vt 0.73333300 0.76282000
vt 0.73333300 0.83493625
vt 0.75052081 0.83493625
vt 0.75833300 0.76282000
vt 0.75833300 0.83493625
vt 0.76718781 0.83493625
vt 0.77500000 0.76282000
vt 0.77500000 0.83493625
vt 0.75885388 0.83493625
vt 0.76666700 0.76282000
vt 0.76666700 0.83493625
vt 0.84114613 0.83493631
vt 0.83333300 0.83493631
vt 0.83333300 0.76282100
vt 0.82447919 0.83493631
vt 0.81666700 0.83493631
vt 0.81666700 0.76282100
vt 0.83281219 0.83493631
vt 0.82500000 0.83493631
vt 0.82500000 0.76282100
vt 0.80781219 0.83493625
vt 0.80000000 0.83493625
vt 0.80000000 0.76282000
vt 0.79114613 0.83493625
vt 0.78333300 0.83493625
vt 0.78333300 0.76282000
vt 0.79947919 0.83493625
vt 0.79166700 0.83493625
vt 0.79166700 0.76282000
vt 0.57500000 0.11538500
vt 0.94166700 0.11538500
vt 0.94166700 0.12179500
vt 0.94166700 0.11538500
vt 0.95000000 0.11538500
vt 0.95000000 0.12179500
vt 0.56666700 0.11538500
vt 0.57500000 0.11538500
vt 0.57500000 0.12179500
vt 0.94166700 0.12820500
vt 0.57500000 0.12820500
vt 0.57500000 0.12179500
vt 0.94166700 0.11538500
vt 0.57500000 0.11538500
vt 0.57500000 0.10897400
vt 0.34166700 0.10256400
vt 0.24166700 0.10256400
vt 0.24166700 0.06410300
vt 0.24166700 0.10256400
vt 0.23333300 0.10256400
vt 0.23333300 0.06410300
vt 0.35000000 0.10256400
vt 0.34166700 0.10256400
vt 0.34166700 0.06410300
vt 0.24166700 0.05769200
vt 0.34166700 0.05769200
vt 0.34166700 0.06410300
vt 0.24166700 0.10256400
vt 0.34166700 0.10256400
vt 0.34166700 0.10897400
vt 0.37847208 0.07906025
vt 0.37500000 0.08974400
vt 0.37500000 0.07906025
vt 0.39513908 0.07906025
vt 0.39166700 0.08974400
vt 0.39166700 0.07906025
vt 0.25833300 0.05128200
vt 0.22500000 0.05128200
vt 0.22500000 0.04487200
vt 0.37194915 0.08152980
vt 0.37500000 0.07906025
vt 0.37500000 0.08974400
vt 0.40305085 0.08152980
vt 0.40833300 0.08742067
vt 0.40833300 0.08974400
vt 0.40000000 0.08974400
vt 0.25416700 0.03846200
vt 0.25833300 0.04487200
vt 0.22500000 0.04487200
vt 0.22916700 0.03846200
vt 0.22916700 0.03205100
vt 0.25416700 0.03205100
vt 0.41580398 0.08742067
vt 0.41666700 0.08742067
vt 0.41666700 0.08974400
vt 0.36580398 0.08742067
vt 0.36666700 0.08974400
vt 0.35833300 0.08974400
vt 0.35833300 0.08742067
vt 0.16559633 0.02526030
vt 0.01666700 0.01923100
vt 0.15710180 0.01923100
vt 0.16613268 0.03169201
vt 0.16613268 0.03205100
vt 0.01666700 0.03205100
vt 0.01666700 0.02564100
vt 0.15710180 0.01850640
vt 0.15710180 0.01923100
vt 0.01666700 0.01923100
vt 0.01666700 0.01282100
vt 0.15806756 0.04555750
vt 0.01666700 0.05128200
vt 0.16613268 0.05128200
vt 0.16613268 0.05733301
vt 0.01666700 0.05128200
vt 0.01666700 0.05769200
vt 0.16613268 0.05769200
vt 0.15710180 0.04414740
vt 0.01666700 0.03846200
vt 0.01666700 0.04487200
vt 0.15710180 0.04487200
vt 0.42552081 0.08493631
vt 0.43333300 0.01282100
vt 0.43333300 0.08493631
vt 0.44218781 0.08493631
vt 0.45000000 0.01282100
vt 0.45000000 0.08493631
vt 0.43385387 0.08493631
vt 0.44166700 0.01282100
vt 0.44166700 0.08493631
vt 0.45885387 0.08493631
vt 0.46666700 0.01282100
vt 0.46666700 0.08493631
vt 0.47552081 0.08493631
vt 0.48333300 0.01282100
vt 0.48333300 0.08493631
vt 0.46718781 0.08493631
vt 0.47500000 0.01282100
vt 0.47500000 0.08493631
vt 0.55781219 0.21955131
vt 0.55000000 0.21955131
vt 0.55000000 0.14743600
vt 0.54114613 0.21955131
vt 0.53333300 0.21955131
vt 0.53333300 0.14743600
vt 0.54947919 0.21955131
vt 0.54166700 0.21955131
vt 0.54166700 0.14743600
vt 0.51614613 0.08493631
vt 0.50833300 0.08493631
vt 0.50833300 0.01282100
vt 0.49947919 0.08493631
vt 0.49166700 0.08493631
vt 0.49166700 0.01282100
vt 0.50781219 0.08493631
vt 0.50000000 0.08493631
vt 0.50000000 0.01282100
vt 0.01666700 0.12179500
vt 0.38333300 0.12179500
vt 0.38333300 0.12820500
vt 0.38333300 0.12179500
vt 0.39166700 0.12179500
vt 0.39166700 0.12820500
vt 0.00833300 0.12179500
vt 0.01666700 0.12179500
vt 0.01666700 0.12820500
vt 0.38333300 0.13461500
vt 0.01666700 0.13461500
vt 0.01666700 0.12820500
vt 0.38333300 0.12179500
vt 0.01666700 0.12179500
vt 0.01666700 0.11538500
vt 0.44166700 0.64743600
vt 0.10833300 0.63461500
vt 0.44166700 0.63461500
vt 0.10833300 0.64743600
vt 0.07500000 0.86538500
vt 0.07500000 0.64743600
vt 0.90833300 0.64743600
vt 0.57500000 0.63461500
vt 0.90833300 0.63461500
vt 0.44166700 0.63461500
vt 0.47500000 0.64743600
vt 0.44166700 0.64743600
vt 0.10833300 0.58333300
vt 0.44166700 0.63461500
vt 0.10833300 0.63461500
vt 0.35833300 0.57051300
vt 0.02500000 0.55769200
vt 0.35833300 0.55769200
vt 0.54166700 0.64743600
vt 0.47500000 0.63461500
vt 0.54166700 0.63461500
vt 0.44166700 0.58333300
vt 0.47500000 0.63461500
vt 0.44166700 0.63461500
vt 0.99166700 0.23717900
vt 0.97500000 0.45512800
vt 0.97500000 0.23717900
vt 0.57500000 0.64743600
vt 0.54166700 0.63461500
vt 0.57500000 0.63461500
vt 0.07500000 0.64743600
vt 0.00833300 0.63461500
vt 0.07500000 0.63461500
vt 0.10833300 0.64743600
vt 0.07500000 0.63461500
vt 0.10833300 0.63461500
vt 0.90833300 0.63461500
vt 0.94166700 0.64743600
vt 0.90833300 0.64743600
vt 0.10833300 0.63461500
vt 0.07500000 0.58333300
vt 0.10833300 0.58333300
vt 0.57500000 0.86538500
vt 0.54166700 0.94230800
vt 0.54166700 0.86538500
vt 0.94166700 0.86538500
vt 0.90833300 0.94230800
vt 0.90833300 0.86538500
vt 0.57500000 0.64743600
vt 0.54166700 0.86538500
vt 0.54166700 0.64743600
vt 0.47500000 0.64743600
vt 0.44166700 0.86538500
vt 0.44166700 0.64743600
vt 0.54166700 0.64743600
vt 0.47500000 0.86538500
vt 0.47500000 0.64743600
vt 0.94166700 0.64743600
vt 0.90833300 0.86538500
vt 0.90833300 0.64743600
vt 0.07500000 0.64743600
vt 0.00833300 0.86538500
vt 0.00833300 0.64743600
vt 0.88333300 0.23717900
vt 0.86666700 0.45512800
vt 0.86666700 0.23717900
vt 0.10833300 0.99359000
vt 0.07500000 0.94230800
vt 0.10833300 0.94230800
vt 0.44166700 0.94230800
vt 0.47500000 0.99359000
vt 0.44166700 0.99359000
vt 0.54166700 0.86538500
vt 0.47500000 0.94230800
vt 0.47500000 0.86538500
vt 0.87500000 0.89102600
vt 0.90833300 0.94230800
vt 0.87500000 0.94230800
vt 0.10833300 0.86538500
vt 0.07500000 0.94230800
vt 0.07500000 0.86538500
vt 0.07500000 0.86538500
vt 0.00833300 0.94230800
vt 0.00833300 0.86538500
vt 0.47500000 0.86538500
vt 0.44166700 0.94230800
vt 0.44166700 0.86538500
vt 0.14166700 0.99359000
vt 0.10833300 0.94230800
vt 0.14166700 0.94230800
vt 0.14166700 0.89102600
vt 0.10833300 0.94230800
vt 0.10833300 0.86538500
vt 0.89166700 0.48717900
vt 0.90833300 0.45512800
vt 0.90833300 0.48717900
vt 0.88333300 0.45512800
vt 0.86666700 0.48717900
vt 0.86666700 0.45512800
vt 0.44166700 0.94230800
vt 0.40833300 0.89102600
vt 0.44166700 0.86538500
vt 0.44166700 0.99359000
vt 0.40833300 0.94230800
vt 0.44166700 0.94230800
vt 0.57500000 0.94230800
vt 0.60833300 0.89102600
vt 0.60833300 0.94230800
vt 0.53333300 0.52564100
vt 0.80000000 0.53846200
vt 0.53333300 0.53846200
vt 0.40833300 0.94230800
vt 0.14166700 0.89102600
vt 0.40833300 0.89102600
vt 0.40833300 0.99359000
vt 0.14166700 0.94230800
vt 0.40833300 0.94230800
vt 0.60833300 0.89102600
vt 0.87500000 0.94230800
vt 0.60833300 0.94230800
vt 0.53333300 0.58974400
vt 0.80000000 0.60256400
vt 0.53333300 0.60256400
vt 0.53333300 0.58974400
vt 0.80000000 0.57692300
vt 0.80000000 0.58974400
vt 0.80000000 0.45512800
vt 0.78333300 0.48717900
vt 0.78333300 0.45512800
vt 0.97500000 0.48717900
vt 0.99166700 0.45512800
vt 0.99166700 0.48717900
vt 0.80000000 0.23717900
vt 0.78333300 0.45512800
vt 0.78333300 0.23717900
vt 0.90833300 0.23717900
vt 0.89166700 0.45512800
vt 0.89166700 0.23717900
vt 0.35833300 0.51923100
vt 0.02500000 0.50641000
vt 0.35833300 0.50641000
vt 0.35833300 0.55128200
vt 0.02500000 0.52564100
vt 0.35833300 0.52564100
vt 0.02500000 0.55769200
vt 0.35833300 0.55128200
vt 0.35833300 0.55769200
vt 0.35833300 0.51923100
vt 0.02500000 0.52564100
vt 0.02500000 0.51923100
vt 0.95833300 0.23717900
vt 0.92500000 0.45512800
vt 0.92500000 0.23717900
vt 0.97500000 0.45512800
vt 0.95833300 0.23717900
vt 0.97500000 0.23717900
vt 0.90833300 0.23717900
vt 0.92500000 0.45512800
vt 0.90833300 0.45512800
vt 0.85000000 0.23717900
vt 0.81666700 0.45512800
vt 0.81666700 0.23717900
vt 0.80000000 0.23717900
vt 0.81666700 0.23076900
vt 0.81666700 0.23717900
vt 0.86666700 0.45512800
vt 0.85000000 0.23717900
vt 0.86666700 0.23717900
vt 0.80000000 0.23717900
vt 0.81666700 0.45512800
vt 0.80000000 0.45512800
vt 0.35833300 0.52564100
vt 0.37500000 0.55128200
vt 0.35833300 0.55128200
vt 0.02500000 0.55128200
vt 0.00833300 0.52564100
vt 0.02500000 0.52564100
vt 0.95833300 0.23717900
vt 0.97500000 0.23076900
vt 0.97500000 0.23717900
vt 0.92500000 0.23717900
vt 0.95833300 0.23076900
vt 0.95833300 0.23717900
vt 0.90833300 0.23717900
vt 0.92500000 0.23076900
vt 0.92500000 0.23717900
vt 0.85000000 0.23717900
vt 0.86666700 0.23076900
vt 0.86666700 0.23717900
vt 0.81666700 0.23717900
vt 0.85000000 0.23076900
vt 0.85000000 0.23717900
vt 0.43333300 0.55128200
vt 0.46666700 0.57692300
vt 0.43333300 0.57692300
vt 0.50000000 0.61538500
vt 0.48333300 0.58974400
vt 0.53333300 0.58974400
vt 0.50000000 0.51282100
vt 0.48333300 0.53846200
vt 0.48333300 0.51282100
vt 0.53333300 0.53846200
vt 0.48333300 0.55128200
vt 0.48333300 0.53846200
vt 0.86666700 0.55128200
vt 0.90000000 0.57692300
vt 0.86666700 0.57692300
vt 0.83333300 0.61538500
vt 0.85000000 0.58974400
vt 0.85000000 0.61538500
vt 0.83333300 0.51282100
vt 0.85000000 0.53846200
vt 0.80000000 0.53846200
vt 0.80000000 0.58974400
vt 0.85000000 0.57692300
vt 0.85000000 0.58974400
vt 0.53333300 0.55128200
vt 0.80000000 0.57692300
vt 0.53333300 0.57692300
vt 0.53333300 0.57692300
vt 0.48333300 0.55128200
vt 0.53333300 0.55128200
vt 0.80000000 0.55128200
vt 0.85000000 0.57692300
vt 0.80000000 0.57692300
vt 0.46666700 0.55128200
vt 0.48333300 0.57692300
vt 0.46666700 0.57692300
vt 0.85000000 0.53846200
vt 0.80000000 0.55128200
vt 0.80000000 0.53846200
vt 0.86666700 0.57692300
vt 0.85000000 0.55128200
vt 0.86666700 0.55128200
vt 0.80000000 0.53846200
vt 0.53333300 0.55128200
vt 0.53333300 0.53846200
vt 0.48333300 0.58974400
vt 0.53333300 0.57692300
vt 0.53333300 0.58974400
vt 0.44166700 0.64743600
vt 0.10833300 0.64743600
vt 0.10833300 0.63461500
vt 0.10833300 0.64743600
vt 0.10833300 0.86538500
vt 0.07500000 0.86538500
vt 0.90833300 0.64743600
vt 0.57500000 0.64743600
vt 0.57500000 0.63461500
vt 0.44166700 0.63461500
vt 0.47500000 0.63461500
vt 0.47500000 0.64743600
vt 0.10833300 0.58333300
vt 0.44166700 0.58333300
vt 0.44166700 0.63461500
vt 0.35833300 0.57051300
vt 0.02500000 0.57051300
vt 0.02500000 0.55769200
vt 0.54166700 0.64743600
vt 0.47500000 0.64743600
vt 0.47500000 0.63461500
vt 0.44166700 0.58333300
vt 0.47500000 0.58333300
vt 0.47500000 0.63461500
vt 0.99166700 0.23717900
vt 0.99166700 0.45512800
vt 0.97500000 0.45512800
vt 0.57500000 0.64743600
vt 0.54166700 0.64743600
vt 0.54166700 0.63461500
vt 0.07500000 0.64743600
vt 0.00833300 0.64743600
vt 0.00833300 0.63461500
vt 0.10833300 0.64743600
vt 0.07500000 0.64743600
vt 0.07500000 0.63461500
vt 0.90833300 0.63461500
vt 0.94166700 0.63461500
vt 0.94166700 0.64743600
vt 0.10833300 0.63461500
vt 0.07500000 0.63461500
vt 0.07500000 0.58333300
vt 0.57500000 0.86538500
vt 0.57500000 0.94230800
vt 0.54166700 0.94230800
vt 0.94166700 0.86538500
vt 0.94166700 0.94230800
vt 0.90833300 0.94230800
vt 0.57500000 0.64743600
vt 0.57500000 0.86538500
vt 0.54166700 0.86538500
vt 0.47500000 0.64743600
vt 0.47500000 0.86538500
vt 0.44166700 0.86538500
vt 0.54166700 0.64743600
vt 0.54166700 0.86538500
vt 0.47500000 0.86538500
vt 0.94166700 0.64743600
vt 0.94166700 0.86538500
vt 0.90833300 0.86538500
vt 0.07500000 0.64743600
vt 0.07500000 0.86538500
vt 0.00833300 0.86538500
vt 0.88333300 0.23717900
vt 0.88333300 0.45512800
vt 0.86666700 0.45512800
vt 0.10833300 0.99359000
vt 0.07500000 0.99359000
vt 0.07500000 0.94230800
vt 0.44166700 0.94230800
vt 0.47500000 0.94230800
vt 0.47500000 0.99359000
vt 0.54166700 0.86538500
vt 0.54166700 0.94230800
vt 0.47500000 0.94230800
vt 0.87500000 0.89102600
vt 0.90833300 0.86538500
vt 0.90833300 0.94230800
vt 0.10833300 0.86538500
vt 0.10833300 0.94230800
vt 0.07500000 0.94230800
vt 0.07500000 0.86538500
vt 0.07500000 0.94230800
vt 0.00833300 0.94230800
vt 0.47500000 0.86538500
vt 0.47500000 0.94230800
vt 0.44166700 0.94230800
vt 0.14166700 0.99359000
vt 0.10833300 0.99359000
vt 0.10833300 0.94230800
vt 0.14166700 0.89102600
vt 0.14166700 0.94230800
vt 0.10833300 0.94230800
vt 0.89166700 0.48717900
vt 0.89166700 0.45512800
vt 0.90833300 0.45512800
vt 0.88333300 0.45512800
vt 0.88333300 0.48717900
vt 0.86666700 0.48717900
vt 0.44166700 0.94230800
vt 0.40833300 0.94230800
vt 0.40833300 0.89102600
vt 0.44166700 0.99359000
vt 0.40833300 0.99359000
vt 0.40833300 0.94230800
vt 0.57500000 0.94230800
vt 0.57500000 0.86538500
vt 0.60833300 0.89102600
vt 0.53333300 0.52564100
vt 0.80000000 0.52564100
vt 0.80000000 0.53846200
vt 0.40833300 0.94230800
vt 0.14166700 0.94230800
vt 0.14166700 0.89102600
vt 0.40833300 0.99359000
vt 0.14166700 0.99359000
vt 0.14166700 0.94230800
vt 0.60833300 0.89102600
vt 0.87500000 0.89102600
vt 0.87500000 0.94230800
vt 0.53333300 0.58974400
vt 0.80000000 0.58974400
vt 0.80000000 0.60256400
vt 0.53333300 0.58974400
vt 0.53333300 0.57692300
vt 0.80000000 0.57692300
vt 0.80000000 0.45512800
vt 0.80000000 0.48717900
vt 0.78333300 0.48717900
vt 0.97500000 0.48717900
vt 0.97500000 0.45512800
vt 0.99166700 0.45512800
vt 0.80000000 0.23717900
vt 0.80000000 0.45512800
vt 0.78333300 0.45512800
vt 0.90833300 0.23717900
vt 0.90833300 0.45512800
vt 0.89166700 0.45512800
vt 0.35833300 0.51923100
vt 0.02500000 0.51923100
vt 0.02500000 0.50641000
vt 0.35833300 0.55128200
vt 0.02500000 0.55128200
vt 0.02500000 0.52564100
vt 0.02500000 0.55769200
vt 0.02500000 0.55128200
vt 0.35833300 0.55128200
vt 0.35833300 0.51923100
vt 0.35833300 0.52564100
vt 0.02500000 0.52564100
vt 0.95833300 0.23717900
vt 0.95833300 0.45512800
vt 0.92500000 0.45512800
vt 0.97500000 0.45512800
vt 0.95833300 0.45512800
vt 0.95833300 0.23717900
vt 0.90833300 0.23717900
vt 0.92500000 0.23717900
vt 0.92500000 0.45512800
vt 0.85000000 0.23717900
vt 0.85000000 0.45512800
vt 0.81666700 0.45512800
vt 0.80000000 0.23717900
vt 0.80000000 0.23076900
vt 0.81666700 0.23076900
vt 0.86666700 0.45512800
vt 0.85000000 0.45512800
vt 0.85000000 0.23717900
vt 0.80000000 0.23717900
vt 0.81666700 0.23717900
vt 0.81666700 0.45512800
vt 0.35833300 0.52564100
vt 0.37500000 0.52564100
vt 0.37500000 0.55128200
vt 0.02500000 0.55128200
vt 0.00833300 0.55128200
vt 0.00833300 0.52564100
vt 0.95833300 0.23717900
vt 0.95833300 0.23076900
vt 0.97500000 0.23076900
vt 0.92500000 0.23717900
vt 0.92500000 0.23076900
vt 0.95833300 0.23076900
vt 0.90833300 0.23717900
vt 0.90833300 0.23076900
vt 0.92500000 0.23076900
vt 0.85000000 0.23717900
vt 0.85000000 0.23076900
vt 0.86666700 0.23076900
vt 0.81666700 0.23717900
vt 0.81666700 0.23076900
vt 0.85000000 0.23076900
vt 0.43333300 0.55128200
vt 0.46666700 0.55128200
vt 0.46666700 0.57692300
vt 0.50000000 0.61538500
vt 0.48333300 0.61538500
vt 0.48333300 0.58974400
vt 0.50000000 0.51282100
vt 0.53333300 0.53846200
vt 0.48333300 0.53846200
vt 0.53333300 0.53846200
vt 0.53333300 0.55128200
vt 0.48333300 0.55128200
vt 0.86666700 0.55128200
vt 0.90000000 0.55128200
vt 0.90000000 0.57692300
vt 0.83333300 0.61538500
vt 0.80000000 0.58974400
vt 0.85000000 0.58974400
vt 0.83333300 0.51282100
vt 0.85000000 0.51282100
vt 0.85000000 0.53846200
vt 0.80000000 0.58974400
vt 0.80000000 0.57692300
vt 0.85000000 0.57692300
vt 0.53333300 0.55128200
vt 0.80000000 0.55128200
vt 0.80000000 0.57692300
vt 0.53333300 0.57692300
vt 0.48333300 0.57692300
vt 0.48333300 0.55128200
vt 0.80000000 0.55128200
vt 0.85000000 0.55128200
vt 0.85000000 0.57692300
vt 0.46666700 0.55128200
vt 0.48333300 0.55128200
vt 0.48333300 0.57692300
vt 0.85000000 0.53846200
vt 0.85000000 0.55128200
vt 0.80000000 0.55128200
vt 0.86666700 0.57692300
vt 0.85000000 0.57692300
vt 0.85000000 0.55128200
vt 0.80000000 0.53846200
vt 0.80000000 0.55128200
vt 0.53333300 0.55128200
vt 0.48333300 0.58974400
vt 0.48333300 0.57692300
vt 0.53333300 0.57692300
vn -1.00000000 0.00000000 0.00000000
vn -1.00000000 0.00000000 0.00000000
vn -1.00000000 0.00000000 0.00000000
vn -1.00000000 0.00000000 0.00000000
vn 0.00000000 0.00000000 -1.00000000
vn 0.00000000 0.00000000 -1.00000000
vn 0.00000000 0.00000000 -1.00000000
vn 0.00000000 0.00000000 -1.00000000
vn 1.00000000 0.00000000 0.00000000
vn 1.00000000 0.00000000 0.00000000
vn 1.00000000 0.00000000 0.00000000
vn 1.00000000 0.00000000 0.00000000
vn 0.00000000 0.00000000 1.00000000
vn 0.00000000 0.00000000 1.00000000
vn 0.00000000 0.00000000 1.00000000
vn 0.00000000 0.00000000 1.00000000
vn 0.00000000 -1.00000000 0.00000000
vn 0.00000000 -1.00000000 0.00000000
vn 0.00000000 -1.00000000 0.00000000
vn -1.00000000 0.00000000 0.00000000
vn -1.00000000 0.00000000 0.00000000
vn -1.00000000 0.00000000 0.00000000
vn 0.00000000 -0.70710000 -0.70710000
vn 0.00000000 -0.70710000 -0.70710000
vn 0.00000000 -0.70710000 -0.70710000
vn 1.00000000 0.00000000 0.00000000
vn 1.00000000 0.00000000 0.00000000
vn 1.00000000 0.00000000 0.00000000
vn 0.00000000 -0.70710000 0.70710000
vn 0.00000000 -0.70710000 0.70710000
vn 0.00000000 -0.70710000 0.70710000
vn 0.00000000 -1.00000000 0.00000000
vn 0.00000000 -1.00000000 0.00000000
vn 0.00000000 -1.00000000 0.00000000
vn -1.00000000 0.00000000 0.00000000
vn -1.00000000 0.00000000 0.00000000
vn -1.00000000 0.00000000 0.00000000
vn 0.00000000 -0.70710000 -0.70710000
vn 0.00000000 -0.70710000 -0.70710000
vn 0.00000000 -0.70710000 -0.70710000
vn 1.00000000 0.00000000 0.00000000
vn 1.00000000 0.00000000 0.00000000
vn 1.00000000 0.00000000 0.00000000
vn 0.00000000 -0.70710000 0.70710000
vn 0.00000000 -0.70710000 0.70710000
vn 0.00000000 -0.70710000 0.70710000
vn 0.00000000 -1.00000000 0.00000000
vn 0.00000000 -1.00000000 0.00000000
vn 0.00000000 -1.00000000 0.00000000
vn -1.00000000 0.00000000 0.00000000
vn -1.00000000 0.00000000 0.00000000
vn -1.00000000 0.00000000 0.00000000
vn 0.00000000 -0.70710000 -0.70710000
vn 0.00000000 -0.70710000 -0.70710000
vn 0.00000000 -0.70710000 -0.70710000
vn 1.00000000 0.00000000 0.00000000
vn 1.00000000 0.00000000 0.00000000
vn 1.00000000 0.00000000 0.00000000
vn 0.00000000 -0.70710000 0.70710000
vn 0.00000000 -0.70710000 0.70710000
vn 0.00000000 -0.70710000 0.70710000
vn 0.00000000 -1.00000000 0.00000000
vn 0.00000000 -1.00000000 0.00000000
vn 0.00000000 -1.00000000 0.00000000
vn -1.00000000 0.00000000 0.00000000
vn -1.00000000 0.00000000 0.00000000
vn -1.00000000 0.00000000 0.00000000
vn 0.00000000 -0.70710000 -0.70710000
vn 0.00000000 -0.70710000 -0.70710000
vn 0.00000000 -0.70710000 -0.70710000
vn 1.00000000 0.00000000 0.00000000
vn 1.00000000 0.00000000 0.00000000
vn 1.00000000 0.00000000 0.00000000
vn 0.00000000 -0.70710000 0.70710000
vn 0.00000000 -0.70710000 0.70710000
vn 0.00000000 -0.70710000 0.70710000
vn 0.00000000 -1.00000000 0.00000000
vn 0.00000000 -1.00000000 0.00000000
vn 0.00000000 -1.00000000 0.00000000
vn -1.00000000 0.00000000 0.00000000
vn -1.00000000 0.00000000 0.00000000
vn -1.00000000 0.00000000 0.00000000
vn 0.00000000 -0.70710000 -0.70710000
vn 0.00000000 -0.70710000 -0.70710000
vn 0.00000000 -0.70710000 -0.70710000
vn 1.00000000 0.00000000 0.00000000
vn 1.00000000 0.00000000 0.00000000
vn 1.00000000 0.00000000 0.00000000
vn 0.00000000 -0.70710000 0.70710000
vn 0.00000000 -0.70710000 0.70710000
vn 0.00000000 -0.70710000 0.70710000
vn 0.00000000 -1.00000000 0.00000000
vn 0.00000000 -1.00000000 0.00000000
vn 0.00000000 -1.00000000 0.00000000
vn 1.00000000 0.00000000 0.00000000
vn 1.00000000 0.00000000 0.00000000
vn 1.00000000 0.00000000 0.00000000
vn 0.00000000 0.00000000 1.00000000
vn 0.00000000 0.00000000 1.00000000
vn 0.00000000 0.00000000 1.00000000
vn 0.00000000 0.00000000 -1.00000000
vn 0.00000000 0.00000000 -1.00000000
vn 0.00000000 0.00000000 -1.00000000
vn 0.00000000 -1.00000000 0.00000000
vn 0.00000000 -1.00000000 0.00000000
vn 0.00000000 -1.00000000 0.00000000
vn 0.00000000 1.00000000 0.00000000
vn 0.00000000 1.00000000 0.00000000
vn 0.00000000 1.00000000 0.00000000
vn 0.00000000 -0.70710000 0.70710000
vn 0.00000000 -0.70710678 0.70710678
vn 0.00000000 -0.70710678 0.70710678
vn 0.00000000 -0.70710000 0.70710000
vn 0.00000000 -0.70710678 -0.70710678
vn 0.00000000 -0.70710000 -0.70710000
vn 0.00000000 -0.70710678 -0.70710678
vn 0.00000000 -1.00000000 0.00000000
vn 0.00000000 -1.00000000 0.00000000
vn 0.00000000 -1.00000000 0.00000000
vn 1.00000000 0.00000000 0.00000000
vn 1.00000000 0.00000000 0.00000000
vn 1.00000000 0.00000000 0.00000000
vn 1.00000000 0.00000000 0.00000000
vn 1.00000000 0.00000000 0.00000000
vn 1.00000000 0.00000000 0.00000000
vn 1.00000000 0.00000000 0.00000000
vn 1.00000000 0.00000000 0.00000000
vn 1.00000000 0.00000000 0.00000000
vn 1.00000000 0.00000000 0.00000000
vn 0.00000000 1.00000000 0.00000000
vn 0.00000000 1.00000000 0.00000000
vn 0.00000000 1.00000000 0.00000000
vn 0.00000000 0.70710678 0.70710678
vn 0.00000000 0.70710678 0.70710678
vn 0.00000000 0.70710000 0.70710000
vn 0.00000000 0.70710000 0.70710000
vn 0.00000000 0.70710678 -0.70710678
vn 0.00000000 0.70710000 -0.70710000
vn 0.00000000 0.70710678 -0.70710678
vn 1.00000000 0.00000000 0.00000000
vn 1.00000000 0.00000000 0.00000000
vn 1.00000000 0.00000000 0.00000000
vn 1.00000000 0.00000000 0.00000000
vn 0.00000000 -0.73488778 0.67818873
vn 0.00000000 -0.73490000 0.67820000
vn 0.00000000 -0.73488778 0.67818873
vn 0.00000000 0.73488778 -0.67818873
vn 0.00000000 0.73490000 -0.67820000
vn 0.00000000 0.73488778 -0.67818873
vn 1.00000000 0.00000000 0.00000000
vn 1.00000000 0.00000000 0.00000000
vn 1.00000000 0.00000000 0.00000000
vn 1.00000000 0.00000000 0.00000000
vn 0.00000000 -0.73488778 -0.67818873
vn 0.00000000 -0.73490000 -0.67820000
vn 0.00000000 -0.73488778 -0.67818873
vn 0.00000000 0.73488778 0.67818873
vn 0.00000000 0.73490000 0.67820000
vn 0.00000000 0.73488778 0.67818873
vn 0.00000000 0.00000000 1.00000000
vn 0.00000000 0.00000000 1.00000000
vn 0.00000000 0.00000000 1.00000000
vn 0.00000000 0.00000000 1.00000000
vn 0.00000000 0.00000000 -1.00000000
vn 0.00000000 0.00000000 -1.00000000
vn 0.00000000 0.00000000 -1.00000000
vn 0.00000000 0.00000000 -1.00000000
vn 1.00000000 0.00000000 0.00000000
vn 1.00000000 0.00000000 0.00000000
vn 1.00000000 0.00000000 0.00000000
vn 1.00000000 0.00000000 0.00000000
vn 0.00000000 0.00000000 1.00000000
vn 0.00000000 0.00000000 1.00000000
vn 0.00000000 0.00000000 1.00000000
vn 0.00000000 0.00000000 1.00000000
vn 0.00000000 0.00000000 -1.00000000
vn 0.00000000 0.00000000 -1.00000000
vn 0.00000000 0.00000000 -1.00000000
vn 0.00000000 0.00000000 -1.00000000
vn 1.00000000 0.00000000 0.00000000
vn 1.00000000 0.00000000 0.00000000
vn 1.00000000 0.00000000 0.00000000
vn 1.00000000 0.00000000 0.00000000
vn 0.00000000 0.00000000 -1.00000000
vn 0.00000000 0.00000000 -1.00000000
vn 0.00000000 0.00000000 -1.00000000
vn 0.00000000 0.00000000 -1.00000000
vn 0.00000000 0.00000000 1.00000000
vn 0.00000000 0.00000000 1.00000000
vn 0.00000000 0.00000000 1.00000000
vn 0.00000000 0.00000000 1.00000000
vn 1.00000000 0.00000000 0.00000000
vn 1.00000000 0.00000000 0.00000000
vn 1.00000000 0.00000000 0.00000000
vn 1.00000000 0.00000000 0.00000000
vn 0.00000000 0.00000000 -1.00000000
vn 0.00000000 0.00000000 -1.00000000
vn 0.00000000 0.00000000 -1.00000000
vn 0.00000000 0.00000000 -1.00000000
vn 0.00000000 0.00000000 1.00000000
vn 0.00000000 0.00000000 1.00000000
vn 0.00000000 0.00000000 1.00000000
vn 0.00000000 0.00000000 1.00000000
vn 1.00000000 0.00000000 0.00000000
vn 1.00000000 0.00000000 0.00000000
vn 1.00000000 0.00000000 0.00000000
vn 1.00000000 0.00000000 0.00000000
vn 1.00000000 0.00000000 0.00000000
vn 1.00000000 0.00000000 0.00000000
vn 1.00000000 0.00000000 0.00000000
vn 0.00000000 0.00000000 1.00000000
vn 0.00000000 0.00000000 1.00000000
vn 0.00000000 0.00000000 1.00000000
vn 0.00000000 0.00000000 -1.00000000
vn 0.00000000 0.00000000 -1.00000000
vn 0.00000000 0.00000000 -1.00000000
vn 0.00000000 -1.00000000 0.00000000
vn 0.00000000 -1.00000000 0.00000000
vn 0.00000000 -1.00000000 0.00000000
vn 0.00000000 1.00000000 0.00000000
vn 0.00000000 1.00000000 0.00000000
vn 0.00000000 1.00000000 0.00000000
vn -1.00000000 0.00000000 0.00000000
vn -1.00000000 0.00000000 0.00000000
vn -1.00000000 0.00000000 0.00000000
vn 0.00000000 0.00000000 -1.00000000
vn 0.00000000 0.00000000 -1.00000000
vn 0.00000000 0.00000000 -1.00000000
vn 0.00000000 0.00000000 1.00000000
vn 0.00000000 0.00000000 1.00000000
vn 0.00000000 0.00000000 1.00000000
vn 0.00000000 -1.00000000 0.00000000
vn 0.00000000 -1.00000000 0.00000000
vn 0.00000000 -1.00000000 0.00000000
vn 0.00000000 1.00000000 0.00000000
vn 0.00000000 1.00000000 0.00000000
vn 0.00000000 1.00000000 0.00000000
vn 0.00000000 -0.70710000 -0.70710000
vn 0.00000000 -0.70710678 -0.70710678
vn 0.00000000 -0.70710678 -0.70710678
vn 0.00000000 -0.70710000 -0.70710000
vn 0.00000000 -0.70710000 0.70710000
vn 0.00000000 -0.70710678 0.70710678
vn 0.00000000 -0.70710678 0.70710678
vn 0.00000000 -0.70710000 0.70710000
vn 0.00000000 -1.00000000 0.00000000
vn 0.00000000 -1.00000000 0.00000000
vn 0.00000000 -1.00000000 0.00000000
vn -1.00000000 0.00000000 0.00000000
vn -1.00000000 0.00000000 0.00000000
vn -1.00000000 0.00000000 0.00000000
vn -1.00000000 0.00000000 0.00000000
vn -1.00000000 0.00000000 0.00000000
vn -1.00000000 0.00000000 0.00000000
vn -1.00000000 0.00000000 0.00000000
vn -1.00000000 0.00000000 0.00000000
vn -1.00000000 0.00000000 0.00000000
vn -1.00000000 0.00000000 0.00000000
vn 0.00000000 1.00000000 0.00000000
vn 0.00000000 1.00000000 0.00000000
vn 0.00000000 1.00000000 0.00000000
vn 0.00000000 0.70710678 -0.70710678
vn 0.00000000 0.70710678 -0.70710678
vn 0.00000000 0.70710000 -0.70710000
vn 0.00000000 0.70710000 -0.70710000
vn 0.00000000 0.70710678 0.70710678
vn 0.00000000 0.70710000 0.70710000
vn 0.00000000 0.70710678 0.70710678
vn -1.00000000 0.00000000 0.00000000
vn -1.00000000 0.00000000 0.00000000
vn -1.00000000 0.00000000 0.00000000
vn -1.00000000 0.00000000 0.00000000
vn 0.00000000 -0.73488778 -0.67818873
vn 0.00000000 -0.73490000 -0.67820000
vn 0.00000000 -0.73488778 -0.67818873
vn 0.00000000 0.73488778 0.67818873
vn 0.00000000 0.73490000 0.67820000
vn 0.00000000 0.73488778 0.67818873
vn -1.00000000 0.00000000 0.00000000
vn -1.00000000 0.00000000 0.00000000
vn -1.00000000 0.00000000 0.00000000
vn -1.00000000 0.00000000 0.00000000
vn 0.00000000 -0.73488778 0.67818873
vn 0.00000000 -0.73490000 0.67820000
vn 0.00000000 -0.73488778 0.67818873
vn 0.00000000 0.73488778 -0.67818873
vn 0.00000000 0.73490000 -0.67820000
vn 0.00000000 0.73488778 -0.67818873
vn 0.00000000 0.00000000 -1.00000000
vn 0.00000000 0.00000000 -1.00000000
vn 0.00000000 0.00000000 -1.00000000
vn 0.00000000 0.00000000 -1.00000000
vn 0.00000000 0.00000000 1.00000000
vn 0.00000000 0.00000000 1.00000000
vn 0.00000000 0.00000000 1.00000000
vn 0.00000000 0.00000000 1.00000000
vn -1.00000000 0.00000000 0.00000000
vn -1.00000000 0.00000000 0.00000000
vn -1.00000000 0.00000000 0.00000000
vn -1.00000000 0.00000000 0.00000000
vn 0.00000000 0.00000000 -1.00000000
vn 0.00000000 0.00000000 -1.00000000
vn 0.00000000 0.00000000 -1.00000000
vn 0.00000000 0.00000000 -1.00000000
vn 0.00000000 0.00000000 1.00000000
vn 0.00000000 0.00000000 1.00000000
vn 0.00000000 0.00000000 1.00000000
vn 0.00000000 0.00000000 1.00000000
vn -1.00000000 0.00000000 0.00000000
vn -1.00000000 0.00000000 0.00000000
vn -1.00000000 0.00000000 0.00000000
vn -1.00000000 0.00000000 0.00000000
vn 0.00000000 0.00000000 1.00000000
vn 0.00000000 0.00000000 1.00000000
vn 0.00000000 0.00000000 1.00000000
vn 0.00000000 0.00000000 1.00000000
vn 0.00000000 0.00000000 -1.00000000
vn 0.00000000 0.00000000 -1.00000000
vn 0.00000000 0.00000000 -1.00000000
vn 0.00000000 0.00000000 -1.00000000
vn -1.00000000 0.00000000 0.00000000
vn -1.00000000 0.00000000 0.00000000
vn -1.00000000 0.00000000 0.00000000
vn -1.00000000 0.00000000 0.00000000
vn 0.00000000 0.00000000 1.00000000
vn 0.00000000 0.00000000 1.00000000
vn 0.00000000 0.00000000 1.00000000
vn 0.00000000 0.00000000 1.00000000
vn 0.00000000 0.00000000 -1.00000000
vn 0.00000000 0.00000000 -1.00000000
vn 0.00000000 0.00000000 -1.00000000
vn 0.00000000 0.00000000 -1.00000000
vn -1.00000000 0.00000000 0.00000000
vn -1.00000000 0.00000000 0.00000000
vn -1.00000000 0.00000000 0.00000000
vn -1.00000000 0.00000000 0.00000000
vn -1.00000000 0.00000000 0.00000000
vn -1.00000000 0.00000000 0.00000000
vn -1.00000000 0.00000000 0.00000000
vn 0.00000000 0.00000000 -1.00000000
vn 0.00000000 0.00000000 -1.00000000
vn 0.00000000 0.00000000 -1.00000000
vn 0.00000000 0.00000000 1.00000000
vn 0.00000000 0.00000000 1.00000000
vn 0.00000000 0.00000000 1.00000000
vn 0.00000000 -1.00000000 0.00000000
vn 0.00000000 -1.00000000 0.00000000
vn 0.00000000 -1.00000000 0.00000000
vn 0.00000000 1.00000000 0.00000000
vn 0.00000000 1.00000000 0.00000000
vn 0.00000000 1.00000000 0.00000000
vn -1.00000000 0.00000000 0.00000000
vn -1.00000000 0.00000000 0.00000000
vn -1.00000000 0.00000000 0.00000000
vn 0.00000000 0.00000000 -1.00000000
vn 0.00000000 0.00000000 -1.00000000
vn 0.00000000 0.00000000 -1.00000000
vn 1.00000000 0.00000000 0.00000000
vn 1.00000000 0.00000000 0.00000000
vn 1.00000000 0.00000000 0.00000000
vn 0.00000000 0.00000000 1.00000000
vn 0.00000000 0.00000000 1.00000000
vn 0.00000000 0.00000000 1.00000000
vn 0.00000000 -1.00000000 0.00000000
vn 0.00000000 -1.00000000 0.00000000
vn 0.00000000 -1.00000000 0.00000000
vn -1.00000000 0.00000000 0.00000000
vn -1.00000000 0.00000000 0.00000000
vn -1.00000000 0.00000000 0.00000000
vn 0.00000000 -0.70710000 -0.70710000
vn 0.00000000 -0.70710000 -0.70710000
vn 0.00000000 -0.70710000 -0.70710000
vn 1.00000000 0.00000000 0.00000000
vn 1.00000000 0.00000000 0.00000000
vn 1.00000000 0.00000000 0.00000000
vn 0.00000000 -0.70710000 0.70710000
vn 0.00000000 -0.70710000 0.70710000
vn 0.00000000 -0.70710000 0.70710000
vn 0.00000000 -1.00000000 0.00000000
vn 0.00000000 -1.00000000 0.00000000
vn 0.00000000 -1.00000000 0.00000000
vn -1.00000000 0.00000000 0.00000000
vn -1.00000000 0.00000000 0.00000000
vn -1.00000000 0.00000000 0.00000000
vn 0.00000000 -0.70710000 -0.70710000
vn 0.00000000 -0.70710000 -0.70710000
vn 0.00000000 -0.70710000 -0.70710000
vn 1.00000000 0.00000000 0.00000000
vn 1.00000000 0.00000000 0.00000000
vn 1.00000000 0.00000000 0.00000000
vn 0.00000000 -0.70710000 0.70710000
vn 0.00000000 -0.70710000 0.70710000
vn 0.00000000 -0.70710000 0.70710000
vn 0.00000000 -1.00000000 0.00000000
vn 0.00000000 -1.00000000 0.00000000
vn 0.00000000 -1.00000000 0.00000000
vn -1.00000000 0.00000000 0.00000000
vn -1.00000000 0.00000000 0.00000000
vn -1.00000000 0.00000000 0.00000000
vn 0.00000000 -0.70710000 -0.70710000
vn 0.00000000 -0.70710000 -0.70710000
vn 0.00000000 -0.70710000 -0.70710000
vn 1.00000000 0.00000000 0.00000000
vn 1.00000000 0.00000000 0.00000000
vn 1.00000000 0.00000000 0.00000000
vn 0.00000000 -0.70710000 0.70710000
vn 0.00000000 -0.70710000 0.70710000
vn 0.00000000 -0.70710000 0.70710000
vn 0.00000000 -1.00000000 0.00000000
vn 0.00000000 -1.00000000 0.00000000
vn 0.00000000 -1.00000000 0.00000000
vn -1.00000000 0.00000000 0.00000000
vn -1.00000000 0.00000000 0.00000000
vn -1.00000000 0.00000000 0.00000000
vn 0.00000000 -0.70710000 -0.70710000
vn 0.00000000 -0.70710000 -0.70710000
vn 0.00000000 -0.70710000 -0.70710000
vn 1.00000000 0.00000000 0.00000000
vn 1.00000000 0.00000000 0.00000000
vn 1.00000000 0.00000000 0.00000000
vn 0.00000000 -0.70710000 0.70710000
vn 0.00000000 -0.70710000 0.70710000
vn 0.00000000 -0.70710000 0.70710000
vn 0.00000000 -1.00000000 0.00000000
vn 0.00000000 -1.00000000 0.00000000
vn 0.00000000 -1.00000000 0.00000000
vn -1.00000000 0.00000000 0.00000000
vn -1.00000000 0.00000000 0.00000000
vn -1.00000000 0.00000000 0.00000000
vn 0.00000000 -0.70710000 -0.70710000
vn 0.00000000 -0.70710000 -0.70710000
vn 0.00000000 -0.70710000 -0.70710000
vn 1.00000000 0.00000000 0.00000000
vn 1.00000000 0.00000000 0.00000000
vn 1.00000000 0.00000000 0.00000000
vn 0.00000000 -0.70710000 0.70710000
vn 0.00000000 -0.70710000 0.70710000
vn 0.00000000 -0.70710000 0.70710000
vn 0.00000000 -1.00000000 0.00000000
vn 0.00000000 -1.00000000 0.00000000
vn 0.00000000 -1.00000000 0.00000000
vn 1.00000000 0.00000000 0.00000000
vn 1.00000000 0.00000000 0.00000000
vn 1.00000000 0.00000000 0.00000000
vn 0.00000000 0.00000000 1.00000000
vn 0.00000000 0.00000000 1.00000000
vn 0.00000000 0.00000000 1.00000000
vn 0.00000000 0.00000000 -1.00000000
vn 0.00000000 0.00000000 -1.00000000
vn 0.00000000 0.00000000 -1.00000000
vn 0.00000000 -1.00000000 0.00000000
vn 0.00000000 -1.00000000 0.00000000
vn 0.00000000 -1.00000000 0.00000000
vn 0.00000000 1.00000000 0.00000000
vn 0.00000000 1.00000000 0.00000000
vn 0.00000000 1.00000000 0.00000000
vn 0.00000000 -0.70710678 0.70710678
vn 0.00000000 -0.70710000 0.70710000
vn 0.00000000 -0.70710678 0.70710678
vn 0.00000000 -0.70710678 -0.70710678
vn 0.00000000 -0.70710000 -0.70710000
vn 0.00000000 -0.70710000 -0.70710000
vn 0.00000000 -0.70710678 -0.70710678
vn 0.00000000 -1.00000000 0.00000000
vn 0.00000000 -1.00000000 0.00000000
vn 0.00000000 -1.00000000 0.00000000
vn 1.00000000 0.00000000 0.00000000
vn 1.00000000 0.00000000 0.00000000
vn 1.00000000 0.00000000 0.00000000
vn 1.00000000 0.00000000 0.00000000
vn 1.00000000 0.00000000 0.00000000
vn 1.00000000 0.00000000 0.00000000
vn 1.00000000 0.00000000 0.00000000
vn 1.00000000 0.00000000 0.00000000
vn 1.00000000 0.00000000 0.00000000
vn 1.00000000 0.00000000 0.00000000
vn 0.00000000 1.00000000 0.00000000
vn 0.00000000 1.00000000 0.00000000
vn 0.00000000 1.00000000 0.00000000
vn 0.00000000 0.70710678 0.70710678
vn 0.00000000 0.70710678 0.70710678
vn 0.00000000 0.70710000 0.70710000
vn 0.00000000 0.70710678 -0.70710678
vn 0.00000000 0.70710000 -0.70710000
vn 0.00000000 0.70710000 -0.70710000
vn 0.00000000 0.70710678 -0.70710678
vn 1.00000000 0.00000000 0.00000000
vn 1.00000000 0.00000000 0.00000000
vn 1.00000000 0.00000000 0.00000000
vn 0.00000000 -0.73488778 0.67818873
vn 0.00000000 -0.73488778 0.67818873
vn 0.00000000 -0.73490000 0.67820000
vn 0.00000000 -0.73490000 0.67820000
vn 0.00000000 0.73488778 -0.67818873
vn 0.00000000 0.73488778 -0.67818873
vn 0.00000000 0.73490000 -0.67820000
vn 0.00000000 0.73490000 -0.67820000
vn 1.00000000 0.00000000 0.00000000
vn 1.00000000 0.00000000 0.00000000
vn 1.00000000 0.00000000 0.00000000
vn 0.00000000 -0.73488778 -0.67818873
vn 0.00000000 -0.73490000 -0.67820000
vn 0.00000000 -0.73490000 -0.67820000
vn 0.00000000 -0.73488778 -0.67818873
vn 0.00000000 0.73488778 0.67818873
vn 0.00000000 0.73490000 0.67820000
vn 0.00000000 0.73490000 0.67820000
vn 0.00000000 0.73488778 0.67818873
vn 0.00000000 0.00000000 1.00000000
vn 0.00000000 0.00000000 1.00000000
vn 0.00000000 0.00000000 1.00000000
vn 0.00000000 0.00000000 -1.00000000
vn 0.00000000 0.00000000 -1.00000000
vn 0.00000000 0.00000000 -1.00000000
vn 1.00000000 0.00000000 0.00000000
vn 1.00000000 0.00000000 0.00000000
vn 1.00000000 0.00000000 0.00000000
vn 0.00000000 0.00000000 1.00000000
vn 0.00000000 0.00000000 1.00000000
vn 0.00000000 0.00000000 1.00000000
vn 0.00000000 0.00000000 -1.00000000
vn 0.00000000 0.00000000 -1.00000000
vn 0.00000000 0.00000000 -1.00000000
vn 1.00000000 0.00000000 0.00000000
vn 1.00000000 0.00000000 0.00000000
vn 1.00000000 0.00000000 0.00000000
vn 0.00000000 0.00000000 -1.00000000
vn 0.00000000 0.00000000 -1.00000000
vn 0.00000000 0.00000000 -1.00000000
vn 0.00000000 0.00000000 1.00000000
vn 0.00000000 0.00000000 1.00000000
vn 0.00000000 0.00000000 1.00000000
vn 1.00000000 0.00000000 0.00000000
vn 1.00000000 0.00000000 0.00000000
vn 1.00000000 0.00000000 0.00000000
vn 0.00000000 0.00000000 -1.00000000
vn 0.00000000 0.00000000 -1.00000000
vn 0.00000000 0.00000000 -1.00000000
vn 0.00000000 0.00000000 1.00000000
vn 0.00000000 0.00000000 1.00000000
vn 0.00000000 0.00000000 1.00000000
vn 1.00000000 0.00000000 0.00000000
vn 1.00000000 0.00000000 0.00000000
vn 1.00000000 0.00000000 0.00000000
vn 1.00000000 0.00000000 0.00000000
vn 1.00000000 0.00000000 0.00000000
vn 1.00000000 0.00000000 0.00000000
vn 0.00000000 0.00000000 1.00000000
vn 0.00000000 0.00000000 1.00000000
vn 0.00000000 0.00000000 1.00000000
vn 0.00000000 0.00000000 -1.00000000
vn 0.00000000 0.00000000 -1.00000000
vn 0.00000000 0.00000000 -1.00000000
vn 0.00000000 -1.00000000 0.00000000
vn 0.00000000 -1.00000000 0.00000000
vn 0.00000000 -1.00000000 0.00000000
vn 0.00000000 1.00000000 0.00000000
vn 0.00000000 1.00000000 0.00000000
vn 0.00000000 1.00000000 0.00000000
vn -1.00000000 0.00000000 0.00000000
vn -1.00000000 0.00000000 0.00000000
vn -1.00000000 0.00000000 0.00000000
vn 0.00000000 0.00000000 -1.00000000
vn 0.00000000 0.00000000 -1.00000000
vn 0.00000000 0.00000000 -1.00000000
vn 0.00000000 0.00000000 1.00000000
vn 0.00000000 0.00000000 1.00000000
vn 0.00000000 0.00000000 1.00000000
vn 0.00000000 -1.00000000 0.00000000
vn 0.00000000 -1.00000000 0.00000000
vn 0.00000000 -1.00000000 0.00000000
vn 0.00000000 1.00000000 0.00000000
vn 0.00000000 1.00000000 0.00000000
vn 0.00000000 1.00000000 0.00000000
vn 0.00000000 -0.70710678 -0.70710678
vn 0.00000000 -0.70710000 -0.70710000
vn 0.00000000 -0.70710678 -0.70710678
vn 0.00000000 -0.70710678 0.70710678
vn 0.00000000 -0.70710000 0.70710000
vn 0.00000000 -0.70710678 0.70710678
vn 0.00000000 -1.00000000 0.00000000
vn 0.00000000 -1.00000000 0.00000000
vn 0.00000000 -1.00000000 0.00000000
vn -1.00000000 0.00000000 0.00000000
vn -1.00000000 0.00000000 0.00000000
vn -1.00000000 0.00000000 0.00000000
vn -1.00000000 0.00000000 0.00000000
vn -1.00000000 0.00000000 0.00000000
vn -1.00000000 0.00000000 0.00000000
vn -1.00000000 0.00000000 0.00000000
vn -1.00000000 0.00000000 0.00000000
vn -1.00000000 0.00000000 0.00000000
vn -1.00000000 0.00000000 0.00000000
vn 0.00000000 1.00000000 0.00000000
vn 0.00000000 1.00000000 0.00000000
vn 0.00000000 1.00000000 0.00000000
vn 0.00000000 0.70710678 -0.70710678
vn 0.00000000 0.70710678 -0.70710678
vn 0.00000000 0.70710000 -0.70710000
vn 0.00000000 0.70710678 0.70710678
vn 0.00000000 0.70710000 0.70710000
vn 0.00000000 0.70710000 0.70710000
vn 0.00000000 0.70710678 0.70710678
vn -1.00000000 0.00000000 0.00000000
vn -1.00000000 0.00000000 0.00000000
vn -1.00000000 0.00000000 0.00000000
vn 0.00000000 -0.73488778 -0.67818873
vn 0.00000000 -0.73488778 -0.67818873
vn 0.00000000 -0.73490000 -0.67820000
vn 0.00000000 -0.73490000 -0.67820000
vn 0.00000000 0.73488778 0.67818873
vn 0.00000000 0.73488778 0.67818873
vn 0.00000000 0.73490000 0.67820000
vn 0.00000000 0.73490000 0.67820000
vn -1.00000000 0.00000000 0.00000000
vn -1.00000000 0.00000000 0.00000000
vn -1.00000000 0.00000000 0.00000000
vn 0.00000000 -0.73488778 0.67818873
vn 0.00000000 -0.73490000 0.67820000
vn 0.00000000 -0.73490000 0.67820000
vn 0.00000000 -0.73488778 0.67818873
vn 0.00000000 0.73488778 -0.67818873
vn 0.00000000 0.73490000 -0.67820000
vn 0.00000000 0.73490000 -0.67820000
vn 0.00000000 0.73488778 -0.67818873
vn 0.00000000 0.00000000 -1.00000000
vn 0.00000000 0.00000000 -1.00000000
vn 0.00000000 0.00000000 -1.00000000
vn 0.00000000 0.00000000 1.00000000
vn 0.00000000 0.00000000 1.00000000
vn 0.00000000 0.00000000 1.00000000
vn -1.00000000 0.00000000 0.00000000
vn -1.00000000 0.00000000 0.00000000
vn -1.00000000 0.00000000 0.00000000
vn 0.00000000 0.00000000 -1.00000000
vn 0.00000000 0.00000000 -1.00000000
vn 0.00000000 0.00000000 -1.00000000
vn 0.00000000 0.00000000 1.00000000
vn 0.00000000 0.00000000 1.00000000
vn 0.00000000 0.00000000 1.00000000
vn -1.00000000 0.00000000 0.00000000
vn -1.00000000 0.00000000 0.00000000
vn -1.00000000 0.00000000 0.00000000
vn 0.00000000 0.00000000 1.00000000
vn 0.00000000 0.00000000 1.00000000
vn 0.00000000 0.00000000 1.00000000
vn 0.00000000 0.00000000 -1.00000000
vn 0.00000000 0.00000000 -1.00000000
vn 0.00000000 0.00000000 -1.00000000
vn -1.00000000 0.00000000 0.00000000
vn -1.00000000 0.00000000 0.00000000
vn -1.00000000 0.00000000 0.00000000
vn 0.00000000 0.00000000 1.00000000
vn 0.00000000 0.00000000 1.00000000
vn 0.00000000 0.00000000 1.00000000
vn 0.00000000 0.00000000 -1.00000000
vn 0.00000000 0.00000000 -1.00000000
vn 0.00000000 0.00000000 -1.00000000
vn -1.00000000 0.00000000 0.00000000
vn -1.00000000 0.00000000 0.00000000
vn -1.00000000 0.00000000 0.00000000
vn -1.00000000 0.00000000 0.00000000
vn -1.00000000 0.00000000 0.00000000
vn -1.00000000 0.00000000 0.00000000
vn 0.00000000 0.00000000 -1.00000000
vn 0.00000000 0.00000000 -1.00000000
vn 0.00000000 0.00000000 -1.00000000
vn 0.00000000 0.00000000 1.00000000
vn 0.00000000 0.00000000 1.00000000
vn 0.00000000 0.00000000 1.00000000
vn 0.00000000 -1.00000000 0.00000000
vn 0.00000000 -1.00000000 0.00000000
vn 0.00000000 -1.00000000 0.00000000
vn 0.00000000 1.00000000 0.00000000
vn 0.00000000 1.00000000 0.00000000
vn 0.00000000 1.00000000 0.00000000
vn -1.00000000 0.00000000 0.00000000
vn -1.00000000 0.00000000 0.00000000
vn -1.00000000 0.00000000 0.00000000
vn -1.00000000 0.00000000 0.00000000
vn -1.00000000 0.00000000 0.00000000
vn -1.00000000 0.00000000 0.00000000
vn 1.00000000 0.00000000 0.00000000
vn 1.00000000 0.00000000 0.00000000
vn 1.00000000 0.00000000 0.00000000
vn -1.00000000 0.00000000 0.00000000
vn -1.00000000 0.00000000 0.00000000
vn -1.00000000 0.00000000 0.00000000
vn 0.00000000 -1.00000000 0.00000000
vn 0.00000000 -1.00000000 0.00000000
vn 0.00000000 -1.00000000 0.00000000
vn 0.00000000 1.00000000 0.00000000
vn 0.00000000 1.00000000 0.00000000
vn 0.00000000 1.00000000 0.00000000
vn 0.00000000 0.00000000 1.00000000
vn 0.00000000 0.00000000 1.00000000
vn 0.00000000 0.00000000 1.00000000
vn 0.00000000 -1.00000000 0.00000000
vn 0.00000000 -1.00000000 0.00000000
vn 0.00000000 -1.00000000 0.00000000
vn 0.00000000 0.00000000 1.00000000
vn 0.00000000 0.00000000 1.00000000
vn 0.00000000 0.00000000 1.00000000
vn 1.00000000 0.00000000 0.00000000
vn 1.00000000 0.00000000 0.00000000
vn 1.00000000 0.00000000 0.00000000
vn 0.00000000 0.00000000 -1.00000000
vn 0.00000000 0.00000000 -1.00000000
vn 0.00000000 0.00000000 -1.00000000
vn -1.00000000 0.00000000 0.00000000
vn -1.00000000 0.00000000 0.00000000
vn -1.00000000 0.00000000 0.00000000
vn 1.00000000 0.00000000 0.00000000
vn 1.00000000 0.00000000 0.00000000
vn 1.00000000 0.00000000 0.00000000
vn 0.00000000 -1.00000000 0.00000000
vn 0.00000000 -1.00000000 0.00000000
vn 0.00000000 -1.00000000 0.00000000
vn 1.00000000 0.00000000 0.00000000
vn 1.00000000 0.00000000 0.00000000
vn 1.00000000 0.00000000 0.00000000
vn 1.00000000 0.00000000 0.00000000
vn 1.00000000 0.00000000 0.00000000
vn 1.00000000 0.00000000 0.00000000
vn 1.00000000 0.00000000 0.00000000
vn 1.00000000 0.00000000 0.00000000
vn 1.00000000 0.00000000 0.00000000
vn -1.00000000 0.00000000 0.00000000
vn -1.00000000 0.00000000 0.00000000
vn -1.00000000 0.00000000 0.00000000
vn 0.00000000 0.00000000 1.00000000
vn 0.00000000 0.00000000 1.00000000
vn 0.00000000 0.00000000 1.00000000
vn 1.00000000 0.00000000 0.00000000
vn 1.00000000 0.00000000 0.00000000
vn 1.00000000 0.00000000 0.00000000
vn 0.00000000 0.00000000 -1.00000000
vn 0.00000000 0.00000000 -1.00000000
vn 0.00000000 0.00000000 -1.00000000
vn 0.00000000 0.00000000 -1.00000000
vn 0.00000000 0.00000000 -1.00000000
vn 0.00000000 0.00000000 -1.00000000
vn 0.00000000 1.00000000 0.00000000
vn 0.00000000 1.00000000 0.00000000
vn 0.00000000 1.00000000 0.00000000
vn 0.00000000 1.00000000 0.00000000
vn 0.00000000 1.00000000 0.00000000
vn 0.00000000 1.00000000 0.00000000
vn 0.00000000 0.00000000 1.00000000
vn 0.00000000 0.00000000 1.00000000
vn 0.00000000 0.00000000 1.00000000
vn 1.00000000 0.00000000 0.00000000
vn 1.00000000 0.00000000 0.00000000
vn 1.00000000 0.00000000 0.00000000
vn -1.00000000 0.00000000 0.00000000
vn -1.00000000 0.00000000 0.00000000
vn -1.00000000 0.00000000 0.00000000
vn 0.00000000 0.00000000 -1.00000000
vn 0.00000000 0.00000000 -1.00000000
vn 0.00000000 0.00000000 -1.00000000
vn -1.00000000 0.00000000 0.00000000
vn -1.00000000 0.00000000 0.00000000
vn -1.00000000 0.00000000 0.00000000
vn 0.00000000 1.00000000 0.00000000
vn 0.00000000 1.00000000 0.00000000
vn 0.00000000 1.00000000 0.00000000
vn -1.00000000 0.00000000 0.00000000
vn -1.00000000 0.00000000 0.00000000
vn -1.00000000 0.00000000 0.00000000
vn 0.00000000 -0.70710000 0.70710000
vn 0.00000000 -0.70710000 0.70710000
vn 0.00000000 -0.70710000 0.70710000
vn 0.00000000 -0.70710000 -0.70710000
vn 0.00000000 -0.70710000 -0.70710000
vn 0.00000000 -0.70710000 -0.70710000
vn -1.00000000 0.00000000 0.00000000
vn -1.00000000 0.00000000 0.00000000
vn -1.00000000 0.00000000 0.00000000
vn 0.00000000 1.00000000 0.00000000
vn 0.00000000 1.00000000 0.00000000
vn 0.00000000 1.00000000 0.00000000
vn 1.00000000 0.00000000 0.00000000
vn 1.00000000 0.00000000 0.00000000
vn 1.00000000 0.00000000 0.00000000
vn 0.00000000 -1.00000000 0.00000000
vn 0.00000000 -1.00000000 0.00000000
vn 0.00000000 -1.00000000 0.00000000
vn -1.00000000 0.00000000 0.00000000
vn -1.00000000 0.00000000 0.00000000
vn -1.00000000 0.00000000 0.00000000
vn 0.00000000 1.00000000 0.00000000
vn 0.00000000 1.00000000 0.00000000
vn 0.00000000 1.00000000 0.00000000
vn 1.00000000 0.00000000 0.00000000
vn 1.00000000 0.00000000 0.00000000
vn 1.00000000 0.00000000 0.00000000
vn 0.00000000 -1.00000000 0.00000000
vn 0.00000000 -1.00000000 0.00000000
vn 0.00000000 -1.00000000 0.00000000
vn -1.00000000 0.00000000 0.00000000
vn -1.00000000 0.00000000 0.00000000
vn -1.00000000 0.00000000 0.00000000
vn 0.00000000 -0.70710000 -0.70710000
vn 0.00000000 -0.70710000 -0.70710000
vn 0.00000000 -0.70710000 -0.70710000
vn 0.00000000 -0.70710000 0.70710000
vn 0.00000000 -0.70710000 0.70710000
vn 0.00000000 -0.70710000 0.70710000
vn 0.00000000 0.00000000 -1.00000000
vn 0.00000000 0.00000000 -1.00000000
vn 0.00000000 0.00000000 -1.00000000
vn 0.00000000 0.00000000 1.00000000
vn 0.00000000 0.00000000 1.00000000
vn 0.00000000 0.00000000 1.00000000
vn 0.00000000 1.00000000 0.00000000
vn 0.00000000 1.00000000 0.00000000
vn 0.00000000 1.00000000 0.00000000
vn 0.00000000 1.00000000 0.00000000
vn 0.00000000 1.00000000 0.00000000
vn 0.00000000 1.00000000 0.00000000
vn 1.00000000 0.00000000 0.00000000
vn 1.00000000 0.00000000 0.00000000
vn 1.00000000 0.00000000 0.00000000
vn -1.00000000 0.00000000 0.00000000
vn -1.00000000 0.00000000 0.00000000
vn -1.00000000 0.00000000 0.00000000
vn 0.00000000 0.00000000 1.00000000
vn 0.00000000 0.00000000 1.00000000
vn 0.00000000 0.00000000 1.00000000
vn -1.00000000 0.00000000 0.00000000
vn -1.00000000 0.00000000 0.00000000
vn -1.00000000 0.00000000 0.00000000
vn 1.00000000 0.00000000 0.00000000
vn 1.00000000 0.00000000 0.00000000
vn 1.00000000 0.00000000 0.00000000
vn 0.00000000 0.00000000 -1.00000000
vn 0.00000000 0.00000000 -1.00000000
vn 0.00000000 0.00000000 -1.00000000
vn -1.00000000 0.00000000 0.00000000
vn -1.00000000 0.00000000 0.00000000
vn -1.00000000 0.00000000 0.00000000
vn 1.00000000 0.00000000 0.00000000
vn 1.00000000 0.00000000 0.00000000
vn 1.00000000 0.00000000 0.00000000
vn -1.00000000 0.00000000 0.00000000
vn -1.00000000 0.00000000 0.00000000
vn -1.00000000 0.00000000 0.00000000
vn 0.00000000 1.00000000 0.00000000
vn 0.00000000 1.00000000 0.00000000
vn 0.00000000 1.00000000 0.00000000
vn 0.00000000 1.00000000 0.00000000
vn 0.00000000 1.00000000 0.00000000
vn 0.00000000 1.00000000 0.00000000
vn -1.00000000 0.00000000 0.00000000
vn -1.00000000 0.00000000 0.00000000
vn -1.00000000 0.00000000 0.00000000
vn 0.00000000 0.00000000 1.00000000
vn 0.00000000 0.00000000 1.00000000
vn 0.00000000 0.00000000 1.00000000
vn 1.00000000 0.00000000 0.00000000
vn 1.00000000 0.00000000 0.00000000
vn 1.00000000 0.00000000 0.00000000
vn 1.00000000 0.00000000 0.00000000
vn 1.00000000 0.00000000 0.00000000
vn 1.00000000 0.00000000 0.00000000
vn 0.00000000 0.00000000 -1.00000000
vn 0.00000000 0.00000000 -1.00000000
vn 0.00000000 0.00000000 -1.00000000
vn 0.00000000 0.00000000 -1.00000000
vn 0.00000000 0.00000000 -1.00000000
vn 0.00000000 0.00000000 -1.00000000
vn -1.00000000 0.00000000 0.00000000
vn -1.00000000 0.00000000 0.00000000
vn -1.00000000 0.00000000 0.00000000
vn 1.00000000 0.00000000 0.00000000
vn 1.00000000 0.00000000 0.00000000
vn 1.00000000 0.00000000 0.00000000
vn 1.00000000 0.00000000 0.00000000
vn 1.00000000 0.00000000 0.00000000
vn 1.00000000 0.00000000 0.00000000
vn 0.00000000 0.00000000 1.00000000
vn 0.00000000 0.00000000 1.00000000
vn 0.00000000 0.00000000 1.00000000
vn -1.00000000 0.00000000 0.00000000
vn -1.00000000 0.00000000 0.00000000
vn -1.00000000 0.00000000 0.00000000
vn 1.00000000 0.00000000 0.00000000
vn 1.00000000 0.00000000 0.00000000
vn 1.00000000 0.00000000 0.00000000
vn -1.00000000 0.00000000 0.00000000
vn -1.00000000 0.00000000 0.00000000
vn -1.00000000 0.00000000 0.00000000
vn 0.00000000 -1.00000000 0.00000000
vn 0.00000000 -1.00000000 0.00000000
vn 0.00000000 -1.00000000 0.00000000
vn 0.00000000 -1.00000000 0.00000000
vn 0.00000000 -1.00000000 0.00000000
vn 0.00000000 -1.00000000 0.00000000
vn 0.00000000 -1.00000000 0.00000000
vn 0.00000000 -1.00000000 0.00000000
vn 0.00000000 -1.00000000 0.00000000
vn 0.00000000 0.00000000 -1.00000000
vn 0.00000000 0.00000000 -1.00000000
vn 0.00000000 0.00000000 -1.00000000
vn 1.00000000 0.00000000 0.00000000
vn 1.00000000 0.00000000 0.00000000
vn 1.00000000 0.00000000 0.00000000
vn 0.00000000 0.00000000 1.00000000
vn 0.00000000 0.00000000 1.00000000
vn 0.00000000 0.00000000 1.00000000
vn 1.00000000 0.00000000 0.00000000
vn 1.00000000 0.00000000 0.00000000
vn 1.00000000 0.00000000 0.00000000
vn -1.00000000 0.00000000 0.00000000
vn -1.00000000 0.00000000 0.00000000
vn -1.00000000 0.00000000 0.00000000
vn -1.00000000 0.00000000 0.00000000
vn -1.00000000 0.00000000 0.00000000
vn -1.00000000 0.00000000 0.00000000
vn -1.00000000 0.00000000 0.00000000
vn -1.00000000 0.00000000 0.00000000
vn -1.00000000 0.00000000 0.00000000
vn 1.00000000 0.00000000 0.00000000
vn 1.00000000 0.00000000 0.00000000
vn 1.00000000 0.00000000 0.00000000
vn -1.00000000 0.00000000 0.00000000
vn -1.00000000 0.00000000 0.00000000
vn -1.00000000 0.00000000 0.00000000
vn 0.00000000 -1.00000000 0.00000000
vn 0.00000000 -1.00000000 0.00000000
vn 0.00000000 -1.00000000 0.00000000
vn 0.00000000 1.00000000 0.00000000
vn 0.00000000 1.00000000 0.00000000
vn 0.00000000 1.00000000 0.00000000
vn 0.00000000 0.00000000 1.00000000
vn 0.00000000 0.00000000 1.00000000
vn 0.00000000 0.00000000 1.00000000
vn 0.00000000 -1.00000000 0.00000000
vn 0.00000000 -1.00000000 0.00000000
vn 0.00000000 -1.00000000 0.00000000
vn 0.00000000 0.00000000 1.00000000
vn 0.00000000 0.00000000 1.00000000
vn 0.00000000 0.00000000 1.00000000
vn 1.00000000 0.00000000 0.00000000
vn 1.00000000 0.00000000 0.00000000
vn 1.00000000 0.00000000 0.00000000
vn 0.00000000 0.00000000 -1.00000000
vn 0.00000000 0.00000000 -1.00000000
vn 0.00000000 0.00000000 -1.00000000
vn -1.00000000 0.00000000 0.00000000
vn -1.00000000 0.00000000 0.00000000
vn -1.00000000 0.00000000 0.00000000
vn 1.00000000 0.00000000 0.00000000
vn 1.00000000 0.00000000 0.00000000
vn 1.00000000 0.00000000 0.00000000
vn 0.00000000 -1.00000000 0.00000000
vn 0.00000000 -1.00000000 0.00000000
vn 0.00000000 -1.00000000 0.00000000
vn 1.00000000 0.00000000 0.00000000
vn 1.00000000 0.00000000 0.00000000
vn 1.00000000 0.00000000 0.00000000
vn 1.00000000 0.00000000 0.00000000
vn 1.00000000 0.00000000 0.00000000
vn 1.00000000 0.00000000 0.00000000
vn 1.00000000 0.00000000 0.00000000
vn 1.00000000 0.00000000 0.00000000
vn 1.00000000 0.00000000 0.00000000
vn -1.00000000 0.00000000 0.00000000
vn -1.00000000 0.00000000 0.00000000
vn -1.00000000 0.00000000 0.00000000
vn 0.00000000 0.00000000 1.00000000
vn 0.00000000 0.00000000 1.00000000
vn 0.00000000 0.00000000 1.00000000
vn 1.00000000 0.00000000 0.00000000
vn 1.00000000 0.00000000 0.00000000
vn 1.00000000 0.00000000 0.00000000
vn 0.00000000 0.00000000 -1.00000000
vn 0.00000000 0.00000000 -1.00000000
vn 0.00000000 0.00000000 -1.00000000
vn 0.00000000 0.00000000 -1.00000000
vn 0.00000000 0.00000000 -1.00000000
vn 0.00000000 0.00000000 -1.00000000
vn 0.00000000 1.00000000 0.00000000
vn 0.00000000 1.00000000 0.00000000
vn 0.00000000 1.00000000 0.00000000
vn 0.00000000 1.00000000 0.00000000
vn 0.00000000 1.00000000 0.00000000
vn 0.00000000 1.00000000 0.00000000
vn 0.00000000 0.00000000 1.00000000
vn 0.00000000 0.00000000 1.00000000
vn 0.00000000 0.00000000 1.00000000
vn 1.00000000 0.00000000 0.00000000
vn 1.00000000 0.00000000 0.00000000
vn 1.00000000 0.00000000 0.00000000
vn -1.00000000 0.00000000 0.00000000
vn -1.00000000 0.00000000 0.00000000
vn -1.00000000 0.00000000 0.00000000
vn 0.00000000 0.00000000 -1.00000000
vn 0.00000000 0.00000000 -1.00000000
vn 0.00000000 0.00000000 -1.00000000
vn -1.00000000 0.00000000 0.00000000
vn -1.00000000 0.00000000 0.00000000
vn -1.00000000 0.00000000 0.00000000
vn 0.00000000 1.00000000 0.00000000
vn 0.00000000 1.00000000 0.00000000
vn 0.00000000 1.00000000 0.00000000
vn -1.00000000 0.00000000 0.00000000
vn -1.00000000 0.00000000 0.00000000
vn -1.00000000 0.00000000 0.00000000
vn 0.00000000 -0.70710000 0.70710000
vn 0.00000000 -0.70710000 0.70710000
vn 0.00000000 -0.70710000 0.70710000
vn 0.00000000 -0.70710000 -0.70710000
vn 0.00000000 -0.70710000 -0.70710000
vn 0.00000000 -0.70710000 -0.70710000
vn -1.00000000 0.00000000 0.00000000
vn -1.00000000 0.00000000 0.00000000
vn -1.00000000 0.00000000 0.00000000
vn 0.00000000 1.00000000 0.00000000
vn 0.00000000 1.00000000 0.00000000
vn 0.00000000 1.00000000 0.00000000
vn 1.00000000 0.00000000 0.00000000
vn 1.00000000 0.00000000 0.00000000
vn 1.00000000 0.00000000 0.00000000
vn 0.00000000 -1.00000000 0.00000000
vn 0.00000000 -1.00000000 0.00000000
vn 0.00000000 -1.00000000 0.00000000
vn -1.00000000 0.00000000 0.00000000
vn -1.00000000 0.00000000 0.00000000
vn -1.00000000 0.00000000 0.00000000
vn 0.00000000 1.00000000 0.00000000
vn 0.00000000 1.00000000 0.00000000
vn 0.00000000 1.00000000 0.00000000
vn 1.00000000 0.00000000 0.00000000
vn 1.00000000 0.00000000 0.00000000
vn 1.00000000 0.00000000 0.00000000
vn 0.00000000 -1.00000000 0.00000000
vn 0.00000000 -1.00000000 0.00000000
vn 0.00000000 -1.00000000 0.00000000
vn -1.00000000 0.00000000 0.00000000
vn -1.00000000 0.00000000 0.00000000
vn -1.00000000 0.00000000 0.00000000
vn 0.00000000 -0.70710000 -0.70710000
vn 0.00000000 -0.70710000 -0.70710000
vn 0.00000000 -0.70710000 -0.70710000
vn 0.00000000 -0.70710000 0.70710000
vn 0.00000000 -0.70710000 0.70710000
vn 0.00000000 -0.70710000 0.70710000
vn 0.00000000 0.00000000 -1.00000000
vn 0.00000000 0.00000000 -1.00000000
vn 0.00000000 0.00000000 -1.00000000
vn 0.00000000 0.00000000 1.00000000
vn 0.00000000 0.00000000 1.00000000
vn 0.00000000 0.00000000 1.00000000
vn 0.00000000 1.00000000 0.00000000
vn 0.00000000 1.00000000 0.00000000
vn 0.00000000 1.00000000 0.00000000
vn 0.00000000 1.00000000 0.00000000
vn 0.00000000 1.00000000 0.00000000
vn 0.00000000 1.00000000 0.00000000
vn 1.00000000 0.00000000 0.00000000
vn 1.00000000 0.00000000 0.00000000
vn 1.00000000 0.00000000 0.00000000
vn -1.00000000 0.00000000 0.00000000
vn -1.00000000 0.00000000 0.00000000
vn -1.00000000 0.00000000 0.00000000
vn 0.00000000 0.00000000 1.00000000
vn 0.00000000 0.00000000 1.00000000
vn 0.00000000 0.00000000 1.00000000
vn -1.00000000 0.00000000 0.00000000
vn -1.00000000 0.00000000 0.00000000
vn -1.00000000 0.00000000 0.00000000
vn 1.00000000 0.00000000 0.00000000
vn 1.00000000 0.00000000 0.00000000
vn 1.00000000 0.00000000 0.00000000
vn 0.00000000 0.00000000 -1.00000000
vn 0.00000000 0.00000000 -1.00000000
vn 0.00000000 0.00000000 -1.00000000
vn -1.00000000 0.00000000 0.00000000
vn -1.00000000 0.00000000 0.00000000
vn -1.00000000 0.00000000 0.00000000
vn 1.00000000 0.00000000 0.00000000
vn 1.00000000 0.00000000 0.00000000
vn 1.00000000 0.00000000 0.00000000
vn -1.00000000 0.00000000 0.00000000
vn -1.00000000 0.00000000 0.00000000
vn -1.00000000 0.00000000 0.00000000
vn 0.00000000 1.00000000 0.00000000
vn 0.00000000 1.00000000 0.00000000
vn 0.00000000 1.00000000 0.00000000
vn 0.00000000 1.00000000 0.00000000
vn 0.00000000 1.00000000 0.00000000
vn 0.00000000 1.00000000 0.00000000
vn -1.00000000 0.00000000 0.00000000
vn -1.00000000 0.00000000 0.00000000
vn -1.00000000 0.00000000 0.00000000
vn 0.00000000 0.00000000 1.00000000
vn 0.00000000 0.00000000 1.00000000
vn 0.00000000 0.00000000 1.00000000
vn 1.00000000 0.00000000 0.00000000
vn 1.00000000 0.00000000 0.00000000
vn 1.00000000 0.00000000 0.00000000
vn 1.00000000 0.00000000 0.00000000
vn 1.00000000 0.00000000 0.00000000
vn 1.00000000 0.00000000 0.00000000
vn 0.00000000 0.00000000 -1.00000000
vn 0.00000000 0.00000000 -1.00000000
vn 0.00000000 0.00000000 -1.00000000
vn 0.00000000 0.00000000 -1.00000000
vn 0.00000000 0.00000000 -1.00000000
vn 0.00000000 0.00000000 -1.00000000
vn -1.00000000 0.00000000 0.00000000
vn -1.00000000 0.00000000 0.00000000
vn -1.00000000 0.00000000 0.00000000
vn 1.00000000 0.00000000 0.00000000
vn 1.00000000 0.00000000 0.00000000
vn 1.00000000 0.00000000 0.00000000
vn 1.00000000 0.00000000 0.00000000
vn 1.00000000 0.00000000 0.00000000
vn 1.00000000 0.00000000 0.00000000
vn 0.00000000 0.00000000 1.00000000
vn 0.00000000 0.00000000 1.00000000
vn 0.00000000 0.00000000 1.00000000
vn -1.00000000 0.00000000 0.00000000
vn -1.00000000 0.00000000 0.00000000
vn -1.00000000 0.00000000 0.00000000
vn 1.00000000 0.00000000 0.00000000
vn 1.00000000 0.00000000 0.00000000
vn 1.00000000 0.00000000 0.00000000
vn -1.00000000 0.00000000 0.00000000
vn -1.00000000 0.00000000 0.00000000
vn -1.00000000 0.00000000 0.00000000
vn 0.00000000 -1.00000000 0.00000000
vn 0.00000000 -1.00000000 0.00000000
vn 0.00000000 -1.00000000 0.00000000
vn 0.00000000 -1.00000000 0.00000000
vn 0.00000000 -1.00000000 0.00000000
vn 0.00000000 -1.00000000 0.00000000
vn 0.00000000 -1.00000000 0.00000000
vn 0.00000000 -1.00000000 0.00000000
vn 0.00000000 -1.00000000 0.00000000
vn 0.00000000 0.00000000 -1.00000000
vn 0.00000000 0.00000000 -1.00000000
vn 0.00000000 0.00000000 -1.00000000
vn 1.00000000 0.00000000 0.00000000
vn 1.00000000 0.00000000 0.00000000
vn 1.00000000 0.00000000 0.00000000
vn 0.00000000 0.00000000 1.00000000
vn 0.00000000 0.00000000 1.00000000
vn 0.00000000 0.00000000 1.00000000
vn 1.00000000 0.00000000 0.00000000
vn 1.00000000 0.00000000 0.00000000
vn 1.00000000 0.00000000 0.00000000
vn -1.00000000 0.00000000 0.00000000
vn -1.00000000 0.00000000 0.00000000
vn -1.00000000 0.00000000 0.00000000
o Door
usemtl door
f 1/1/1 2/2/2 3/3/3 4/4/4
f 5/5/5 6/6/6 7/7/7 8/8/8
f 9/9/9 10/10/10 11/11/11 12/12/12
f 13/13/13 14/14/14 15/15/15 16/16/16
f 17/17/17 18/18/18 19/19/19
f 20/20/20 21/21/21 22/22/22
f 23/23/23 24/24/24 25/25/25
f 26/26/26 27/27/27 28/28/28
f 29/29/29 30/30/30 31/31/31
f 32/32/32 33/33/33 34/34/34
f 35/35/35 36/36/36 37/37/37
f 38/38/38 39/39/39 40/40/40
f 41/41/41 42/42/42 43/43/43
f 44/44/44 45/45/45 46/46/46
f 47/47/47 48/48/48 49/49/49
f 50/50/50 51/51/51 52/52/52
f 53/53/53 54/54/54 55/55/55
f 56/56/56 57/57/57 58/58/58
f 59/59/59 60/60/60 61/61/61
f 62/62/62 63/63/63 64/64/64
f 65/65/65 66/66/66 67/67/67
f 68/68/68 69/69/69 70/70/70
f 71/71/71 72/72/72 73/73/73
f 74/74/74 75/75/75 76/76/76
f 77/77/77 78/78/78 79/79/79
f 80/80/80 81/81/81 82/82/82
f 83/83/83 84/84/84 85/85/85
f 86/86/86 87/87/87 88/88/88
f 89/89/89 90/90/90 91/91/91
f 92/92/92 93/93/93 94/94/94
f 95/95/95 96/96/96 97/97/97
f 98/98/98 99/99/99 100/100/100
f 101/101/101 102/102/102 103/103/103
f 104/104/104 105/105/105 106/106/106
f 107/107/107 108/108/108 109/109/109
f 110/110/110 111/111/111 112/112/112 113/113/113
f 114/114/114 115/115/115 116/116/116
f 117/117/117 118/118/118 119/119/119
f 120/120/120 121/121/121 122/122/122 123/123/123
f 124/124/124 125/125/125 126/126/126
f 127/127/127 128/128/128 129/129/129
f 130/130/130 131/131/131 132/132/132
f 133/133/133 134/134/134 135/135/135 136/136/136
f 137/137/137 138/138/138 139/139/139
f 140/140/140 141/141/141 142/142/142 143/143/143
f 144/144/144 145/145/145 146/146/146
f 147/147/147 148/148/148 149/149/149
f 150/150/150 151/151/151 152/152/152 153/153/153
f 154/154/154 155/155/155 156/156/156
f 157/157/157 158/158/158 159/159/159
f 160/160/160 161/161/161 162/162/162 163/163/163
f 164/164/164 165/165/165 166/166/166 167/167/167
f 168/168/168 169/169/169 170/170/170 171/171/171
f 172/172/172 173/173/173 174/174/174 175/175/175
f 176/176/176 177/177/177 178/178/178 179/179/179
f 180/180/180 181/181/181 182/182/182 183/183/183
f 184/184/184 185/185/185 186/186/186 187/187/187
f 188/188/188 189/189/189 190/190/190 191/191/191
f 192/192/192 193/193/193 194/194/194 195/195/195
f 196/196/196 197/197/197 198/198/198 199/199/199
f 200/200/200 201/201/201 202/202/202 203/203/203
f 204/204/204 205/205/205 206/206/206 207/207/207
f 208/208/208 209/209/209 210/210/210
f 211/211/211 212/212/212 213/213/213
f 214/214/214 215/215/215 216/216/216
f 217/217/217 218/218/218 219/219/219
f 220/220/220 221/221/221 222/222/222
f 223/223/223 224/224/224 225/225/225
f 226/226/226 227/227/227 228/228/228
f 229/229/229 230/230/230 231/231/231
f 232/232/232 233/233/233 234/234/234
f 235/235/235 236/236/236 237/237/237
f 238/238/238 239/239/239 240/240/240 241/241/241
f 242/242/242 243/243/243 244/244/244 245/245/245
f 246/246/246 247/247/247 248/248/248
f 249/249/249 250/250/250 251/251/251 252/252/252
f 253/253/253 254/254/254 255/255/255
f 256/256/256 257/257/257 258/258/258
f 259/259/259 260/260/260 261/261/261
f 262/262/262 263/263/263 264/264/264 265/265/265
f 266/266/266 267/267/267 268/268/268
f 269/269/269 270/270/270 271/271/271 272/272/272
f 273/273/273 274/274/274 275/275/275
f 276/276/276 277/277/277 278/278/278
f 279/279/279 280/280/280 281/281/281 282/282/282
f 283/283/283 284/284/284 285/285/285
f 286/286/286 287/287/287 288/288/288
f 289/289/289 290/290/290 291/291/291 292/292/292
f 293/293/293 294/294/294 295/295/295 296/296/296
f 297/297/297 298/298/298 299/299/299 300/300/300
f 301/301/301 302/302/302 303/303/303 304/304/304
f 305/305/305 306/306/306 307/307/307 308/308/308
f 309/309/309 310/310/310 311/311/311 312/312/312
f 313/313/313 314/314/314 315/315/315 316/316/316
f 317/317/317 318/318/318 319/319/319 320/320/320
f 321/321/321 322/322/322 323/323/323 324/324/324
f 325/325/325 326/326/326 327/327/327 328/328/328
f 329/329/329 330/330/330 331/331/331 332/332/332
f 333/333/333 334/334/334 335/335/335 336/336/336
f 337/337/337 338/338/338 339/339/339
f 340/340/340 341/341/341 342/342/342
f 343/343/343 344/344/344 345/345/345
f 346/346/346 347/347/347 348/348/348
f 349/349/349 350/350/350 351/351/351
f 352/352/352 353/353/353 354/354/354
f 355/355/355 356/356/356 357/357/357
f 358/358/358 359/359/359 360/360/360
f 361/361/361 362/362/362 363/363/363
f 364/364/364 365/365/365 366/366/366
f 367/367/367 368/368/368 369/369/369
f 370/370/370 371/371/371 372/372/372
f 373/373/373 374/374/374 375/375/375
f 376/376/376 377/377/377 378/378/378
f 379/379/379 380/380/380 381/381/381
f 382/382/382 383/383/383 384/384/384
f 385/385/385 386/386/386 387/387/387
f 388/388/388 389/389/389 390/390/390
f 391/391/391 392/392/392 393/393/393
f 394/394/394 395/395/395 396/396/396
f 397/397/397 398/398/398 399/399/399
f 400/400/400 401/401/401 402/402/402
f 403/403/403 404/404/404 405/405/405
f 406/406/406 407/407/407 408/408/408
f 409/409/409 410/410/410 411/411/411
f 412/412/412 413/413/413 414/414/414
f 415/415/415 416/416/416 417/417/417
f 418/418/418 419/419/419 420/420/420
f 421/421/421 422/422/422 423/423/423
f 424/424/424 425/425/425 426/426/426
f 427/427/427 428/428/428 429/429/429
f 430/430/430 431/431/431 432/432/432
f 433/433/433 434/434/434 435/435/435
f 436/436/436 437/437/437 438/438/438
f 439/439/439 440/440/440 441/441/441
f 442/442/442 443/443/443 444/444/444
f 445/445/445 446/446/446 447/447/447
f 448/448/448 449/449/449 450/450/450
f 451/451/451 452/452/452 453/453/453
f 454/454/454 455/455/455 456/456/456
f 457/457/457 458/458/458 459/459/459
f 460/460/460 461/461/461 462/462/462 463/463/463
f 464/464/464 465/465/465 466/466/466
f 467/467/467 468/468/468 469/469/469
f 470/470/470 471/471/471 472/472/472 473/473/473
f 474/474/474 475/475/475 476/476/476
f 477/477/477 478/478/478 479/479/479
f 480/480/480 481/481/481 482/482/482
f 483/483/483 484/484/484 485/485/485 486/486/486
f 487/487/487 488/488/488 489/489/489
f 490/490/490 491/491/491 492/492/492 493/493/493
f 494/494/494 495/495/495 496/496/496 497/497/497
f 498/498/498 499/499/499 500/500/500
f 501/501/501 502/502/502 503/503/503 504/504/504
f 505/505/505 506/506/506 507/507/507 508/508/508
f 509/509/509 510/510/510 511/511/511
f 512/512/512 513/513/513 514/514/514
f 515/515/515 516/516/516 517/517/517
f 518/518/518 519/519/519 520/520/520
f 521/521/521 522/522/522 523/523/523
f 524/524/524 525/525/525 526/526/526
f 527/527/527 528/528/528 529/529/529
f 530/530/530 531/531/531 532/532/532
f 533/533/533 534/534/534 535/535/535
f 536/536/536 537/537/537 538/538/538
f 539/539/539 540/540/540 541/541/541
f 542/542/542 543/543/543 544/544/544
f 545/545/545 546/546/546 547/547/547
f 548/548/548 549/549/549 550/550/550
f 551/551/551 552/552/552 553/553/553
f 554/554/554 555/555/555 556/556/556
f 557/557/557 558/558/558 559/559/559
f 560/560/560 561/561/561 562/562/562
f 563/563/563 564/564/564 565/565/565
f 566/566/566 567/567/567 568/568/568
f 569/569/569 570/570/570 571/571/571
f 572/572/572 573/573/573 574/574/574
f 575/575/575 576/576/576 577/577/577
f 578/578/578 579/579/579 580/580/580
f 581/581/581 582/582/582 583/583/583
f 584/584/584 585/585/585 586/586/586
f 587/587/587 588/588/588 589/589/589 590/590/590
f 591/591/591 592/592/592 593/593/593
f 594/594/594 595/595/595 596/596/596
f 597/597/597 598/598/598 599/599/599
f 600/600/600 601/601/601 602/602/602 603/603/603
f 604/604/604 605/605/605 606/606/606
f 607/607/607 608/608/608 609/609/609 610/610/610
f 611/611/611 612/612/612 613/613/613 614/614/614
f 615/615/615 616/616/616 617/617/617
f 618/618/618 619/619/619 620/620/620 621/621/621
f 622/622/622 623/623/623 624/624/624 625/625/625
f 626/626/626 627/627/627 628/628/628
f 629/629/629 630/630/630 631/631/631
f 632/632/632 633/633/633 634/634/634
f 635/635/635 636/636/636 637/637/637
f 638/638/638 639/639/639 640/640/640
f 641/641/641 642/642/642 643/643/643
f 644/644/644 645/645/645 646/646/646
f 647/647/647 648/648/648 649/649/649
f 650/650/650 651/651/651 652/652/652
f 653/653/653 654/654/654 655/655/655
f 656/656/656 657/657/657 658/658/658
f 659/659/659 660/660/660 661/661/661
f 662/662/662 663/663/663 664/664/664
f 665/665/665 666/666/666 667/667/667
f 668/668/668 669/669/669 670/670/670
f 671/671/671 672/672/672 673/673/673
f 674/674/674 675/675/675 676/676/676
o Frame
usemtl door
f 677/677/677 678/678/678 679/679/679
f 680/680/680 681/681/681 682/682/682
f 683/683/683 684/684/684 685/685/685
f 686/686/686 687/687/687 688/688/688
f 689/689/689 690/690/690 691/691/691
f 692/692/692 693/693/693 694/694/694
f 695/695/695 696/696/696 697/697/697
f 698/698/698 699/699/699 700/700/700
f 701/701/701 702/702/702 703/703/703
f 704/704/704 705/705/705 706/706/706
f 707/707/707 708/708/708 709/709/709
f 710/710/710 711/711/711 712/712/712
f 713/713/713 714/714/714 715/715/715
f 716/716/716 717/717/717 718/718/718
f 719/719/719 720/720/720 721/721/721
f 722/722/722 723/723/723 724/724/724
f 725/725/725 726/726/726 727/727/727
f 728/728/728 729/729/729 730/730/730
f 731/731/731 732/732/732 733/733/733
f 734/734/734 735/735/735 736/736/736
f 737/737/737 738/738/738 739/739/739
f 740/740/740 741/741/741 742/742/742
f 743/743/743 744/744/744 745/745/745
f 746/746/746 747/747/747 748/748/748
f 749/749/749 750/750/750 751/751/751
f 752/752/752 753/753/753 754/754/754
f 755/755/755 756/756/756 757/757/757
f 758/758/758 759/759/759 760/760/760
f 761/761/761 762/762/762 763/763/763
f 764/764/764 765/765/765 766/766/766
f 767/767/767 768/768/768 769/769/769
f 770/770/770 771/771/771 772/772/772
f 773/773/773 774/774/774 775/775/775
f 776/776/776 777/777/777 778/778/778
f 779/779/779 780/780/780 781/781/781
f 782/782/782 783/783/783 784/784/784
f 785/785/785 786/786/786 787/787/787
f 788/788/788 789/789/789 790/790/790
f 791/791/791 792/792/792 793/793/793
f 794/794/794 795/795/795 796/796/796
f 797/797/797 798/798/798 799/799/799
f 800/800/800 801/801/801 802/802/802
f 803/803/803 804/804/804 805/805/805
f 806/806/806 807/807/807 808/808/808
f 809/809/809 810/810/810 811/811/811
f 812/812/812 813/813/813 814/814/814
f 815/815/815 816/816/816 817/817/817
f 818/818/818 819/819/819 820/820/820
f 821/821/821 822/822/822 823/823/823
f 824/824/824 825/825/825 826/826/826
f 827/827/827 828/828/828 829/829/829
f 830/830/830 831/831/831 832/832/832
f 833/833/833 834/834/834 835/835/835
f 836/836/836 837/837/837 838/838/838
f 839/839/839 840/840/840 841/841/841
f 842/842/842 843/843/843 844/844/844
f 845/845/845 846/846/846 847/847/847
f 848/848/848 849/849/849 850/850/850
f 851/851/851 852/852/852 853/853/853
f 854/854/854 855/855/855 856/856/856
f 857/857/857 858/858/858 859/859/859
f 860/860/860 861/861/861 862/862/862
f 863/863/863 864/864/864 865/865/865
f 866/866/866 867/867/867 868/868/868
f 869/869/869 870/870/870 871/871/871
f 872/872/872 873/873/873 874/874/874
f 875/875/875 876/876/876 877/877/877
f 878/878/878 879/879/879 880/880/880
f 881/881/881 882/882/882 883/883/883
f 884/884/884 885/885/885 886/886/886
f 887/887/887 888/888/888 889/889/889
f 890/890/890 891/891/891 892/892/892
f 893/893/893 894/894/894 895/895/895
f 896/896/896 897/897/897 898/898/898
f 899/899/899 900/900/900 901/901/901
f 902/902/902 903/903/903 904/904/904
f 905/905/905 906/906/906 907/907/907
f 908/908/908 909/909/909 910/910/910
f 911/911/911 912/912/912 913/913/913
f 914/914/914 915/915/915 916/916/916
f 917/917/917 918/918/918 919/919/919
f 920/920/920 921/921/921 922/922/922
f 923/923/923 924/924/924 925/925/925
f 926/926/926 927/927/927 928/928/928
f 929/929/929 930/930/930 931/931/931
f 932/932/932 933/933/933 934/934/934
f 935/935/935 936/936/936 937/937/937
f 938/938/938 939/939/939 940/940/940
f 941/941/941 942/942/942 943/943/943
f 944/944/944 945/945/945 946/946/946
f 947/947/947 948/948/948 949/949/949
f 950/950/950 951/951/951 952/952/952
f 953/953/953 954/954/954 955/955/955
f 956/956/956 957/957/957 958/958/958
f 959/959/959 960/960/960 961/961/961
f 962/962/962 963/963/963 964/964/964
f 965/965/965 966/966/966 967/967/967
f 968/968/968 969/969/969 970/970/970
f 971/971/971 972/972/972 973/973/973
f 974/974/974 975/975/975 976/976/976
f 977/977/977 978/978/978 979/979/979
f 980/980/980 981/981/981 982/982/982
f 983/983/983 984/984/984 985/985/985
f 986/986/986 987/987/987 988/988/988
f 989/989/989 990/990/990 991/991/991
f 992/992/992 993/993/993 994/994/994
f 995/995/995 996/996/996 997/997/997
f 998/998/998 999/999/999 1000/1000/1000
f 1001/1001/1001 1002/1002/1002 1003/1003/1003
f 1004/1004/1004 1005/1005/1005 1006/1006/1006
f 1007/1007/1007 1008/1008/1008 1009/1009/1009
f 1010/1010/1010 1011/1011/1011 1012/1012/1012
f 1013/1013/1013 1014/1014/1014 1015/1015/1015
f 1016/1016/1016 1017/1017/1017 1018/1018/1018
f 1019/1019/1019 1020/1020/1020 1021/1021/1021
f 1022/1022/1022 1023/1023/1023 1024/1024/1024
f 1025/1025/1025 1026/1026/1026 1027/1027/1027
f 1028/1028/1028 1029/1029/1029 1030/1030/1030
f 1031/1031/1031 1032/1032/1032 1033/1033/1033
f 1034/1034/1034 1035/1035/1035 1036/1036/1036
f 1037/1037/1037 1038/1038/1038 1039/1039/1039
f 1040/1040/1040 1041/1041/1041 1042/1042/1042
f 1043/1043/1043 1044/1044/1044 1045/1045/1045
f 1046/1046/1046 1047/1047/1047 1048/1048/1048
f 1049/1049/1049 1050/1050/1050 1051/1051/1051
f 1052/1052/1052 1053/1053/1053 1054/1054/1054
f 1055/1055/1055 1056/1056/1056 1057/1057/1057
f 1058/1058/1058 1059/1059/1059 1060/1060/1060
f 1061/1061/1061 1062/1062/1062 1063/1063/1063
f 1064/1064/1064 1065/1065/1065 1066/1066/1066
f 1067/1067/1067 1068/1068/1068 1069/1069/1069
f 1070/1070/1070 1071/1071/1071 1072/1072/1072
f 1073/1073/1073 1074/1074/1074 1075/1075/1075
f 1076/1076/1076 1077/1077/1077 1078/1078/1078
f 1079/1079/1079 1080/1080/1080 1081/1081/1081
f 1082/1082/1082 1083/1083/1083 1084/1084/1084
f 1085/1085/1085 1086/1086/1086 1087/1087/1087
f 1088/1088/1088 1089/1089/1089 1090/1090/1090
f 1091/1091/1091 1092/1092/1092 1093/1093/1093
f 1094/1094/1094 1095/1095/1095 1096/1096/1096
f 1097/1097/1097 1098/1098/1098 1099/1099/1099
f 1100/1100/1100 1101/1101/1101 1102/1102/1102
f 1103/1103/1103 1104/1104/1104 1105/1105/1105
f 1106/1106/1106 1107/1107/1107 1108/1108/1108
f 1109/1109/1109 1110/1110/1110 1111/1111/1111
f 1112/1112/1112 1113/1113/1113 1114/1114/1114
f 1115/1115/1115 1116/1116/1116 1117/1117/1117
f 1118/1118/1118 1119/1119/1119 1120/1120/1120
f 1121/1121/1121 1122/1122/1122 1123/1123/1123
f 1124/1124/1124 1125/1125/1125 1126/1126/1126
f 1127/1127/1127 1128/1128/1128 1129/1129/1129
f 1130/1130/1130 1131/1131/1131 1132/1132/1132
f 1133/1133/1133 1134/1134/1134 1135/1135/1135
f 1136/1136/1136 1137/1137/1137 1138/1138/1138
f 1139/1139/1139 1140/1140/1140 1141/1141/1141
f 1142/1142/1142 1143/1143/1143 1144/1144/1144
f 1145/1145/1145 1146/1146/1146 1147/1147/1147
f 1148/1148/1148 1149/1149/1149 1150/1150/1150
f 1151/1151/1151 1152/1152/1152 1153/1153/1153
f 1154/1154/1154 1155/1155/1155 1156/1156/1156
