mtllib qe_containment.mtl
# QE containment door; CE geometry with true clip-plane equivalent
v 0.43750000 3.00000000 1.87500000
v 0.43750000 3.00000000 0.12549342
v 0.43750000 2.13593750 -0.87500000
v 0.43750000 2.13593750 1.87500000
v 0.43750000 3.00000000 -0.87500000
v 0.51702303 3.00000000 -0.87500000
v 0.56250000 2.13593750 -0.87500000
v 0.43750000 2.13593750 -0.87500000
v 0.56250000 3.00000000 -0.87500000
v 0.56250000 3.00000000 0.87450658
v 0.56250000 2.13593750 1.87500000
v 0.56250000 2.13593750 -0.87500000
v 0.56250000 3.00000000 1.87500000
v 0.48297697 3.00000000 1.87500000
v 0.43750000 2.13593750 1.87500000
v 0.56250000 2.13593750 1.87500000
v 0.56250000 2.13593750 -0.87500000
v 0.43750000 2.13593750 1.87500000
v 0.43750000 2.13593750 -0.87500000
v 0.43750000 2.13593750 -0.31250000
v 0.43750000 2.07343750 -0.62500000
v 0.43750000 2.07343750 -0.37500000
v 0.43750000 2.13593750 -0.68750000
v 0.56250000 2.07343750 -0.62500000
v 0.43750000 2.07343750 -0.62500000
v 0.56250000 2.13593750 -0.68750000
v 0.56250000 2.07343750 -0.37500000
v 0.56250000 2.07343750 -0.62500000
v 0.56250000 2.13593750 -0.31250000
v 0.43750000 2.07343750 -0.37500000
v 0.56250000 2.07343750 -0.37500000
v 0.56250000 2.07343750 -0.62500000
v 0.43750000 2.07343750 -0.37500000
v 0.43750000 2.07343750 -0.62500000
v 0.43750000 2.13593750 0.18750000
v 0.43750000 2.07343750 -0.12500000
v 0.43750000 2.07343750 0.12500000
v 0.43750000 2.13593750 -0.18750000
v 0.56250000 2.07343750 -0.12500000
v 0.43750000 2.07343750 -0.12500000
v 0.56250000 2.13593750 -0.18750000
v 0.56250000 2.07343750 0.12500000
v 0.56250000 2.07343750 -0.12500000
v 0.56250000 2.13593750 0.18750000
v 0.43750000 2.07343750 0.12500000
v 0.56250000 2.07343750 0.12500000
v 0.56250000 2.07343750 -0.12500000
v 0.43750000 2.07343750 0.12500000
v 0.43750000 2.07343750 -0.12500000
v 0.43750000 2.13593750 0.68750000
v 0.43750000 2.07343750 0.37500000
v 0.43750000 2.07343750 0.62500000
v 0.43750000 2.13593750 0.31250000
v 0.56250000 2.07343750 0.37500000
v 0.43750000 2.07343750 0.37500000
v 0.56250000 2.13593750 0.31250000
v 0.56250000 2.07343750 0.62500000
v 0.56250000 2.07343750 0.37500000
v 0.56250000 2.13593750 0.68750000
v 0.43750000 2.07343750 0.62500000
v 0.56250000 2.07343750 0.62500000
v 0.56250000 2.07343750 0.37500000
v 0.43750000 2.07343750 0.62500000
v 0.43750000 2.07343750 0.37500000
v 0.43750000 2.13593750 1.18750000
v 0.43750000 2.07343750 0.87500000
v 0.43750000 2.07343750 1.12500000
v 0.43750000 2.13593750 0.81250000
v 0.56250000 2.07343750 0.87500000
v 0.43750000 2.07343750 0.87500000
v 0.56250000 2.13593750 0.81250000
v 0.56250000 2.07343750 1.12500000
v 0.56250000 2.07343750 0.87500000
v 0.56250000 2.13593750 1.18750000
v 0.43750000 2.07343750 1.12500000
v 0.56250000 2.07343750 1.12500000
v 0.56250000 2.07343750 0.87500000
v 0.43750000 2.07343750 1.12500000
v 0.43750000 2.07343750 0.87500000
v 0.43750000 2.13593750 1.68750000
v 0.43750000 2.07343750 1.37500000
v 0.43750000 2.07343750 1.62500000
v 0.43750000 2.13593750 1.31250000
v 0.56250000 2.07343750 1.37500000
v 0.43750000 2.07343750 1.37500000
v 0.56250000 2.13593750 1.31250000
v 0.56250000 2.07343750 1.62500000
v 0.56250000 2.07343750 1.37500000
v 0.56250000 2.13593750 1.68750000
v 0.43750000 2.07343750 1.62500000
v 0.56250000 2.07343750 1.62500000
v 0.56250000 2.07343750 1.37500000
v 0.43750000 2.07343750 1.62500000
v 0.43750000 2.07343750 1.37500000
v 0.62500000 2.63593750 0.12500000
v 0.62500000 2.26093750 0.87500000
v 0.62500000 2.26093750 0.12500000
v 0.62500000 2.63593750 0.87500000
v 0.56250000 2.26093750 0.87500000
v 0.62500000 2.26093750 0.87500000
v 0.56250000 2.63593750 0.12500000
v 0.62500000 2.26093750 0.12500000
v 0.56250000 2.26093750 0.12500000
v 0.56250000 2.26093750 0.87500000
v 0.62500000 2.26093750 0.12500000
v 0.62500000 2.26093750 0.87500000
v 0.62500000 2.63593750 0.87500000
v 0.56250000 2.63593750 0.12500000
v 0.56250000 2.63593750 0.87500000
v 0.62500000 2.82343750 0.62500000
v 0.56614583 3.00000000 0.80156250
v 0.56250000 3.00000000 0.80156250
v 0.56250000 2.82343750 0.62500000
v 0.62500000 3.00000000 0.19843750
v 0.62500000 2.82343750 0.37500000
v 0.56614583 3.00000000 0.19843750
v 0.56250000 2.82343750 0.62500000
v 0.62500000 2.82343750 0.37500000
v 0.62500000 2.82343750 0.62500000
v 0.62500000 3.00000000 0.71317450
v 0.62500000 3.00000000 0.72842809
v 0.62500000 2.82343750 0.62500000
v 0.62500000 2.88593750 0.59911200
v 0.62500000 3.00000000 0.28682550
v 0.62500000 2.88593750 0.40088800
v 0.62500000 3.00000000 0.20617145
v 0.62500000 2.88593750 0.59911200
v 0.62500000 2.82343750 0.37500000
v 0.62500000 2.88593750 0.40088800
v 0.62500000 2.88593750 0.40088800
v 0.56250000 2.88593750 0.59911200
v 0.62500000 2.88593750 0.59911200
v 0.62500000 3.00000000 0.28682550
v 0.60974634 3.00000000 0.28682550
v 0.56250000 2.88593750 0.40088800
v 0.62500000 2.88593750 0.40088800
v 0.62500000 3.00000000 0.71317450
v 0.62500000 2.88593750 0.59911200
v 0.57775366 3.00000000 0.71317450
v 0.59375000 2.18728150 -0.87093800
v 0.59375000 2.94666350 0.04415900
v 0.59375000 2.14134950 -0.82855200
v 0.53125000 2.94666350 0.04415900
v 0.59375000 2.14134950 -0.82855200
v 0.59375000 2.94666350 0.04415900
v 0.59375000 2.99259650 0.00177400
v 0.53125000 2.18728150 -0.87093800
v 0.53125000 2.99259650 0.00177400
v 0.59375000 2.14134950 1.82855200
v 0.59375000 2.99259650 0.99822600
v 0.59375000 2.18728150 1.87093800
v 0.59375000 2.14134950 1.82855200
v 0.53125000 2.94666350 0.95584100
v 0.59375000 2.94666350 0.95584100
v 0.53125000 2.18728150 1.87093800
v 0.59375000 2.99259650 0.99822600
v 0.53125000 2.99259650 0.99822600
v 0.62500000 3.00000000 0.80156250
v 0.62500000 3.00000000 0.99843750
v 0.62500000 2.94843750 1.87500000
v 0.62500000 2.94843750 0.75000000
v 0.62500000 3.00000000 1.87500000
v 0.61406250 3.00000000 1.87500000
v 0.56250000 2.94843750 1.87500000
v 0.62500000 2.94843750 1.87500000
v 0.56250000 3.00000000 -0.87500000
v 0.57343750 3.00000000 -0.87500000
v 0.62500000 2.94843750 -0.87500000
v 0.56250000 2.94843750 -0.87500000
v 0.56250000 2.94843750 0.25000000
v 0.62500000 2.94843750 -0.87500000
v 0.62500000 2.94843750 0.25000000
v 0.56250000 2.94843750 1.87500000
v 0.62500000 2.94843750 0.75000000
v 0.62500000 2.94843750 1.87500000
v 0.62500000 2.94843750 -0.87500000
v 0.62500000 3.00000000 0.00156250
v 0.62500000 3.00000000 0.19843750
v 0.62500000 2.94843750 0.25000000
v 0.62500000 2.19843750 1.87500000
v 0.56250000 2.94843750 1.87500000
v 0.56250000 2.19843750 1.87500000
v 0.56250000 2.19843750 1.81250000
v 0.62500000 2.94843750 1.81250000
v 0.62500000 2.19843750 1.81250000
v 0.62500000 2.19843750 1.81250000
v 0.62500000 2.94843750 1.87500000
v 0.62500000 2.19843750 1.87500000
v 0.62500000 2.19843750 1.00000000
v 0.56250000 2.94843750 1.00000000
v 0.56250000 2.19843750 1.00000000
v 0.56250000 2.19843750 0.93750000
v 0.62500000 2.94843750 0.93750000
v 0.62500000 2.19843750 0.93750000
v 0.62500000 2.19843750 0.93750000
v 0.62500000 2.94843750 1.00000000
v 0.62500000 2.19843750 1.00000000
v 0.56250000 2.94843750 -0.87500000
v 0.62500000 2.19843750 -0.87500000
v 0.56250000 2.19843750 -0.87500000
v 0.62500000 2.94843750 -0.81250000
v 0.56250000 2.19843750 -0.81250000
v 0.62500000 2.19843750 -0.81250000
v 0.62500000 2.94843750 -0.87500000
v 0.62500000 2.19843750 -0.81250000
v 0.62500000 2.19843750 -0.87500000
v 0.56250000 2.94843750 0.00000000
v 0.62500000 2.19843750 0.00000000
v 0.56250000 2.19843750 0.00000000
v 0.62500000 2.94843750 0.06250000
v 0.56250000 2.19843750 0.06250000
v 0.62500000 2.19843750 0.06250000
v 0.62500000 2.94843750 0.00000000
v 0.62500000 2.19843750 0.06250000
v 0.62500000 2.19843750 0.00000000
v 0.62500000 2.19843750 -0.87500000
v 0.62500000 2.13593750 1.87500000
v 0.62500000 2.13593750 -0.87500000
v 0.62500000 2.19843750 1.87500000
v 0.56250000 2.13593750 1.87500000
v 0.62500000 2.13593750 1.87500000
v 0.56250000 2.19843750 -0.87500000
v 0.62500000 2.13593750 -0.87500000
v 0.56250000 2.13593750 -0.87500000
v 0.56250000 2.13593750 1.87500000
v 0.62500000 2.13593750 -0.87500000
v 0.62500000 2.13593750 1.87500000
v 0.62500000 2.19843750 1.87500000
v 0.56250000 2.19843750 -0.87500000
v 0.56250000 2.19843750 1.87500000
v 0.37500000 2.63593750 0.87500000
v 0.37500000 2.26093750 0.12500000
v 0.37500000 2.26093750 0.87500000
v 0.37500000 2.63593750 0.12500000
v 0.43750000 2.26093750 0.12500000
v 0.37500000 2.26093750 0.12500000
v 0.43750000 2.63593750 0.87500000
v 0.37500000 2.26093750 0.87500000
v 0.43750000 2.26093750 0.87500000
v 0.43750000 2.26093750 0.12500000
v 0.37500000 2.26093750 0.87500000
v 0.37500000 2.26093750 0.12500000
v 0.37500000 2.63593750 0.12500000
v 0.43750000 2.63593750 0.87500000
v 0.43750000 2.63593750 0.12500000
v 0.37500000 2.82343750 0.37500000
v 0.43385417 3.00000000 0.19843750
v 0.43750000 3.00000000 0.19843750
v 0.43750000 2.82343750 0.37500000
v 0.43750000 2.82343750 0.62500000
v 0.37864583 3.00000000 0.80156250
v 0.37500000 3.00000000 0.80156250
v 0.37500000 2.82343750 0.62500000
v 0.43750000 2.82343750 0.37500000
v 0.37500000 2.82343750 0.62500000
v 0.37500000 2.82343750 0.37500000
v 0.37500000 3.00000000 0.28682550
v 0.37500000 3.00000000 0.27157191
v 0.37500000 2.82343750 0.37500000
v 0.37500000 2.88593750 0.40088800
v 0.37500000 3.00000000 0.72842809
v 0.37500000 2.82343750 0.62500000
v 0.37500000 3.00000000 0.80156250
v 0.37500000 2.88593750 0.40088800
v 0.37500000 2.82343750 0.62500000
v 0.37500000 2.88593750 0.59911200
v 0.37500000 2.88593750 0.59911200
v 0.43750000 2.88593750 0.40088800
v 0.37500000 2.88593750 0.40088800
v 0.37500000 3.00000000 0.71317450
v 0.39025366 3.00000000 0.71317450
v 0.43750000 2.88593750 0.59911200
v 0.37500000 2.88593750 0.59911200
v 0.37500000 3.00000000 0.28682550
v 0.37500000 2.88593750 0.40088800
v 0.42224634 3.00000000 0.28682550
v 0.40625000 2.18728150 1.87093800
v 0.40625000 2.94666350 0.95584100
v 0.40625000 2.14134950 1.82855200
v 0.46875000 2.94666350 0.95584100
v 0.40625000 2.14134950 1.82855200
v 0.40625000 2.94666350 0.95584100
v 0.40625000 2.99259650 0.99822600
v 0.46875000 2.18728150 1.87093800
v 0.46875000 2.99259650 0.99822600
v 0.40625000 2.14134950 -0.82855200
v 0.40625000 2.99259650 0.00177400
v 0.40625000 2.18728150 -0.87093800
v 0.40625000 2.14134950 -0.82855200
v 0.46875000 2.94666350 0.04415900
v 0.40625000 2.94666350 0.04415900
v 0.46875000 2.18728150 -0.87093800
v 0.40625000 2.99259650 0.00177400
v 0.46875000 2.99259650 0.00177400
v 0.37500000 3.00000000 0.19843750
v 0.37500000 3.00000000 0.00156250
v 0.37500000 2.94843750 -0.87500000
v 0.37500000 2.94843750 0.25000000
v 0.37500000 3.00000000 -0.87500000
v 0.38593750 3.00000000 -0.87500000
v 0.43750000 2.94843750 -0.87500000
v 0.37500000 2.94843750 -0.87500000
v 0.43750000 3.00000000 1.87500000
v 0.42656250 3.00000000 1.87500000
v 0.37500000 2.94843750 1.87500000
v 0.43750000 2.94843750 1.87500000
v 0.43750000 2.94843750 0.75000000
v 0.37500000 2.94843750 1.87500000
v 0.37500000 2.94843750 0.75000000
v 0.43750000 2.94843750 -0.87500000
v 0.37500000 2.94843750 0.25000000
v 0.37500000 2.94843750 -0.87500000
v 0.37500000 2.94843750 1.87500000
v 0.37500000 3.00000000 0.99843750
v 0.37500000 3.00000000 0.80156250
v 0.37500000 2.94843750 0.75000000
v 0.37500000 2.19843750 -0.87500000
v 0.43750000 2.94843750 -0.87500000
v 0.43750000 2.19843750 -0.87500000
v 0.43750000 2.19843750 -0.81250000
v 0.37500000 2.94843750 -0.81250000
v 0.37500000 2.19843750 -0.81250000
v 0.37500000 2.19843750 -0.81250000
v 0.37500000 2.94843750 -0.87500000
v 0.37500000 2.19843750 -0.87500000
v 0.37500000 2.19843750 0.00000000
v 0.43750000 2.94843750 0.00000000
v 0.43750000 2.19843750 0.00000000
v 0.43750000 2.19843750 0.06250000
v 0.37500000 2.94843750 0.06250000
v 0.37500000 2.19843750 0.06250000
v 0.37500000 2.19843750 0.06250000
v 0.37500000 2.94843750 0.00000000
v 0.37500000 2.19843750 0.00000000
v 0.43750000 2.94843750 1.87500000
v 0.37500000 2.19843750 1.87500000
v 0.43750000 2.19843750 1.87500000
v 0.37500000 2.94843750 1.81250000
v 0.43750000 2.19843750 1.81250000
v 0.37500000 2.19843750 1.81250000
v 0.37500000 2.94843750 1.87500000
v 0.37500000 2.19843750 1.81250000
v 0.37500000 2.19843750 1.87500000
v 0.43750000 2.94843750 1.00000000
v 0.37500000 2.19843750 1.00000000
v 0.43750000 2.19843750 1.00000000
v 0.37500000 2.94843750 0.93750000
v 0.43750000 2.19843750 0.93750000
v 0.37500000 2.19843750 0.93750000
v 0.37500000 2.94843750 1.00000000
v 0.37500000 2.19843750 0.93750000
v 0.37500000 2.19843750 1.00000000
v 0.37500000 2.19843750 1.87500000
v 0.37500000 2.13593750 -0.87500000
v 0.37500000 2.13593750 1.87500000
v 0.37500000 2.19843750 -0.87500000
v 0.43750000 2.13593750 -0.87500000
v 0.37500000 2.13593750 -0.87500000
v 0.43750000 2.19843750 1.87500000
v 0.37500000 2.13593750 1.87500000
v 0.43750000 2.13593750 1.87500000
v 0.43750000 2.13593750 -0.87500000
v 0.37500000 2.13593750 1.87500000
v 0.37500000 2.13593750 -0.87500000
v 0.37500000 2.19843750 -0.87500000
v 0.43750000 2.19843750 1.87500000
v 0.43750000 2.19843750 -0.87500000
v 0.43750000 3.00000000 0.12549342
v 0.43750000 3.00000000 -0.87500000
v 0.43750000 2.13593750 -0.87500000
v 0.51702303 3.00000000 -0.87500000
v 0.56250000 3.00000000 -0.87500000
v 0.56250000 2.13593750 -0.87500000
v 0.56250000 3.00000000 0.87450658
v 0.56250000 3.00000000 1.87500000
v 0.56250000 2.13593750 1.87500000
v 0.48297697 3.00000000 1.87500000
v 0.43750000 3.00000000 1.87500000
v 0.43750000 2.13593750 1.87500000
v 0.56250000 2.13593750 -0.87500000
v 0.56250000 2.13593750 1.87500000
v 0.43750000 2.13593750 1.87500000
v 0.43750000 2.13593750 -0.31250000
v 0.43750000 2.13593750 -0.68750000
v 0.43750000 2.07343750 -0.62500000
v 0.43750000 2.13593750 -0.68750000
v 0.56250000 2.13593750 -0.68750000
v 0.56250000 2.07343750 -0.62500000
v 0.56250000 2.13593750 -0.68750000
v 0.56250000 2.13593750 -0.31250000
v 0.56250000 2.07343750 -0.37500000
v 0.56250000 2.13593750 -0.31250000
v 0.43750000 2.13593750 -0.31250000
v 0.43750000 2.07343750 -0.37500000
v 0.56250000 2.07343750 -0.62500000
v 0.56250000 2.07343750 -0.37500000
v 0.43750000 2.07343750 -0.37500000
v 0.43750000 2.13593750 0.18750000
v 0.43750000 2.13593750 -0.18750000
v 0.43750000 2.07343750 -0.12500000
v 0.43750000 2.13593750 -0.18750000
v 0.56250000 2.13593750 -0.18750000
v 0.56250000 2.07343750 -0.12500000
v 0.56250000 2.13593750 -0.18750000
v 0.56250000 2.13593750 0.18750000
v 0.56250000 2.07343750 0.12500000
v 0.56250000 2.13593750 0.18750000
v 0.43750000 2.13593750 0.18750000
v 0.43750000 2.07343750 0.12500000
v 0.56250000 2.07343750 -0.12500000
v 0.56250000 2.07343750 0.12500000
v 0.43750000 2.07343750 0.12500000
v 0.43750000 2.13593750 0.68750000
v 0.43750000 2.13593750 0.31250000
v 0.43750000 2.07343750 0.37500000
v 0.43750000 2.13593750 0.31250000
v 0.56250000 2.13593750 0.31250000
v 0.56250000 2.07343750 0.37500000
v 0.56250000 2.13593750 0.31250000
v 0.56250000 2.13593750 0.68750000
v 0.56250000 2.07343750 0.62500000
v 0.56250000 2.13593750 0.68750000
v 0.43750000 2.13593750 0.68750000
v 0.43750000 2.07343750 0.62500000
v 0.56250000 2.07343750 0.37500000
v 0.56250000 2.07343750 0.62500000
v 0.43750000 2.07343750 0.62500000
v 0.43750000 2.13593750 1.18750000
v 0.43750000 2.13593750 0.81250000
v 0.43750000 2.07343750 0.87500000
v 0.43750000 2.13593750 0.81250000
v 0.56250000 2.13593750 0.81250000
v 0.56250000 2.07343750 0.87500000
v 0.56250000 2.13593750 0.81250000
v 0.56250000 2.13593750 1.18750000
v 0.56250000 2.07343750 1.12500000
v 0.56250000 2.13593750 1.18750000
v 0.43750000 2.13593750 1.18750000
v 0.43750000 2.07343750 1.12500000
v 0.56250000 2.07343750 0.87500000
v 0.56250000 2.07343750 1.12500000
v 0.43750000 2.07343750 1.12500000
v 0.43750000 2.13593750 1.68750000
v 0.43750000 2.13593750 1.31250000
v 0.43750000 2.07343750 1.37500000
v 0.43750000 2.13593750 1.31250000
v 0.56250000 2.13593750 1.31250000
v 0.56250000 2.07343750 1.37500000
v 0.56250000 2.13593750 1.31250000
v 0.56250000 2.13593750 1.68750000
v 0.56250000 2.07343750 1.62500000
v 0.56250000 2.13593750 1.68750000
v 0.43750000 2.13593750 1.68750000
v 0.43750000 2.07343750 1.62500000
v 0.56250000 2.07343750 1.37500000
v 0.56250000 2.07343750 1.62500000
v 0.43750000 2.07343750 1.62500000
v 0.62500000 2.63593750 0.12500000
v 0.62500000 2.63593750 0.87500000
v 0.62500000 2.26093750 0.87500000
v 0.62500000 2.63593750 0.87500000
v 0.56250000 2.63593750 0.87500000
v 0.56250000 2.26093750 0.87500000
v 0.56250000 2.63593750 0.12500000
v 0.62500000 2.63593750 0.12500000
v 0.62500000 2.26093750 0.12500000
v 0.56250000 2.26093750 0.87500000
v 0.56250000 2.26093750 0.12500000
v 0.62500000 2.26093750 0.12500000
v 0.62500000 2.63593750 0.87500000
v 0.62500000 2.63593750 0.12500000
v 0.56250000 2.63593750 0.12500000
v 0.56614583 3.00000000 0.80156250
v 0.62500000 2.82343750 0.62500000
v 0.62500000 3.00000000 0.80156250
v 0.56614583 3.00000000 0.19843750
v 0.62500000 2.82343750 0.37500000
v 0.56250000 2.82343750 0.37500000
v 0.56250000 3.00000000 0.19843750
v 0.56250000 2.82343750 0.62500000
v 0.56250000 2.82343750 0.37500000
v 0.62500000 2.82343750 0.37500000
v 0.62500000 3.00000000 0.72842809
v 0.62500000 3.00000000 0.80156250
v 0.62500000 2.82343750 0.62500000
v 0.62500000 3.00000000 0.20617145
v 0.62500000 2.88593750 0.40088800
v 0.62500000 2.82343750 0.37500000
v 0.62500000 3.00000000 0.19843750
v 0.62500000 2.88593750 0.59911200
v 0.62500000 2.82343750 0.62500000
v 0.62500000 2.82343750 0.37500000
v 0.62500000 2.88593750 0.40088800
v 0.56250000 2.88593750 0.40088800
v 0.56250000 2.88593750 0.59911200
v 0.60974634 3.00000000 0.28682550
v 0.56250000 3.00000000 0.28682550
v 0.56250000 2.88593750 0.40088800
v 0.57775366 3.00000000 0.71317450
v 0.62500000 2.88593750 0.59911200
v 0.56250000 2.88593750 0.59911200
v 0.56250000 3.00000000 0.71317450
v 0.59375000 2.18728150 -0.87093800
v 0.59375000 2.99259650 0.00177400
v 0.59375000 2.94666350 0.04415900
v 0.53125000 2.94666350 0.04415900
v 0.53125000 2.14134950 -0.82855200
v 0.59375000 2.14134950 -0.82855200
v 0.59375000 2.99259650 0.00177400
v 0.59375000 2.18728150 -0.87093800
v 0.53125000 2.18728150 -0.87093800
v 0.59375000 2.14134950 1.82855200
v 0.59375000 2.94666350 0.95584100
v 0.59375000 2.99259650 0.99822600
v 0.59375000 2.14134950 1.82855200
v 0.53125000 2.14134950 1.82855200
v 0.53125000 2.94666350 0.95584100
v 0.53125000 2.18728150 1.87093800
v 0.59375000 2.18728150 1.87093800
v 0.59375000 2.99259650 0.99822600
v 0.62500000 3.00000000 0.99843750
v 0.62500000 3.00000000 1.87500000
v 0.62500000 2.94843750 1.87500000
v 0.61406250 3.00000000 1.87500000
v 0.56250000 3.00000000 1.87500000
v 0.56250000 2.94843750 1.87500000
v 0.57343750 3.00000000 -0.87500000
v 0.62500000 3.00000000 -0.87500000
v 0.62500000 2.94843750 -0.87500000
v 0.56250000 2.94843750 0.25000000
v 0.56250000 2.94843750 -0.87500000
v 0.62500000 2.94843750 -0.87500000
v 0.56250000 2.94843750 1.87500000
v 0.56250000 2.94843750 0.75000000
v 0.62500000 2.94843750 0.75000000
v 0.62500000 3.00000000 0.00156250
v 0.62500000 2.94843750 -0.87500000
v 0.62500000 3.00000000 -0.87500000
v 0.62500000 2.19843750 1.87500000
v 0.62500000 2.94843750 1.87500000
v 0.56250000 2.94843750 1.87500000
v 0.56250000 2.19843750 1.81250000
v 0.56250000 2.94843750 1.81250000
v 0.62500000 2.94843750 1.81250000
v 0.62500000 2.19843750 1.81250000
v 0.62500000 2.94843750 1.81250000
v 0.62500000 2.94843750 1.87500000
v 0.62500000 2.19843750 1.00000000
v 0.62500000 2.94843750 1.00000000
v 0.56250000 2.94843750 1.00000000
v 0.56250000 2.19843750 0.93750000
v 0.56250000 2.94843750 0.93750000
v 0.62500000 2.94843750 0.93750000
v 0.62500000 2.19843750 0.93750000
v 0.62500000 2.94843750 0.93750000
v 0.62500000 2.94843750 1.00000000
v 0.56250000 2.94843750 -0.87500000
v 0.62500000 2.94843750 -0.87500000
v 0.62500000 2.19843750 -0.87500000
v 0.62500000 2.94843750 -0.81250000
v 0.56250000 2.94843750 -0.81250000
v 0.56250000 2.19843750 -0.81250000
v 0.62500000 2.94843750 -0.87500000
v 0.62500000 2.94843750 -0.81250000
v 0.62500000 2.19843750 -0.81250000
v 0.56250000 2.94843750 0.00000000
v 0.62500000 2.94843750 0.00000000
v 0.62500000 2.19843750 0.00000000
v 0.62500000 2.94843750 0.06250000
v 0.56250000 2.94843750 0.06250000
v 0.56250000 2.19843750 0.06250000
v 0.62500000 2.94843750 0.00000000
v 0.62500000 2.94843750 0.06250000
v 0.62500000 2.19843750 0.06250000
v 0.62500000 2.19843750 -0.87500000
v 0.62500000 2.19843750 1.87500000
v 0.62500000 2.13593750 1.87500000
v 0.62500000 2.19843750 1.87500000
v 0.56250000 2.19843750 1.87500000
v 0.56250000 2.13593750 1.87500000
v 0.56250000 2.19843750 -0.87500000
v 0.62500000 2.19843750 -0.87500000
v 0.62500000 2.13593750 -0.87500000
v 0.56250000 2.13593750 1.87500000
v 0.56250000 2.13593750 -0.87500000
v 0.62500000 2.13593750 -0.87500000
v 0.62500000 2.19843750 1.87500000
v 0.62500000 2.19843750 -0.87500000
v 0.56250000 2.19843750 -0.87500000
v 0.37500000 2.63593750 0.87500000
v 0.37500000 2.63593750 0.12500000
v 0.37500000 2.26093750 0.12500000
v 0.37500000 2.63593750 0.12500000
v 0.43750000 2.63593750 0.12500000
v 0.43750000 2.26093750 0.12500000
v 0.43750000 2.63593750 0.87500000
v 0.37500000 2.63593750 0.87500000
v 0.37500000 2.26093750 0.87500000
v 0.43750000 2.26093750 0.12500000
v 0.43750000 2.26093750 0.87500000
v 0.37500000 2.26093750 0.87500000
v 0.37500000 2.63593750 0.12500000
v 0.37500000 2.63593750 0.87500000
v 0.43750000 2.63593750 0.87500000
v 0.43385417 3.00000000 0.19843750
v 0.37500000 2.82343750 0.37500000
v 0.37500000 3.00000000 0.19843750
v 0.37864583 3.00000000 0.80156250
v 0.43750000 2.82343750 0.62500000
v 0.43750000 3.00000000 0.80156250
v 0.43750000 2.82343750 0.37500000
v 0.43750000 2.82343750 0.62500000
v 0.37500000 2.82343750 0.62500000
v 0.37500000 3.00000000 0.27157191
v 0.37500000 3.00000000 0.19843750
v 0.37500000 2.82343750 0.37500000
v 0.37500000 3.00000000 0.72842809
v 0.37500000 3.00000000 0.71317450
v 0.37500000 2.88593750 0.59911200
v 0.37500000 2.82343750 0.62500000
v 0.37500000 2.88593750 0.40088800
v 0.37500000 2.82343750 0.37500000
v 0.37500000 2.82343750 0.62500000
v 0.37500000 2.88593750 0.59911200
v 0.43750000 2.88593750 0.59911200
v 0.43750000 2.88593750 0.40088800
v 0.39025366 3.00000000 0.71317450
v 0.43750000 3.00000000 0.71317450
v 0.43750000 2.88593750 0.59911200
v 0.42224634 3.00000000 0.28682550
v 0.37500000 2.88593750 0.40088800
v 0.43750000 2.88593750 0.40088800
v 0.43750000 3.00000000 0.28682550
v 0.40625000 2.18728150 1.87093800
v 0.40625000 2.99259650 0.99822600
v 0.40625000 2.94666350 0.95584100
v 0.46875000 2.94666350 0.95584100
v 0.46875000 2.14134950 1.82855200
v 0.40625000 2.14134950 1.82855200
v 0.40625000 2.99259650 0.99822600
v 0.40625000 2.18728150 1.87093800
v 0.46875000 2.18728150 1.87093800
v 0.40625000 2.14134950 -0.82855200
v 0.40625000 2.94666350 0.04415900
v 0.40625000 2.99259650 0.00177400
v 0.40625000 2.14134950 -0.82855200
v 0.46875000 2.14134950 -0.82855200
v 0.46875000 2.94666350 0.04415900
v 0.46875000 2.18728150 -0.87093800
v 0.40625000 2.18728150 -0.87093800
v 0.40625000 2.99259650 0.00177400
v 0.37500000 3.00000000 0.00156250
v 0.37500000 3.00000000 -0.87500000
v 0.37500000 2.94843750 -0.87500000
v 0.38593750 3.00000000 -0.87500000
v 0.43750000 3.00000000 -0.87500000
v 0.43750000 2.94843750 -0.87500000
v 0.42656250 3.00000000 1.87500000
v 0.37500000 3.00000000 1.87500000
v 0.37500000 2.94843750 1.87500000
v 0.43750000 2.94843750 0.75000000
v 0.43750000 2.94843750 1.87500000
v 0.37500000 2.94843750 1.87500000
v 0.43750000 2.94843750 -0.87500000
v 0.43750000 2.94843750 0.25000000
v 0.37500000 2.94843750 0.25000000
v 0.37500000 3.00000000 0.99843750
v 0.37500000 2.94843750 1.87500000
v 0.37500000 3.00000000 1.87500000
v 0.37500000 2.19843750 -0.87500000
v 0.37500000 2.94843750 -0.87500000
v 0.43750000 2.94843750 -0.87500000
v 0.43750000 2.19843750 -0.81250000
v 0.43750000 2.94843750 -0.81250000
v 0.37500000 2.94843750 -0.81250000
v 0.37500000 2.19843750 -0.81250000
v 0.37500000 2.94843750 -0.81250000
v 0.37500000 2.94843750 -0.87500000
v 0.37500000 2.19843750 0.00000000
v 0.37500000 2.94843750 0.00000000
v 0.43750000 2.94843750 0.00000000
v 0.43750000 2.19843750 0.06250000
v 0.43750000 2.94843750 0.06250000
v 0.37500000 2.94843750 0.06250000
v 0.37500000 2.19843750 0.06250000
v 0.37500000 2.94843750 0.06250000
v 0.37500000 2.94843750 0.00000000
v 0.43750000 2.94843750 1.87500000
v 0.37500000 2.94843750 1.87500000
v 0.37500000 2.19843750 1.87500000
v 0.37500000 2.94843750 1.81250000
v 0.43750000 2.94843750 1.81250000
v 0.43750000 2.19843750 1.81250000
v 0.37500000 2.94843750 1.87500000
v 0.37500000 2.94843750 1.81250000
v 0.37500000 2.19843750 1.81250000
v 0.43750000 2.94843750 1.00000000
v 0.37500000 2.94843750 1.00000000
v 0.37500000 2.19843750 1.00000000
v 0.37500000 2.94843750 0.93750000
v 0.43750000 2.94843750 0.93750000
v 0.43750000 2.19843750 0.93750000
v 0.37500000 2.94843750 1.00000000
v 0.37500000 2.94843750 0.93750000
v 0.37500000 2.19843750 0.93750000
v 0.37500000 2.19843750 1.87500000
v 0.37500000 2.19843750 -0.87500000
v 0.37500000 2.13593750 -0.87500000
v 0.37500000 2.19843750 -0.87500000
v 0.43750000 2.19843750 -0.87500000
v 0.43750000 2.13593750 -0.87500000
v 0.43750000 2.19843750 1.87500000
v 0.37500000 2.19843750 1.87500000
v 0.37500000 2.13593750 1.87500000
v 0.43750000 2.13593750 -0.87500000
v 0.43750000 2.13593750 1.87500000
v 0.37500000 2.13593750 1.87500000
v 0.37500000 2.19843750 -0.87500000
v 0.37500000 2.19843750 1.87500000
v 0.43750000 2.19843750 1.87500000
v 0.25000000 0.12500000 1.75000000
v 0.25000000 0.00000000 -0.75000000
v 0.25000000 0.00000000 1.75000000
v 0.25000000 0.12500000 -0.75000000
v 0.25000000 2.25000000 -1.00000000
v 0.25000000 0.12500000 -1.00000000
v 0.75000000 0.12500000 -0.75000000
v 0.75000000 0.00000000 1.75000000
v 0.75000000 0.00000000 -0.75000000
v 0.25000000 0.00000000 1.75000000
v 0.25000000 0.12500000 2.00000000
v 0.25000000 0.12500000 1.75000000
v 0.75000000 0.00000000 -0.75000000
v 0.25000000 0.00000000 1.75000000
v 0.25000000 0.00000000 -0.75000000
v 0.25000000 0.12500000 -0.75000000
v 0.37500000 0.12500000 1.75000000
v 0.37500000 0.12500000 -0.75000000
v 0.75000000 0.12500000 2.00000000
v 0.25000000 0.00000000 2.00000000
v 0.75000000 0.00000000 2.00000000
v 0.75000000 0.00000000 1.75000000
v 0.25000000 0.00000000 2.00000000
v 0.25000000 0.00000000 1.75000000
v 0.75000000 0.12500000 -0.75000000
v 0.62500000 2.25000000 -0.75000000
v 0.62500000 0.12500000 -0.75000000
v 0.75000000 0.12500000 1.75000000
v 0.75000000 0.00000000 2.00000000
v 0.75000000 0.00000000 1.75000000
v 0.25000000 0.12500000 -1.00000000
v 0.75000000 0.00000000 -1.00000000
v 0.25000000 0.00000000 -1.00000000
v 0.25000000 0.12500000 -0.75000000
v 0.25000000 0.00000000 -1.00000000
v 0.25000000 0.00000000 -0.75000000
v 0.75000000 0.00000000 -0.75000000
v 0.75000000 0.12500000 -1.00000000
v 0.75000000 0.12500000 -0.75000000
v 0.25000000 0.00000000 -0.75000000
v 0.75000000 0.00000000 -1.00000000
v 0.75000000 0.00000000 -0.75000000
v 0.75000000 2.25000000 1.75000000
v 0.75000000 3.00000000 2.00000000
v 0.75000000 2.25000000 2.00000000
v 0.75000000 2.25000000 -1.00000000
v 0.75000000 3.00000000 -0.75000000
v 0.75000000 2.25000000 -0.75000000
v 0.75000000 0.12500000 1.75000000
v 0.75000000 2.25000000 2.00000000
v 0.75000000 0.12500000 2.00000000
v 0.25000000 0.12500000 2.00000000
v 0.25000000 2.25000000 1.75000000
v 0.25000000 0.12500000 1.75000000
v 0.75000000 0.12500000 2.00000000
v 0.25000000 2.25000000 2.00000000
v 0.25000000 0.12500000 2.00000000
v 0.75000000 0.12500000 -1.00000000
v 0.75000000 2.25000000 -0.75000000
v 0.75000000 0.12500000 -0.75000000
v 0.25000000 0.12500000 -1.00000000
v 0.75000000 2.25000000 -1.00000000
v 0.75000000 0.12500000 -1.00000000
v 0.25000000 0.12500000 1.75000000
v 0.37500000 2.25000000 1.75000000
v 0.37500000 0.12500000 1.75000000
v 0.75000000 3.00000000 -0.75000000
v 0.25000000 3.00000000 -1.00000000
v 0.25000000 3.00000000 -0.75000000
v 0.25000000 3.00000000 1.75000000
v 0.75000000 3.00000000 2.00000000
v 0.75000000 3.00000000 1.75000000
v 0.75000000 2.25000000 2.00000000
v 0.25000000 3.00000000 2.00000000
v 0.25000000 2.25000000 2.00000000
v 0.75000000 2.50000000 -0.50000000
v 0.75000000 3.00000000 -0.75000000
v 0.75000000 3.00000000 -0.50000000
v 0.25000000 2.25000000 -0.75000000
v 0.25000000 3.00000000 -1.00000000
v 0.25000000 2.25000000 -1.00000000
v 0.25000000 2.25000000 -1.00000000
v 0.75000000 3.00000000 -1.00000000
v 0.75000000 2.25000000 -1.00000000
v 0.25000000 2.25000000 2.00000000
v 0.25000000 3.00000000 1.75000000
v 0.25000000 2.25000000 1.75000000
v 0.75000000 3.00000000 -0.50000000
v 0.25000000 3.00000000 -0.75000000
v 0.25000000 3.00000000 -0.50000000
v 0.25000000 2.50000000 -0.50000000
v 0.25000000 3.00000000 -0.75000000
v 0.25000000 2.25000000 -0.75000000
v 0.25000000 2.50000000 -0.50000000
v 0.37500000 2.25000000 -0.75000000
v 0.37500000 2.50000000 -0.50000000
v 0.25000000 2.25000000 1.75000000
v 0.37500000 2.50000000 1.50000000
v 0.37500000 2.25000000 1.75000000
v 0.25000000 3.00000000 1.75000000
v 0.25000000 2.50000000 1.50000000
v 0.25000000 2.25000000 1.75000000
v 0.75000000 3.00000000 1.75000000
v 0.25000000 3.00000000 1.50000000
v 0.25000000 3.00000000 1.75000000
v 0.75000000 3.00000000 1.75000000
v 0.75000000 2.50000000 1.50000000
v 0.75000000 3.00000000 1.50000000
v 0.25000000 2.50000000 1.50000000
v 0.37500000 2.50000000 -0.50000000
v 0.37500000 2.50000000 1.50000000
v 0.25000000 3.00000000 1.50000000
v 0.25000000 2.50000000 -0.50000000
v 0.25000000 2.50000000 1.50000000
v 0.75000000 3.00000000 1.50000000
v 0.25000000 3.00000000 -0.50000000
v 0.25000000 3.00000000 1.50000000
v 0.75000000 2.50000000 1.50000000
v 0.75000000 3.00000000 -0.50000000
v 0.75000000 3.00000000 1.50000000
v 0.62500000 2.50000000 1.50000000
v 0.75000000 2.50000000 -0.50000000
v 0.75000000 2.50000000 1.50000000
v 0.62500000 2.50000000 1.50000000
v 0.62500000 2.68750000 -0.50000000
v 0.62500000 2.50000000 -0.50000000
v 0.62500000 2.25000000 1.75000000
v 0.75000000 2.50000000 1.50000000
v 0.75000000 2.25000000 1.75000000
v 0.62500000 2.50000000 -0.50000000
v 0.75000000 2.25000000 -0.75000000
v 0.75000000 2.50000000 -0.50000000
v 0.62500000 0.12500000 1.75000000
v 0.75000000 2.25000000 1.75000000
v 0.75000000 0.12500000 1.75000000
v 0.37500000 0.12500000 -0.75000000
v 0.25000000 2.25000000 -0.75000000
v 0.25000000 0.12500000 -0.75000000
v 0.62500000 0.12500000 -0.75000000
v 0.75000000 0.12500000 1.75000000
v 0.75000000 0.12500000 -0.75000000
v 0.37500000 0.06250000 -0.75000000
v 0.62500000 0.06250000 1.75000000
v 0.62500000 0.06250000 -0.75000000
v 0.37500000 0.12500000 1.75000000
v 0.37500000 0.06250000 -0.75000000
v 0.37500000 0.12500000 -0.75000000
v 0.62500000 0.12500000 -0.75000000
v 0.62500000 0.06250000 1.75000000
v 0.62500000 0.12500000 1.75000000
v 0.62500000 0.12500000 -0.87500000
v 0.37500000 2.25000000 -0.87500000
v 0.37500000 0.12500000 -0.87500000
v 0.62500000 2.25000000 -0.75000000
v 0.62500000 0.12500000 -0.87500000
v 0.62500000 0.12500000 -0.75000000
v 0.37500000 0.12500000 -0.75000000
v 0.37500000 2.25000000 -0.87500000
v 0.37500000 2.25000000 -0.75000000
v 0.37500000 0.12500000 1.87500000
v 0.62500000 2.25000000 1.87500000
v 0.62500000 0.12500000 1.87500000
v 0.62500000 0.12500000 1.75000000
v 0.62500000 0.06250000 1.87500000
v 0.62500000 0.12500000 1.87500000
v 0.37500000 2.25000000 1.75000000
v 0.37500000 0.12500000 1.87500000
v 0.37500000 0.12500000 1.75000000
v 0.62500000 0.12500000 1.75000000
v 0.62500000 2.25000000 1.87500000
v 0.62500000 2.25000000 1.75000000
v 0.62500000 0.06250000 -0.75000000
v 0.37500000 0.06250000 -0.87500000
v 0.37500000 0.06250000 -0.75000000
v 0.37500000 0.06250000 1.75000000
v 0.62500000 0.06250000 1.87500000
v 0.62500000 0.06250000 1.75000000
v 0.62500000 0.12500000 -0.87500000
v 0.62500000 0.06250000 -0.75000000
v 0.62500000 0.12500000 -0.75000000
v 0.37500000 0.12500000 -0.87500000
v 0.62500000 0.06250000 -0.87500000
v 0.62500000 0.12500000 -0.87500000
v 0.37500000 0.12500000 -0.75000000
v 0.37500000 0.06250000 -0.87500000
v 0.37500000 0.12500000 -0.87500000
v 0.37500000 0.12500000 1.87500000
v 0.37500000 0.06250000 1.75000000
v 0.37500000 0.12500000 1.75000000
v 0.62500000 0.12500000 1.87500000
v 0.37500000 0.06250000 1.87500000
v 0.37500000 0.12500000 1.87500000
v 0.37500000 2.25000000 1.87500000
v 0.62500000 2.50000000 1.87500000
v 0.62500000 2.25000000 1.87500000
v 0.62500000 2.25000000 1.75000000
v 0.62500000 2.50000000 1.87500000
v 0.62500000 2.50000000 1.50000000
v 0.37500000 2.25000000 1.75000000
v 0.37500000 2.50000000 1.87500000
v 0.37500000 2.25000000 1.87500000
v 0.37500000 2.50000000 1.50000000
v 0.37500000 2.68750000 1.87500000
v 0.37500000 2.50000000 1.87500000
v 0.37500000 2.50000000 -0.87500000
v 0.62500000 2.25000000 -0.87500000
v 0.62500000 2.50000000 -0.87500000
v 0.62500000 2.25000000 -0.75000000
v 0.62500000 2.50000000 -0.87500000
v 0.62500000 2.25000000 -0.87500000
v 0.37500000 2.25000000 -0.75000000
v 0.37500000 2.50000000 -0.87500000
v 0.37500000 2.50000000 -0.50000000
v 0.62500000 2.50000000 -0.50000000
v 0.62500000 2.68750000 -0.87500000
v 0.62500000 2.50000000 -0.87500000
v 0.37500000 2.68750000 1.50000000
v 0.62500000 2.68750000 -0.50000000
v 0.62500000 2.68750000 1.50000000
v 0.62500000 2.68750000 1.50000000
v 0.37500000 2.68750000 1.87500000
v 0.37500000 2.68750000 1.50000000
v 0.37500000 2.68750000 -0.50000000
v 0.62500000 2.68750000 -0.87500000
v 0.62500000 2.68750000 -0.50000000
v 0.37500000 2.50000000 1.87500000
v 0.62500000 2.68750000 1.87500000
v 0.62500000 2.50000000 1.87500000
v 0.37500000 2.50000000 -0.87500000
v 0.37500000 2.68750000 -0.50000000
v 0.37500000 2.50000000 -0.50000000
v 0.62500000 2.50000000 -0.87500000
v 0.37500000 2.68750000 -0.87500000
v 0.37500000 2.50000000 -0.87500000
v 0.37500000 2.50000000 -0.50000000
v 0.37500000 2.68750000 1.50000000
v 0.37500000 2.50000000 1.50000000
v 0.62500000 2.50000000 1.87500000
v 0.62500000 2.68750000 1.50000000
v 0.62500000 2.50000000 1.50000000
v 0.25000000 0.12500000 1.75000000
v 0.25000000 0.12500000 -0.75000000
v 0.25000000 0.00000000 -0.75000000
v 0.25000000 0.12500000 -0.75000000
v 0.25000000 2.25000000 -0.75000000
v 0.25000000 2.25000000 -1.00000000
v 0.75000000 0.12500000 -0.75000000
v 0.75000000 0.12500000 1.75000000
v 0.75000000 0.00000000 1.75000000
v 0.25000000 0.00000000 1.75000000
v 0.25000000 0.00000000 2.00000000
v 0.25000000 0.12500000 2.00000000
v 0.75000000 0.00000000 -0.75000000
v 0.75000000 0.00000000 1.75000000
v 0.25000000 0.00000000 1.75000000
v 0.25000000 0.12500000 -0.75000000
v 0.25000000 0.12500000 1.75000000
v 0.37500000 0.12500000 1.75000000
v 0.75000000 0.12500000 2.00000000
v 0.25000000 0.12500000 2.00000000
v 0.25000000 0.00000000 2.00000000
v 0.75000000 0.00000000 1.75000000
v 0.75000000 0.00000000 2.00000000
v 0.25000000 0.00000000 2.00000000
v 0.75000000 0.12500000 -0.75000000
v 0.75000000 2.25000000 -0.75000000
v 0.62500000 2.25000000 -0.75000000
v 0.75000000 0.12500000 1.75000000
v 0.75000000 0.12500000 2.00000000
v 0.75000000 0.00000000 2.00000000
v 0.25000000 0.12500000 -1.00000000
v 0.75000000 0.12500000 -1.00000000
v 0.75000000 0.00000000 -1.00000000
v 0.25000000 0.12500000 -0.75000000
v 0.25000000 0.12500000 -1.00000000
v 0.25000000 0.00000000 -1.00000000
v 0.75000000 0.00000000 -0.75000000
v 0.75000000 0.00000000 -1.00000000
v 0.75000000 0.12500000 -1.00000000
v 0.25000000 0.00000000 -0.75000000
v 0.25000000 0.00000000 -1.00000000
v 0.75000000 0.00000000 -1.00000000
v 0.75000000 2.25000000 1.75000000
v 0.75000000 3.00000000 1.75000000
v 0.75000000 3.00000000 2.00000000
v 0.75000000 2.25000000 -1.00000000
v 0.75000000 3.00000000 -1.00000000
v 0.75000000 3.00000000 -0.75000000
v 0.75000000 0.12500000 1.75000000
v 0.75000000 2.25000000 1.75000000
v 0.75000000 2.25000000 2.00000000
v 0.25000000 0.12500000 2.00000000
v 0.25000000 2.25000000 2.00000000
v 0.25000000 2.25000000 1.75000000
v 0.75000000 0.12500000 2.00000000
v 0.75000000 2.25000000 2.00000000
v 0.25000000 2.25000000 2.00000000
v 0.75000000 0.12500000 -1.00000000
v 0.75000000 2.25000000 -1.00000000
v 0.75000000 2.25000000 -0.75000000
v 0.25000000 0.12500000 -1.00000000
v 0.25000000 2.25000000 -1.00000000
v 0.75000000 2.25000000 -1.00000000
v 0.25000000 0.12500000 1.75000000
v 0.25000000 2.25000000 1.75000000
v 0.37500000 2.25000000 1.75000000
v 0.75000000 3.00000000 -0.75000000
v 0.75000000 3.00000000 -1.00000000
v 0.25000000 3.00000000 -1.00000000
v 0.25000000 3.00000000 1.75000000
v 0.25000000 3.00000000 2.00000000
v 0.75000000 3.00000000 2.00000000
v 0.75000000 2.25000000 2.00000000
v 0.75000000 3.00000000 2.00000000
v 0.25000000 3.00000000 2.00000000
v 0.75000000 2.50000000 -0.50000000
v 0.75000000 2.25000000 -0.75000000
v 0.75000000 3.00000000 -0.75000000
v 0.25000000 2.25000000 -0.75000000
v 0.25000000 3.00000000 -0.75000000
v 0.25000000 3.00000000 -1.00000000
v 0.25000000 2.25000000 -1.00000000
v 0.25000000 3.00000000 -1.00000000
v 0.75000000 3.00000000 -1.00000000
v 0.25000000 2.25000000 2.00000000
v 0.25000000 3.00000000 2.00000000
v 0.25000000 3.00000000 1.75000000
v 0.75000000 3.00000000 -0.50000000
v 0.75000000 3.00000000 -0.75000000
v 0.25000000 3.00000000 -0.75000000
v 0.25000000 2.50000000 -0.50000000
v 0.25000000 3.00000000 -0.50000000
v 0.25000000 3.00000000 -0.75000000
v 0.25000000 2.50000000 -0.50000000
v 0.25000000 2.25000000 -0.75000000
v 0.37500000 2.25000000 -0.75000000
v 0.25000000 2.25000000 1.75000000
v 0.25000000 2.50000000 1.50000000
v 0.37500000 2.50000000 1.50000000
v 0.25000000 3.00000000 1.75000000
v 0.25000000 3.00000000 1.50000000
v 0.25000000 2.50000000 1.50000000
v 0.75000000 3.00000000 1.75000000
v 0.75000000 3.00000000 1.50000000
v 0.25000000 3.00000000 1.50000000
v 0.75000000 3.00000000 1.75000000
v 0.75000000 2.25000000 1.75000000
v 0.75000000 2.50000000 1.50000000
v 0.25000000 2.50000000 1.50000000
v 0.25000000 2.50000000 -0.50000000
v 0.37500000 2.50000000 -0.50000000
v 0.25000000 3.00000000 1.50000000
v 0.25000000 3.00000000 -0.50000000
v 0.25000000 2.50000000 -0.50000000
v 0.75000000 3.00000000 1.50000000
v 0.75000000 3.00000000 -0.50000000
v 0.25000000 3.00000000 -0.50000000
v 0.75000000 2.50000000 1.50000000
v 0.75000000 2.50000000 -0.50000000
v 0.75000000 3.00000000 -0.50000000
v 0.62500000 2.50000000 1.50000000
v 0.62500000 2.50000000 -0.50000000
v 0.75000000 2.50000000 -0.50000000
v 0.62500000 2.50000000 1.50000000
v 0.62500000 2.68750000 1.50000000
v 0.62500000 2.68750000 -0.50000000
v 0.62500000 2.25000000 1.75000000
v 0.62500000 2.50000000 1.50000000
v 0.75000000 2.50000000 1.50000000
v 0.62500000 2.50000000 -0.50000000
v 0.62500000 2.25000000 -0.75000000
v 0.75000000 2.25000000 -0.75000000
v 0.62500000 0.12500000 1.75000000
v 0.62500000 2.25000000 1.75000000
v 0.75000000 2.25000000 1.75000000
v 0.37500000 0.12500000 -0.75000000
v 0.37500000 2.25000000 -0.75000000
v 0.25000000 2.25000000 -0.75000000
v 0.62500000 0.12500000 -0.75000000
v 0.62500000 0.12500000 1.75000000
v 0.75000000 0.12500000 1.75000000
v 0.37500000 0.06250000 -0.75000000
v 0.37500000 0.06250000 1.75000000
v 0.62500000 0.06250000 1.75000000
v 0.37500000 0.12500000 1.75000000
v 0.37500000 0.06250000 1.75000000
v 0.37500000 0.06250000 -0.75000000
v 0.62500000 0.12500000 -0.75000000
v 0.62500000 0.06250000 -0.75000000
v 0.62500000 0.06250000 1.75000000
v 0.62500000 0.12500000 -0.87500000
v 0.62500000 2.25000000 -0.87500000
v 0.37500000 2.25000000 -0.87500000
v 0.62500000 2.25000000 -0.75000000
v 0.62500000 2.25000000 -0.87500000
v 0.62500000 0.12500000 -0.87500000
v 0.37500000 0.12500000 -0.75000000
v 0.37500000 0.12500000 -0.87500000
v 0.37500000 2.25000000 -0.87500000
v 0.37500000 0.12500000 1.87500000
v 0.37500000 2.25000000 1.87500000
v 0.62500000 2.25000000 1.87500000
v 0.62500000 0.12500000 1.75000000
v 0.62500000 0.06250000 1.75000000
v 0.62500000 0.06250000 1.87500000
v 0.37500000 2.25000000 1.75000000
v 0.37500000 2.25000000 1.87500000
v 0.37500000 0.12500000 1.87500000
v 0.62500000 0.12500000 1.75000000
v 0.62500000 0.12500000 1.87500000
v 0.62500000 2.25000000 1.87500000
v 0.62500000 0.06250000 -0.75000000
v 0.62500000 0.06250000 -0.87500000
v 0.37500000 0.06250000 -0.87500000
v 0.37500000 0.06250000 1.75000000
v 0.37500000 0.06250000 1.87500000
v 0.62500000 0.06250000 1.87500000
v 0.62500000 0.12500000 -0.87500000
v 0.62500000 0.06250000 -0.87500000
v 0.62500000 0.06250000 -0.75000000
v 0.37500000 0.12500000 -0.87500000
v 0.37500000 0.06250000 -0.87500000
v 0.62500000 0.06250000 -0.87500000
v 0.37500000 0.12500000 -0.75000000
v 0.37500000 0.06250000 -0.75000000
v 0.37500000 0.06250000 -0.87500000
v 0.37500000 0.12500000 1.87500000
v 0.37500000 0.06250000 1.87500000
v 0.37500000 0.06250000 1.75000000
v 0.62500000 0.12500000 1.87500000
v 0.62500000 0.06250000 1.87500000
v 0.37500000 0.06250000 1.87500000
v 0.37500000 2.25000000 1.87500000
v 0.37500000 2.50000000 1.87500000
v 0.62500000 2.50000000 1.87500000
v 0.62500000 2.25000000 1.75000000
v 0.62500000 2.25000000 1.87500000
v 0.62500000 2.50000000 1.87500000
v 0.37500000 2.25000000 1.75000000
v 0.37500000 2.50000000 1.50000000
v 0.37500000 2.50000000 1.87500000
v 0.37500000 2.50000000 1.50000000
v 0.37500000 2.68750000 1.50000000
v 0.37500000 2.68750000 1.87500000
v 0.37500000 2.50000000 -0.87500000
v 0.37500000 2.25000000 -0.87500000
v 0.62500000 2.25000000 -0.87500000
v 0.62500000 2.25000000 -0.75000000
v 0.62500000 2.50000000 -0.50000000
v 0.62500000 2.50000000 -0.87500000
v 0.37500000 2.25000000 -0.75000000
v 0.37500000 2.25000000 -0.87500000
v 0.37500000 2.50000000 -0.87500000
v 0.62500000 2.50000000 -0.50000000
v 0.62500000 2.68750000 -0.50000000
v 0.62500000 2.68750000 -0.87500000
v 0.37500000 2.68750000 1.50000000
v 0.37500000 2.68750000 -0.50000000
v 0.62500000 2.68750000 -0.50000000
v 0.62500000 2.68750000 1.50000000
v 0.62500000 2.68750000 1.87500000
v 0.37500000 2.68750000 1.87500000
v 0.37500000 2.68750000 -0.50000000
v 0.37500000 2.68750000 -0.87500000
v 0.62500000 2.68750000 -0.87500000
v 0.37500000 2.50000000 1.87500000
v 0.37500000 2.68750000 1.87500000
v 0.62500000 2.68750000 1.87500000
v 0.37500000 2.50000000 -0.87500000
v 0.37500000 2.68750000 -0.87500000
v 0.37500000 2.68750000 -0.50000000
v 0.62500000 2.50000000 -0.87500000
v 0.62500000 2.68750000 -0.87500000
v 0.37500000 2.68750000 -0.87500000
v 0.37500000 2.50000000 -0.50000000
v 0.37500000 2.68750000 -0.50000000
v 0.37500000 2.68750000 1.50000000
v 0.62500000 2.50000000 1.87500000
v 0.62500000 2.68750000 1.87500000
v 0.62500000 2.68750000 1.50000000
vt 0.39166700 0.31939089
vt 0.15839924 0.31939089
vt 0.02500000 0.23076900
vt 0.39166700 0.23076900
vt 0.02500000 0.31939089
vt 0.01439672 0.31939089
vt 0.00833300 0.23076900
vt 0.02500000 0.23076900
vt 0.77500000 0.31939089
vt 0.54173224 0.31939089
vt 0.40833300 0.23076900
vt 0.77500000 0.23076900
vt 0.40833300 0.31939089
vt 0.39773035 0.31939089
vt 0.39166700 0.23076900
vt 0.40833300 0.23076900
vt 0.02500000 0.21794900
vt 0.39166700 0.23076900
vt 0.02500000 0.23076900
vt 0.65833300 0.84615400
vt 0.70000000 0.85256400
vt 0.66666700 0.85256400
vt 0.70833300 0.85256400
vt 0.70000000 0.86538500
vt 0.70000000 0.85256400
vt 0.70833300 0.87179500
vt 0.66666700 0.86538500
vt 0.70000000 0.86538500
vt 0.65833300 0.86538500
vt 0.66666700 0.85256400
vt 0.66666700 0.86538500
vt 0.70000000 0.86538500
vt 0.66666700 0.85256400
vt 0.70000000 0.85256400
vt 0.71666700 0.84615400
vt 0.75833300 0.85256400
vt 0.72500000 0.85256400
vt 0.76666700 0.85256400
vt 0.75833300 0.86538500
vt 0.75833300 0.85256400
vt 0.76666700 0.87179500
vt 0.72500000 0.86538500
vt 0.75833300 0.86538500
vt 0.71666700 0.86538500
vt 0.72500000 0.85256400
vt 0.72500000 0.86538500
vt 0.75833300 0.86538500
vt 0.72500000 0.85256400
vt 0.75833300 0.85256400
vt 0.77500000 0.84615400
vt 0.81666700 0.85256400
vt 0.78333300 0.85256400
vt 0.82500000 0.85256400
vt 0.81666700 0.86538500
vt 0.81666700 0.85256400
vt 0.82500000 0.87179500
vt 0.78333300 0.86538500
vt 0.81666700 0.86538500
vt 0.77500000 0.86538500
vt 0.78333300 0.85256400
vt 0.78333300 0.86538500
vt 0.81666700 0.86538500
vt 0.78333300 0.85256400
vt 0.81666700 0.85256400
vt 0.83333300 0.84615400
vt 0.87500000 0.85256400
vt 0.84166700 0.85256400
vt 0.88333300 0.85256400
vt 0.87500000 0.86538500
vt 0.87500000 0.85256400
vt 0.88333300 0.87179500
vt 0.84166700 0.86538500
vt 0.87500000 0.86538500
vt 0.83333300 0.86538500
vt 0.84166700 0.85256400
vt 0.84166700 0.86538500
vt 0.87500000 0.86538500
vt 0.84166700 0.85256400
vt 0.87500000 0.85256400
vt 0.60000000 0.84615400
vt 0.64166700 0.85256400
vt 0.60833300 0.85256400
vt 0.65000000 0.85256400
vt 0.64166700 0.86538500
vt 0.64166700 0.85256400
vt 0.65000000 0.87179500
vt 0.60833300 0.86538500
vt 0.64166700 0.86538500
vt 0.60000000 0.86538500
vt 0.60833300 0.85256400
vt 0.60833300 0.86538500
vt 0.64166700 0.86538500
vt 0.60833300 0.85256400
vt 0.64166700 0.85256400
vt 0.90000000 0.09615400
vt 0.80000000 0.05769200
vt 0.90000000 0.05769200
vt 0.80000000 0.09615400
vt 0.79166700 0.05769200
vt 0.80000000 0.05769200
vt 0.90833300 0.09615400
vt 0.90000000 0.05769200
vt 0.90833300 0.05769200
vt 0.80000000 0.05128200
vt 0.90000000 0.05769200
vt 0.80000000 0.05769200
vt 0.80000000 0.09615400
vt 0.90000000 0.10256400
vt 0.80000000 0.10256400
vt 0.73333300 0.75641000
vt 0.74118085 0.73226472
vt 0.74166700 0.73226472
vt 0.74166700 0.75641000
vt 0.75833300 0.73226472
vt 0.75833300 0.75641000
vt 0.75048609 0.73226472
vt 0.81666700 0.04487200
vt 0.78333300 0.03846200
vt 0.81666700 0.03846200
vt 0.72500000 0.73944970
vt 0.72643807 0.73784590
vt 0.73333300 0.75641000
vt 0.72500000 0.75641000
vt 0.76666700 0.73944970
vt 0.76666700 0.75641000
vt 0.75906222 0.73301259
vt 0.81250000 0.03205100
vt 0.78333300 0.03846200
vt 0.78750000 0.03205100
vt 0.78750000 0.03205100
vt 0.81250000 0.02564100
vt 0.81250000 0.03205100
vt 0.76666700 0.73944970
vt 0.76870074 0.73944970
vt 0.77500000 0.75641000
vt 0.76666700 0.75641000
vt 0.72500000 0.73944970
vt 0.72500000 0.75641000
vt 0.71870074 0.73944970
vt 0.57500000 0.01282100
vt 0.73333300 0.01923100
vt 0.57500000 0.01923100
vt 0.73333300 0.02564100
vt 0.57500000 0.01923100
vt 0.73333300 0.01923100
vt 0.73333300 0.01282100
vt 0.57500000 0.00641000
vt 0.73333300 0.00641000
vt 0.57500000 0.04487200
vt 0.73333300 0.03846200
vt 0.57500000 0.03846200
vt 0.57500000 0.04487200
vt 0.73333300 0.05128200
vt 0.73333300 0.04487200
vt 0.57500000 0.03205100
vt 0.73333300 0.03846200
vt 0.73333300 0.03205100
vt 0.71812528 0.14631425
vt 0.69187528 0.14631425
vt 0.57500000 0.14102600
vt 0.72500000 0.14102600
vt 0.57500000 0.14631425
vt 0.57354173 0.14631425
vt 0.56666700 0.14102600
vt 0.57500000 0.14102600
vt 0.95000000 0.14631425
vt 0.94854173 0.14631425
vt 0.94166700 0.14102600
vt 0.95000000 0.14102600
vt 0.79166700 0.13461500
vt 0.94166700 0.14102600
vt 0.79166700 0.14102600
vt 0.57500000 0.13461500
vt 0.72500000 0.14102600
vt 0.57500000 0.14102600
vt 0.94166700 0.14102600
vt 0.82479172 0.14631425
vt 0.79854173 0.14631425
vt 0.79166700 0.14102600
vt 0.72500000 0.76282000
vt 0.71666700 0.83974400
vt 0.71666700 0.76282000
vt 0.74166700 0.76282000
vt 0.73333300 0.83974400
vt 0.73333300 0.76282000
vt 0.73333300 0.76282000
vt 0.72500000 0.83974400
vt 0.72500000 0.76282000
vt 0.75833300 0.76282000
vt 0.75000000 0.83974400
vt 0.75000000 0.76282000
vt 0.77500000 0.76282000
vt 0.76666700 0.83974400
vt 0.76666700 0.76282000
vt 0.76666700 0.76282000
vt 0.75833300 0.83974400
vt 0.75833300 0.76282000
vt 0.84166700 0.83974400
vt 0.83333300 0.76282100
vt 0.84166700 0.76282100
vt 0.82500000 0.83974400
vt 0.81666700 0.76282100
vt 0.82500000 0.76282100
vt 0.83333300 0.83974400
vt 0.82500000 0.76282100
vt 0.83333300 0.76282100
vt 0.80833300 0.83974400
vt 0.80000000 0.76282000
vt 0.80833300 0.76282000
vt 0.79166700 0.83974400
vt 0.78333300 0.76282000
vt 0.79166700 0.76282000
vt 0.80000000 0.83974400
vt 0.79166700 0.76282000
vt 0.80000000 0.76282000
vt 0.57500000 0.11538500
vt 0.94166700 0.12179500
vt 0.57500000 0.12179500
vt 0.94166700 0.11538500
vt 0.95000000 0.12179500
vt 0.94166700 0.12179500
vt 0.56666700 0.11538500
vt 0.57500000 0.12179500
vt 0.56666700 0.12179500
vt 0.94166700 0.12820500
vt 0.57500000 0.12179500
vt 0.94166700 0.12179500
vt 0.94166700 0.11538500
vt 0.57500000 0.10897400
vt 0.94166700 0.10897400
vt 0.34166700 0.10256400
vt 0.24166700 0.06410300
vt 0.34166700 0.06410300
vt 0.24166700 0.10256400
vt 0.23333300 0.06410300
vt 0.24166700 0.06410300
vt 0.35000000 0.10256400
vt 0.34166700 0.06410300
vt 0.35000000 0.06410300
vt 0.24166700 0.05769200
vt 0.34166700 0.06410300
vt 0.24166700 0.06410300
vt 0.24166700 0.10256400
vt 0.34166700 0.10897400
vt 0.24166700 0.10897400
vt 0.37500000 0.08974400
vt 0.38284691 0.06559872
vt 0.38333300 0.06559872
vt 0.38333300 0.08974400
vt 0.39166700 0.08974400
vt 0.39951391 0.06559872
vt 0.40000000 0.06559872
vt 0.40000000 0.08974400
vt 0.25833300 0.05128200
vt 0.22500000 0.04487200
vt 0.25833300 0.04487200
vt 0.36666700 0.07278370
vt 0.36810507 0.07117990
vt 0.37500000 0.08974400
vt 0.36666700 0.08974400
vt 0.40689493 0.07117990
vt 0.40000000 0.08974400
vt 0.40000000 0.06559872
vt 0.25416700 0.03846200
vt 0.22500000 0.04487200
vt 0.22916700 0.03846200
vt 0.22916700 0.03846200
vt 0.25416700 0.03205100
vt 0.25416700 0.03846200
vt 0.40833300 0.07278370
vt 0.41036698 0.07278370
vt 0.41666700 0.08974400
vt 0.40833300 0.08974400
vt 0.36666700 0.07278370
vt 0.36666700 0.08974400
vt 0.36036698 0.07278370
vt 0.01666700 0.01923100
vt 0.17500000 0.02564100
vt 0.01666700 0.02564100
vt 0.17500000 0.03205100
vt 0.01666700 0.02564100
vt 0.17500000 0.02564100
vt 0.17500000 0.01923100
vt 0.01666700 0.01282100
vt 0.17500000 0.01282100
vt 0.01666700 0.05128200
vt 0.17500000 0.04487200
vt 0.01666700 0.04487200
vt 0.01666700 0.05128200
vt 0.17500000 0.05769200
vt 0.17500000 0.05128200
vt 0.01666700 0.03846200
vt 0.17500000 0.04487200
vt 0.17500000 0.03846200
vt 0.15979145 0.15272425
vt 0.13354145 0.15272425
vt 0.01666700 0.14743600
vt 0.16666700 0.14743600
vt 0.01666700 0.15272425
vt 0.01520855 0.15272425
vt 0.00833300 0.14743600
vt 0.01666700 0.14743600
vt 0.39166700 0.15272425
vt 0.39020855 0.15272425
vt 0.38333300 0.14743600
vt 0.39166700 0.14743600
vt 0.23333300 0.14102600
vt 0.38333300 0.14743600
vt 0.23333300 0.14743600
vt 0.01666700 0.14102600
vt 0.16666700 0.14743600
vt 0.01666700 0.14743600
vt 0.38333300 0.14743600
vt 0.26645855 0.15272425
vt 0.24020855 0.15272425
vt 0.23333300 0.14743600
vt 0.43333300 0.01282100
vt 0.42500000 0.08974400
vt 0.42500000 0.01282100
vt 0.45000000 0.01282100
vt 0.44166700 0.08974400
vt 0.44166700 0.01282100
vt 0.44166700 0.01282100
vt 0.43333300 0.08974400
vt 0.43333300 0.01282100
vt 0.46666700 0.01282100
vt 0.45833300 0.08974400
vt 0.45833300 0.01282100
vt 0.48333300 0.01282100
vt 0.47500000 0.08974400
vt 0.47500000 0.01282100
vt 0.47500000 0.01282100
vt 0.46666700 0.08974400
vt 0.46666700 0.01282100
vt 0.55833300 0.22435900
vt 0.55000000 0.14743600
vt 0.55833300 0.14743600
vt 0.54166700 0.22435900
vt 0.53333300 0.14743600
vt 0.54166700 0.14743600
vt 0.55000000 0.22435900
vt 0.54166700 0.14743600
vt 0.55000000 0.14743600
vt 0.51666700 0.08974400
vt 0.50833300 0.01282100
vt 0.51666700 0.01282100
vt 0.50000000 0.08974400
vt 0.49166700 0.01282100
vt 0.50000000 0.01282100
vt 0.50833300 0.08974400
vt 0.50000000 0.01282100
vt 0.50833300 0.01282100
vt 0.01666700 0.12179500
vt 0.38333300 0.12820500
vt 0.01666700 0.12820500
vt 0.38333300 0.12179500
vt 0.39166700 0.12820500
vt 0.38333300 0.12820500
vt 0.00833300 0.12179500
vt 0.01666700 0.12820500
vt 0.00833300 0.12820500
vt 0.38333300 0.13461500
vt 0.01666700 0.12820500
vt 0.38333300 0.12820500
vt 0.38333300 0.12179500
vt 0.01666700 0.11538500
vt 0.38333300 0.11538500
vt 0.15839924 0.31939089
vt 0.02500000 0.31939089
vt 0.02500000 0.23076900
vt 0.01439672 0.31939089
vt 0.00833300 0.31939089
vt 0.00833300 0.23076900
vt 0.54173224 0.31939089
vt 0.40833300 0.31939089
vt 0.40833300 0.23076900
vt 0.39773035 0.31939089
vt 0.39166700 0.31939089
vt 0.39166700 0.23076900
vt 0.02500000 0.21794900
vt 0.39166700 0.21794900
vt 0.39166700 0.23076900
vt 0.65833300 0.84615400
vt 0.70833300 0.84615400
vt 0.70000000 0.85256400
vt 0.70833300 0.85256400
vt 0.70833300 0.86538500
vt 0.70000000 0.86538500
vt 0.70833300 0.87179500
vt 0.65833300 0.87179500
vt 0.66666700 0.86538500
vt 0.65833300 0.86538500
vt 0.65833300 0.85256400
vt 0.66666700 0.85256400
vt 0.70000000 0.86538500
vt 0.66666700 0.86538500
vt 0.66666700 0.85256400
vt 0.71666700 0.84615400
vt 0.76666700 0.84615400
vt 0.75833300 0.85256400
vt 0.76666700 0.85256400
vt 0.76666700 0.86538500
vt 0.75833300 0.86538500
vt 0.76666700 0.87179500
vt 0.71666700 0.87179500
vt 0.72500000 0.86538500
vt 0.71666700 0.86538500
vt 0.71666700 0.85256400
vt 0.72500000 0.85256400
vt 0.75833300 0.86538500
vt 0.72500000 0.86538500
vt 0.72500000 0.85256400
vt 0.77500000 0.84615400
vt 0.82500000 0.84615400
vt 0.81666700 0.85256400
vt 0.82500000 0.85256400
vt 0.82500000 0.86538500
vt 0.81666700 0.86538500
vt 0.82500000 0.87179500
vt 0.77500000 0.87179500
vt 0.78333300 0.86538500
vt 0.77500000 0.86538500
vt 0.77500000 0.85256400
vt 0.78333300 0.85256400
vt 0.81666700 0.86538500
vt 0.78333300 0.86538500
vt 0.78333300 0.85256400
vt 0.83333300 0.84615400
vt 0.88333300 0.84615400
vt 0.87500000 0.85256400
vt 0.88333300 0.85256400
vt 0.88333300 0.86538500
vt 0.87500000 0.86538500
vt 0.88333300 0.87179500
vt 0.83333300 0.87179500
vt 0.84166700 0.86538500
vt 0.83333300 0.86538500
vt 0.83333300 0.85256400
vt 0.84166700 0.85256400
vt 0.87500000 0.86538500
vt 0.84166700 0.86538500
vt 0.84166700 0.85256400
vt 0.60000000 0.84615400
vt 0.65000000 0.84615400
vt 0.64166700 0.85256400
vt 0.65000000 0.85256400
vt 0.65000000 0.86538500
vt 0.64166700 0.86538500
vt 0.65000000 0.87179500
vt 0.60000000 0.87179500
vt 0.60833300 0.86538500
vt 0.60000000 0.86538500
vt 0.60000000 0.85256400
vt 0.60833300 0.85256400
vt 0.64166700 0.86538500
vt 0.60833300 0.86538500
vt 0.60833300 0.85256400
vt 0.90000000 0.09615400
vt 0.80000000 0.09615400
vt 0.80000000 0.05769200
vt 0.80000000 0.09615400
vt 0.79166700 0.09615400
vt 0.79166700 0.05769200
vt 0.90833300 0.09615400
vt 0.90000000 0.09615400
vt 0.90000000 0.05769200
vt 0.80000000 0.05128200
vt 0.90000000 0.05128200
vt 0.90000000 0.05769200
vt 0.80000000 0.09615400
vt 0.90000000 0.09615400
vt 0.90000000 0.10256400
vt 0.74118085 0.73226472
vt 0.73333300 0.75641000
vt 0.73333300 0.73226472
vt 0.75048609 0.73226472
vt 0.75833300 0.75641000
vt 0.75000000 0.75641000
vt 0.75000000 0.73226472
vt 0.81666700 0.04487200
vt 0.78333300 0.04487200
vt 0.78333300 0.03846200
vt 0.72643807 0.73784590
vt 0.73333300 0.73226472
vt 0.73333300 0.75641000
vt 0.75906222 0.73301259
vt 0.76666700 0.75641000
vt 0.75833300 0.75641000
vt 0.75833300 0.73226472
vt 0.81250000 0.03205100
vt 0.81666700 0.03846200
vt 0.78333300 0.03846200
vt 0.78750000 0.03205100
vt 0.78750000 0.02564100
vt 0.81250000 0.02564100
vt 0.76870074 0.73944970
vt 0.77500000 0.73944970
vt 0.77500000 0.75641000
vt 0.71870074 0.73944970
vt 0.72500000 0.75641000
vt 0.71666700 0.75641000
vt 0.71666700 0.73944970
vt 0.57500000 0.01282100
vt 0.73333300 0.01282100
vt 0.73333300 0.01923100
vt 0.73333300 0.02564100
vt 0.57500000 0.02564100
vt 0.57500000 0.01923100
vt 0.73333300 0.01282100
vt 0.57500000 0.01282100
vt 0.57500000 0.00641000
vt 0.57500000 0.04487200
vt 0.73333300 0.04487200
vt 0.73333300 0.03846200
vt 0.57500000 0.04487200
vt 0.57500000 0.05128200
vt 0.73333300 0.05128200
vt 0.57500000 0.03205100
vt 0.57500000 0.03846200
vt 0.73333300 0.03846200
vt 0.69187528 0.14631425
vt 0.57500000 0.14631425
vt 0.57500000 0.14102600
vt 0.57354173 0.14631425
vt 0.56666700 0.14631425
vt 0.56666700 0.14102600
vt 0.94854173 0.14631425
vt 0.94166700 0.14631425
vt 0.94166700 0.14102600
vt 0.79166700 0.13461500
vt 0.94166700 0.13461500
vt 0.94166700 0.14102600
vt 0.57500000 0.13461500
vt 0.72500000 0.13461500
vt 0.72500000 0.14102600
vt 0.82479172 0.14631425
vt 0.94166700 0.14102600
vt 0.94166700 0.14631425
vt 0.72500000 0.76282000
vt 0.72500000 0.83974400
vt 0.71666700 0.83974400
vt 0.74166700 0.76282000
vt 0.74166700 0.83974400
vt 0.73333300 0.83974400
vt 0.73333300 0.76282000
vt 0.73333300 0.83974400
vt 0.72500000 0.83974400
vt 0.75833300 0.76282000
vt 0.75833300 0.83974400
vt 0.75000000 0.83974400
vt 0.77500000 0.76282000
vt 0.77500000 0.83974400
vt 0.76666700 0.83974400
vt 0.76666700 0.76282000
vt 0.76666700 0.83974400
vt 0.75833300 0.83974400
vt 0.84166700 0.83974400
vt 0.83333300 0.83974400
vt 0.83333300 0.76282100
vt 0.82500000 0.83974400
vt 0.81666700 0.83974400
vt 0.81666700 0.76282100
vt 0.83333300 0.83974400
vt 0.82500000 0.83974400
vt 0.82500000 0.76282100
vt 0.80833300 0.83974400
vt 0.80000000 0.83974400
vt 0.80000000 0.76282000
vt 0.79166700 0.83974400
vt 0.78333300 0.83974400
vt 0.78333300 0.76282000
vt 0.80000000 0.83974400
vt 0.79166700 0.83974400
vt 0.79166700 0.76282000
vt 0.57500000 0.11538500
vt 0.94166700 0.11538500
vt 0.94166700 0.12179500
vt 0.94166700 0.11538500
vt 0.95000000 0.11538500
vt 0.95000000 0.12179500
vt 0.56666700 0.11538500
vt 0.57500000 0.11538500
vt 0.57500000 0.12179500
vt 0.94166700 0.12820500
vt 0.57500000 0.12820500
vt 0.57500000 0.12179500
vt 0.94166700 0.11538500
vt 0.57500000 0.11538500
vt 0.57500000 0.10897400
vt 0.34166700 0.10256400
vt 0.24166700 0.10256400
vt 0.24166700 0.06410300
vt 0.24166700 0.10256400
vt 0.23333300 0.10256400
vt 0.23333300 0.06410300
vt 0.35000000 0.10256400
vt 0.34166700 0.10256400
vt 0.34166700 0.06410300
vt 0.24166700 0.05769200
vt 0.34166700 0.05769200
vt 0.34166700 0.06410300
vt 0.24166700 0.10256400
vt 0.34166700 0.10256400
vt 0.34166700 0.10897400
vt 0.38284691 0.06559872
vt 0.37500000 0.08974400
vt 0.37500000 0.06559872
vt 0.39951391 0.06559872
vt 0.39166700 0.08974400
vt 0.39166700 0.06559872
vt 0.25833300 0.05128200
vt 0.22500000 0.05128200
vt 0.22500000 0.04487200
vt 0.36810507 0.07117990
vt 0.37500000 0.06559872
vt 0.37500000 0.08974400
vt 0.40689493 0.07117990
vt 0.40833300 0.07278370
vt 0.40833300 0.08974400
vt 0.40000000 0.08974400
vt 0.25416700 0.03846200
vt 0.25833300 0.04487200
vt 0.22500000 0.04487200
vt 0.22916700 0.03846200
vt 0.22916700 0.03205100
vt 0.25416700 0.03205100
vt 0.41036698 0.07278370
vt 0.41666700 0.07278370
vt 0.41666700 0.08974400
vt 0.36036698 0.07278370
vt 0.36666700 0.08974400
vt 0.35833300 0.08974400
vt 0.35833300 0.07278370
vt 0.01666700 0.01923100
vt 0.17500000 0.01923100
vt 0.17500000 0.02564100
vt 0.17500000 0.03205100
vt 0.01666700 0.03205100
vt 0.01666700 0.02564100
vt 0.17500000 0.01923100
vt 0.01666700 0.01923100
vt 0.01666700 0.01282100
vt 0.01666700 0.05128200
vt 0.17500000 0.05128200
vt 0.17500000 0.04487200
vt 0.01666700 0.05128200
vt 0.01666700 0.05769200
vt 0.17500000 0.05769200
vt 0.01666700 0.03846200
vt 0.01666700 0.04487200
vt 0.17500000 0.04487200
vt 0.13354145 0.15272425
vt 0.01666700 0.15272425
vt 0.01666700 0.14743600
vt 0.01520855 0.15272425
vt 0.00833300 0.15272425
vt 0.00833300 0.14743600
vt 0.39020855 0.15272425
vt 0.38333300 0.15272425
vt 0.38333300 0.14743600
vt 0.23333300 0.14102600
vt 0.38333300 0.14102600
vt 0.38333300 0.14743600
vt 0.01666700 0.14102600
vt 0.16666700 0.14102600
vt 0.16666700 0.14743600
vt 0.26645855 0.15272425
vt 0.38333300 0.14743600
vt 0.38333300 0.15272425
vt 0.43333300 0.01282100
vt 0.43333300 0.08974400
vt 0.42500000 0.08974400
vt 0.45000000 0.01282100
vt 0.45000000 0.08974400
vt 0.44166700 0.08974400
vt 0.44166700 0.01282100
vt 0.44166700 0.08974400
vt 0.43333300 0.08974400
vt 0.46666700 0.01282100
vt 0.46666700 0.08974400
vt 0.45833300 0.08974400
vt 0.48333300 0.01282100
vt 0.48333300 0.08974400
vt 0.47500000 0.08974400
vt 0.47500000 0.01282100
vt 0.47500000 0.08974400
vt 0.46666700 0.08974400
vt 0.55833300 0.22435900
vt 0.55000000 0.22435900
vt 0.55000000 0.14743600
vt 0.54166700 0.22435900
vt 0.53333300 0.22435900
vt 0.53333300 0.14743600
vt 0.55000000 0.22435900
vt 0.54166700 0.22435900
vt 0.54166700 0.14743600
vt 0.51666700 0.08974400
vt 0.50833300 0.08974400
vt 0.50833300 0.01282100
vt 0.50000000 0.08974400
vt 0.49166700 0.08974400
vt 0.49166700 0.01282100
vt 0.50833300 0.08974400
vt 0.50000000 0.08974400
vt 0.50000000 0.01282100
vt 0.01666700 0.12179500
vt 0.38333300 0.12179500
vt 0.38333300 0.12820500
vt 0.38333300 0.12179500
vt 0.39166700 0.12179500
vt 0.39166700 0.12820500
vt 0.00833300 0.12179500
vt 0.01666700 0.12179500
vt 0.01666700 0.12820500
vt 0.38333300 0.13461500
vt 0.01666700 0.13461500
vt 0.01666700 0.12820500
vt 0.38333300 0.12179500
vt 0.01666700 0.12179500
vt 0.01666700 0.11538500
vt 0.44166700 0.64743600
vt 0.10833300 0.63461500
vt 0.44166700 0.63461500
vt 0.10833300 0.64743600
vt 0.07500000 0.86538500
vt 0.07500000 0.64743600
vt 0.90833300 0.64743600
vt 0.57500000 0.63461500
vt 0.90833300 0.63461500
vt 0.44166700 0.63461500
vt 0.47500000 0.64743600
vt 0.44166700 0.64743600
vt 0.10833300 0.58333300
vt 0.44166700 0.63461500
vt 0.10833300 0.63461500
vt 0.35833300 0.57051300
vt 0.02500000 0.55769200
vt 0.35833300 0.55769200
vt 0.54166700 0.64743600
vt 0.47500000 0.63461500
vt 0.54166700 0.63461500
vt 0.44166700 0.58333300
vt 0.47500000 0.63461500
vt 0.44166700 0.63461500
vt 0.99166700 0.23717900
vt 0.97500000 0.45512800
vt 0.97500000 0.23717900
vt 0.57500000 0.64743600
vt 0.54166700 0.63461500
vt 0.57500000 0.63461500
vt 0.07500000 0.64743600
vt 0.00833300 0.63461500
vt 0.07500000 0.63461500
vt 0.10833300 0.64743600
vt 0.07500000 0.63461500
vt 0.10833300 0.63461500
vt 0.90833300 0.63461500
vt 0.94166700 0.64743600
vt 0.90833300 0.64743600
vt 0.10833300 0.63461500
vt 0.07500000 0.58333300
vt 0.10833300 0.58333300
vt 0.57500000 0.86538500
vt 0.54166700 0.94230800
vt 0.54166700 0.86538500
vt 0.94166700 0.86538500
vt 0.90833300 0.94230800
vt 0.90833300 0.86538500
vt 0.57500000 0.64743600
vt 0.54166700 0.86538500
vt 0.54166700 0.64743600
vt 0.47500000 0.64743600
vt 0.44166700 0.86538500
vt 0.44166700 0.64743600
vt 0.54166700 0.64743600
vt 0.47500000 0.86538500
vt 0.47500000 0.64743600
vt 0.94166700 0.64743600
vt 0.90833300 0.86538500
vt 0.90833300 0.64743600
vt 0.07500000 0.64743600
vt 0.00833300 0.86538500
vt 0.00833300 0.64743600
vt 0.88333300 0.23717900
vt 0.86666700 0.45512800
vt 0.86666700 0.23717900
vt 0.10833300 0.99359000
vt 0.07500000 0.94230800
vt 0.10833300 0.94230800
vt 0.44166700 0.94230800
vt 0.47500000 0.99359000
vt 0.44166700 0.99359000
vt 0.54166700 0.86538500
vt 0.47500000 0.94230800
vt 0.47500000 0.86538500
vt 0.87500000 0.89102600
vt 0.90833300 0.94230800
vt 0.87500000 0.94230800
vt 0.10833300 0.86538500
vt 0.07500000 0.94230800
vt 0.07500000 0.86538500
vt 0.07500000 0.86538500
vt 0.00833300 0.94230800
vt 0.00833300 0.86538500
vt 0.47500000 0.86538500
vt 0.44166700 0.94230800
vt 0.44166700 0.86538500
vt 0.14166700 0.99359000
vt 0.10833300 0.94230800
vt 0.14166700 0.94230800
vt 0.14166700 0.89102600
vt 0.10833300 0.94230800
vt 0.10833300 0.86538500
vt 0.89166700 0.48717900
vt 0.90833300 0.45512800
vt 0.90833300 0.48717900
vt 0.88333300 0.45512800
vt 0.86666700 0.48717900
vt 0.86666700 0.45512800
vt 0.44166700 0.94230800
vt 0.40833300 0.89102600
vt 0.44166700 0.86538500
vt 0.44166700 0.99359000
vt 0.40833300 0.94230800
vt 0.44166700 0.94230800
vt 0.57500000 0.94230800
vt 0.60833300 0.89102600
vt 0.60833300 0.94230800
vt 0.53333300 0.52564100
vt 0.80000000 0.53846200
vt 0.53333300 0.53846200
vt 0.40833300 0.94230800
vt 0.14166700 0.89102600
vt 0.40833300 0.89102600
vt 0.40833300 0.99359000
vt 0.14166700 0.94230800
vt 0.40833300 0.94230800
vt 0.60833300 0.89102600
vt 0.87500000 0.94230800
vt 0.60833300 0.94230800
vt 0.53333300 0.58974400
vt 0.80000000 0.60256400
vt 0.53333300 0.60256400
vt 0.53333300 0.58974400
vt 0.80000000 0.57692300
vt 0.80000000 0.58974400
vt 0.80000000 0.45512800
vt 0.78333300 0.48717900
vt 0.78333300 0.45512800
vt 0.97500000 0.48717900
vt 0.99166700 0.45512800
vt 0.99166700 0.48717900
vt 0.80000000 0.23717900
vt 0.78333300 0.45512800
vt 0.78333300 0.23717900
vt 0.90833300 0.23717900
vt 0.89166700 0.45512800
vt 0.89166700 0.23717900
vt 0.35833300 0.51923100
vt 0.02500000 0.50641000
vt 0.35833300 0.50641000
vt 0.35833300 0.55128200
vt 0.02500000 0.52564100
vt 0.35833300 0.52564100
vt 0.02500000 0.55769200
vt 0.35833300 0.55128200
vt 0.35833300 0.55769200
vt 0.35833300 0.51923100
vt 0.02500000 0.52564100
vt 0.02500000 0.51923100
vt 0.95833300 0.23717900
vt 0.92500000 0.45512800
vt 0.92500000 0.23717900
vt 0.97500000 0.45512800
vt 0.95833300 0.23717900
vt 0.97500000 0.23717900
vt 0.90833300 0.23717900
vt 0.92500000 0.45512800
vt 0.90833300 0.45512800
vt 0.85000000 0.23717900
vt 0.81666700 0.45512800
vt 0.81666700 0.23717900
vt 0.80000000 0.23717900
vt 0.81666700 0.23076900
vt 0.81666700 0.23717900
vt 0.86666700 0.45512800
vt 0.85000000 0.23717900
vt 0.86666700 0.23717900
vt 0.80000000 0.23717900
vt 0.81666700 0.45512800
vt 0.80000000 0.45512800
vt 0.35833300 0.52564100
vt 0.37500000 0.55128200
vt 0.35833300 0.55128200
vt 0.02500000 0.55128200
vt 0.00833300 0.52564100
vt 0.02500000 0.52564100
vt 0.95833300 0.23717900
vt 0.97500000 0.23076900
vt 0.97500000 0.23717900
vt 0.92500000 0.23717900
vt 0.95833300 0.23076900
vt 0.95833300 0.23717900
vt 0.90833300 0.23717900
vt 0.92500000 0.23076900
vt 0.92500000 0.23717900
vt 0.85000000 0.23717900
vt 0.86666700 0.23076900
vt 0.86666700 0.23717900
vt 0.81666700 0.23717900
vt 0.85000000 0.23076900
vt 0.85000000 0.23717900
vt 0.43333300 0.55128200
vt 0.46666700 0.57692300
vt 0.43333300 0.57692300
vt 0.50000000 0.61538500
vt 0.48333300 0.58974400
vt 0.53333300 0.58974400
vt 0.50000000 0.51282100
vt 0.48333300 0.53846200
vt 0.48333300 0.51282100
vt 0.53333300 0.53846200
vt 0.48333300 0.55128200
vt 0.48333300 0.53846200
vt 0.86666700 0.55128200
vt 0.90000000 0.57692300
vt 0.86666700 0.57692300
vt 0.83333300 0.61538500
vt 0.85000000 0.58974400
vt 0.85000000 0.61538500
vt 0.83333300 0.51282100
vt 0.85000000 0.53846200
vt 0.80000000 0.53846200
vt 0.80000000 0.58974400
vt 0.85000000 0.57692300
vt 0.85000000 0.58974400
vt 0.53333300 0.55128200
vt 0.80000000 0.57692300
vt 0.53333300 0.57692300
vt 0.53333300 0.57692300
vt 0.48333300 0.55128200
vt 0.53333300 0.55128200
vt 0.80000000 0.55128200
vt 0.85000000 0.57692300
vt 0.80000000 0.57692300
vt 0.46666700 0.55128200
vt 0.48333300 0.57692300
vt 0.46666700 0.57692300
vt 0.85000000 0.53846200
vt 0.80000000 0.55128200
vt 0.80000000 0.53846200
vt 0.86666700 0.57692300
vt 0.85000000 0.55128200
vt 0.86666700 0.55128200
vt 0.80000000 0.53846200
vt 0.53333300 0.55128200
vt 0.53333300 0.53846200
vt 0.48333300 0.58974400
vt 0.53333300 0.57692300
vt 0.53333300 0.58974400
vt 0.44166700 0.64743600
vt 0.10833300 0.64743600
vt 0.10833300 0.63461500
vt 0.10833300 0.64743600
vt 0.10833300 0.86538500
vt 0.07500000 0.86538500
vt 0.90833300 0.64743600
vt 0.57500000 0.64743600
vt 0.57500000 0.63461500
vt 0.44166700 0.63461500
vt 0.47500000 0.63461500
vt 0.47500000 0.64743600
vt 0.10833300 0.58333300
vt 0.44166700 0.58333300
vt 0.44166700 0.63461500
vt 0.35833300 0.57051300
vt 0.02500000 0.57051300
vt 0.02500000 0.55769200
vt 0.54166700 0.64743600
vt 0.47500000 0.64743600
vt 0.47500000 0.63461500
vt 0.44166700 0.58333300
vt 0.47500000 0.58333300
vt 0.47500000 0.63461500
vt 0.99166700 0.23717900
vt 0.99166700 0.45512800
vt 0.97500000 0.45512800
vt 0.57500000 0.64743600
vt 0.54166700 0.64743600
vt 0.54166700 0.63461500
vt 0.07500000 0.64743600
vt 0.00833300 0.64743600
vt 0.00833300 0.63461500
vt 0.10833300 0.64743600
vt 0.07500000 0.64743600
vt 0.07500000 0.63461500
vt 0.90833300 0.63461500
vt 0.94166700 0.63461500
vt 0.94166700 0.64743600
vt 0.10833300 0.63461500
vt 0.07500000 0.63461500
vt 0.07500000 0.58333300
vt 0.57500000 0.86538500
vt 0.57500000 0.94230800
vt 0.54166700 0.94230800
vt 0.94166700 0.86538500
vt 0.94166700 0.94230800
vt 0.90833300 0.94230800
vt 0.57500000 0.64743600
vt 0.57500000 0.86538500
vt 0.54166700 0.86538500
vt 0.47500000 0.64743600
vt 0.47500000 0.86538500
vt 0.44166700 0.86538500
vt 0.54166700 0.64743600
vt 0.54166700 0.86538500
vt 0.47500000 0.86538500
vt 0.94166700 0.64743600
vt 0.94166700 0.86538500
vt 0.90833300 0.86538500
vt 0.07500000 0.64743600
vt 0.07500000 0.86538500
vt 0.00833300 0.86538500
vt 0.88333300 0.23717900
vt 0.88333300 0.45512800
vt 0.86666700 0.45512800
vt 0.10833300 0.99359000
vt 0.07500000 0.99359000
vt 0.07500000 0.94230800
vt 0.44166700 0.94230800
vt 0.47500000 0.94230800
vt 0.47500000 0.99359000
vt 0.54166700 0.86538500
vt 0.54166700 0.94230800
vt 0.47500000 0.94230800
vt 0.87500000 0.89102600
vt 0.90833300 0.86538500
vt 0.90833300 0.94230800
vt 0.10833300 0.86538500
vt 0.10833300 0.94230800
vt 0.07500000 0.94230800
vt 0.07500000 0.86538500
vt 0.07500000 0.94230800
vt 0.00833300 0.94230800
vt 0.47500000 0.86538500
vt 0.47500000 0.94230800
vt 0.44166700 0.94230800
vt 0.14166700 0.99359000
vt 0.10833300 0.99359000
vt 0.10833300 0.94230800
vt 0.14166700 0.89102600
vt 0.14166700 0.94230800
vt 0.10833300 0.94230800
vt 0.89166700 0.48717900
vt 0.89166700 0.45512800
vt 0.90833300 0.45512800
vt 0.88333300 0.45512800
vt 0.88333300 0.48717900
vt 0.86666700 0.48717900
vt 0.44166700 0.94230800
vt 0.40833300 0.94230800
vt 0.40833300 0.89102600
vt 0.44166700 0.99359000
vt 0.40833300 0.99359000
vt 0.40833300 0.94230800
vt 0.57500000 0.94230800
vt 0.57500000 0.86538500
vt 0.60833300 0.89102600
vt 0.53333300 0.52564100
vt 0.80000000 0.52564100
vt 0.80000000 0.53846200
vt 0.40833300 0.94230800
vt 0.14166700 0.94230800
vt 0.14166700 0.89102600
vt 0.40833300 0.99359000
vt 0.14166700 0.99359000
vt 0.14166700 0.94230800
vt 0.60833300 0.89102600
vt 0.87500000 0.89102600
vt 0.87500000 0.94230800
vt 0.53333300 0.58974400
vt 0.80000000 0.58974400
vt 0.80000000 0.60256400
vt 0.53333300 0.58974400
vt 0.53333300 0.57692300
vt 0.80000000 0.57692300
vt 0.80000000 0.45512800
vt 0.80000000 0.48717900
vt 0.78333300 0.48717900
vt 0.97500000 0.48717900
vt 0.97500000 0.45512800
vt 0.99166700 0.45512800
vt 0.80000000 0.23717900
vt 0.80000000 0.45512800
vt 0.78333300 0.45512800
vt 0.90833300 0.23717900
vt 0.90833300 0.45512800
vt 0.89166700 0.45512800
vt 0.35833300 0.51923100
vt 0.02500000 0.51923100
vt 0.02500000 0.50641000
vt 0.35833300 0.55128200
vt 0.02500000 0.55128200
vt 0.02500000 0.52564100
vt 0.02500000 0.55769200
vt 0.02500000 0.55128200
vt 0.35833300 0.55128200
vt 0.35833300 0.51923100
vt 0.35833300 0.52564100
vt 0.02500000 0.52564100
vt 0.95833300 0.23717900
vt 0.95833300 0.45512800
vt 0.92500000 0.45512800
vt 0.97500000 0.45512800
vt 0.95833300 0.45512800
vt 0.95833300 0.23717900
vt 0.90833300 0.23717900
vt 0.92500000 0.23717900
vt 0.92500000 0.45512800
vt 0.85000000 0.23717900
vt 0.85000000 0.45512800
vt 0.81666700 0.45512800
vt 0.80000000 0.23717900
vt 0.80000000 0.23076900
vt 0.81666700 0.23076900
vt 0.86666700 0.45512800
vt 0.85000000 0.45512800
vt 0.85000000 0.23717900
vt 0.80000000 0.23717900
vt 0.81666700 0.23717900
vt 0.81666700 0.45512800
vt 0.35833300 0.52564100
vt 0.37500000 0.52564100
vt 0.37500000 0.55128200
vt 0.02500000 0.55128200
vt 0.00833300 0.55128200
vt 0.00833300 0.52564100
vt 0.95833300 0.23717900
vt 0.95833300 0.23076900
vt 0.97500000 0.23076900
vt 0.92500000 0.23717900
vt 0.92500000 0.23076900
vt 0.95833300 0.23076900
vt 0.90833300 0.23717900
vt 0.90833300 0.23076900
vt 0.92500000 0.23076900
vt 0.85000000 0.23717900
vt 0.85000000 0.23076900
vt 0.86666700 0.23076900
vt 0.81666700 0.23717900
vt 0.81666700 0.23076900
vt 0.85000000 0.23076900
vt 0.43333300 0.55128200
vt 0.46666700 0.55128200
vt 0.46666700 0.57692300
vt 0.50000000 0.61538500
vt 0.48333300 0.61538500
vt 0.48333300 0.58974400
vt 0.50000000 0.51282100
vt 0.53333300 0.53846200
vt 0.48333300 0.53846200
vt 0.53333300 0.53846200
vt 0.53333300 0.55128200
vt 0.48333300 0.55128200
vt 0.86666700 0.55128200
vt 0.90000000 0.55128200
vt 0.90000000 0.57692300
vt 0.83333300 0.61538500
vt 0.80000000 0.58974400
vt 0.85000000 0.58974400
vt 0.83333300 0.51282100
vt 0.85000000 0.51282100
vt 0.85000000 0.53846200
vt 0.80000000 0.58974400
vt 0.80000000 0.57692300
vt 0.85000000 0.57692300
vt 0.53333300 0.55128200
vt 0.80000000 0.55128200
vt 0.80000000 0.57692300
vt 0.53333300 0.57692300
vt 0.48333300 0.57692300
vt 0.48333300 0.55128200
vt 0.80000000 0.55128200
vt 0.85000000 0.55128200
vt 0.85000000 0.57692300
vt 0.46666700 0.55128200
vt 0.48333300 0.55128200
vt 0.48333300 0.57692300
vt 0.85000000 0.53846200
vt 0.85000000 0.55128200
vt 0.80000000 0.55128200
vt 0.86666700 0.57692300
vt 0.85000000 0.57692300
vt 0.85000000 0.55128200
vt 0.80000000 0.53846200
vt 0.80000000 0.55128200
vt 0.53333300 0.55128200
vt 0.48333300 0.58974400
vt 0.48333300 0.57692300
vt 0.53333300 0.57692300
vn -1.00000000 0.00000000 0.00000000
vn -1.00000000 0.00000000 0.00000000
vn -1.00000000 0.00000000 0.00000000
vn -1.00000000 0.00000000 0.00000000
vn 0.00000000 0.00000000 -1.00000000
vn 0.00000000 0.00000000 -1.00000000
vn 0.00000000 0.00000000 -1.00000000
vn 0.00000000 0.00000000 -1.00000000
vn 1.00000000 0.00000000 0.00000000
vn 1.00000000 0.00000000 0.00000000
vn 1.00000000 0.00000000 0.00000000
vn 1.00000000 0.00000000 0.00000000
vn 0.00000000 0.00000000 1.00000000
vn 0.00000000 0.00000000 1.00000000
vn 0.00000000 0.00000000 1.00000000
vn 0.00000000 0.00000000 1.00000000
vn 0.00000000 -1.00000000 0.00000000
vn 0.00000000 -1.00000000 0.00000000
vn 0.00000000 -1.00000000 0.00000000
vn -1.00000000 0.00000000 0.00000000
vn -1.00000000 0.00000000 0.00000000
vn -1.00000000 0.00000000 0.00000000
vn 0.00000000 -0.70710000 -0.70710000
vn 0.00000000 -0.70710000 -0.70710000
vn 0.00000000 -0.70710000 -0.70710000
vn 1.00000000 0.00000000 0.00000000
vn 1.00000000 0.00000000 0.00000000
vn 1.00000000 0.00000000 0.00000000
vn 0.00000000 -0.70710000 0.70710000
vn 0.00000000 -0.70710000 0.70710000
vn 0.00000000 -0.70710000 0.70710000
vn 0.00000000 -1.00000000 0.00000000
vn 0.00000000 -1.00000000 0.00000000
vn 0.00000000 -1.00000000 0.00000000
vn -1.00000000 0.00000000 0.00000000
vn -1.00000000 0.00000000 0.00000000
vn -1.00000000 0.00000000 0.00000000
vn 0.00000000 -0.70710000 -0.70710000
vn 0.00000000 -0.70710000 -0.70710000
vn 0.00000000 -0.70710000 -0.70710000
vn 1.00000000 0.00000000 0.00000000
vn 1.00000000 0.00000000 0.00000000
vn 1.00000000 0.00000000 0.00000000
vn 0.00000000 -0.70710000 0.70710000
vn 0.00000000 -0.70710000 0.70710000
vn 0.00000000 -0.70710000 0.70710000
vn 0.00000000 -1.00000000 0.00000000
vn 0.00000000 -1.00000000 0.00000000
vn 0.00000000 -1.00000000 0.00000000
vn -1.00000000 0.00000000 0.00000000
vn -1.00000000 0.00000000 0.00000000
vn -1.00000000 0.00000000 0.00000000
vn 0.00000000 -0.70710000 -0.70710000
vn 0.00000000 -0.70710000 -0.70710000
vn 0.00000000 -0.70710000 -0.70710000
vn 1.00000000 0.00000000 0.00000000
vn 1.00000000 0.00000000 0.00000000
vn 1.00000000 0.00000000 0.00000000
vn 0.00000000 -0.70710000 0.70710000
vn 0.00000000 -0.70710000 0.70710000
vn 0.00000000 -0.70710000 0.70710000
vn 0.00000000 -1.00000000 0.00000000
vn 0.00000000 -1.00000000 0.00000000
vn 0.00000000 -1.00000000 0.00000000
vn -1.00000000 0.00000000 0.00000000
vn -1.00000000 0.00000000 0.00000000
vn -1.00000000 0.00000000 0.00000000
vn 0.00000000 -0.70710000 -0.70710000
vn 0.00000000 -0.70710000 -0.70710000
vn 0.00000000 -0.70710000 -0.70710000
vn 1.00000000 0.00000000 0.00000000
vn 1.00000000 0.00000000 0.00000000
vn 1.00000000 0.00000000 0.00000000
vn 0.00000000 -0.70710000 0.70710000
vn 0.00000000 -0.70710000 0.70710000
vn 0.00000000 -0.70710000 0.70710000
vn 0.00000000 -1.00000000 0.00000000
vn 0.00000000 -1.00000000 0.00000000
vn 0.00000000 -1.00000000 0.00000000
vn -1.00000000 0.00000000 0.00000000
vn -1.00000000 0.00000000 0.00000000
vn -1.00000000 0.00000000 0.00000000
vn 0.00000000 -0.70710000 -0.70710000
vn 0.00000000 -0.70710000 -0.70710000
vn 0.00000000 -0.70710000 -0.70710000
vn 1.00000000 0.00000000 0.00000000
vn 1.00000000 0.00000000 0.00000000
vn 1.00000000 0.00000000 0.00000000
vn 0.00000000 -0.70710000 0.70710000
vn 0.00000000 -0.70710000 0.70710000
vn 0.00000000 -0.70710000 0.70710000
vn 0.00000000 -1.00000000 0.00000000
vn 0.00000000 -1.00000000 0.00000000
vn 0.00000000 -1.00000000 0.00000000
vn 1.00000000 0.00000000 0.00000000
vn 1.00000000 0.00000000 0.00000000
vn 1.00000000 0.00000000 0.00000000
vn 0.00000000 0.00000000 1.00000000
vn 0.00000000 0.00000000 1.00000000
vn 0.00000000 0.00000000 1.00000000
vn 0.00000000 0.00000000 -1.00000000
vn 0.00000000 0.00000000 -1.00000000
vn 0.00000000 0.00000000 -1.00000000
vn 0.00000000 -1.00000000 0.00000000
vn 0.00000000 -1.00000000 0.00000000
vn 0.00000000 -1.00000000 0.00000000
vn 0.00000000 1.00000000 0.00000000
vn 0.00000000 1.00000000 0.00000000
vn 0.00000000 1.00000000 0.00000000
vn 0.00000000 -0.70710000 0.70710000
vn 0.00000000 -0.70710678 0.70710678
vn 0.00000000 -0.70710678 0.70710678
vn 0.00000000 -0.70710000 0.70710000
vn 0.00000000 -0.70710678 -0.70710678
vn 0.00000000 -0.70710000 -0.70710000
vn 0.00000000 -0.70710678 -0.70710678
vn 0.00000000 -1.00000000 0.00000000
vn 0.00000000 -1.00000000 0.00000000
vn 0.00000000 -1.00000000 0.00000000
vn 1.00000000 0.00000000 0.00000000
vn 1.00000000 0.00000000 0.00000000
vn 1.00000000 0.00000000 0.00000000
vn 1.00000000 0.00000000 0.00000000
vn 1.00000000 0.00000000 0.00000000
vn 1.00000000 0.00000000 0.00000000
vn 1.00000000 0.00000000 0.00000000
vn 1.00000000 0.00000000 0.00000000
vn 1.00000000 0.00000000 0.00000000
vn 1.00000000 0.00000000 0.00000000
vn 0.00000000 1.00000000 0.00000000
vn 0.00000000 1.00000000 0.00000000
vn 0.00000000 1.00000000 0.00000000
vn 0.00000000 0.70710678 0.70710678
vn 0.00000000 0.70710678 0.70710678
vn 0.00000000 0.70710000 0.70710000
vn 0.00000000 0.70710000 0.70710000
vn 0.00000000 0.70710678 -0.70710678
vn 0.00000000 0.70710000 -0.70710000
vn 0.00000000 0.70710678 -0.70710678
vn 1.00000000 0.00000000 0.00000000
vn 1.00000000 0.00000000 0.00000000
vn 1.00000000 0.00000000 0.00000000
vn 0.00000000 -0.73490000 0.67820000
vn 0.00000000 -0.73490000 0.67820000
vn 0.00000000 -0.73490000 0.67820000
vn 0.00000000 0.73490000 -0.67820000
vn 0.00000000 0.73490000 -0.67820000
vn 0.00000000 0.73490000 -0.67820000
vn 1.00000000 0.00000000 0.00000000
vn 1.00000000 0.00000000 0.00000000
vn 1.00000000 0.00000000 0.00000000
vn 0.00000000 -0.73490000 -0.67820000
vn 0.00000000 -0.73490000 -0.67820000
vn 0.00000000 -0.73490000 -0.67820000
vn 0.00000000 0.73490000 0.67820000
vn 0.00000000 0.73490000 0.67820000
vn 0.00000000 0.73490000 0.67820000
vn 1.00000000 0.00000000 0.00000000
vn 1.00000000 0.00000000 0.00000000
vn 1.00000000 0.00000000 0.00000000
vn 1.00000000 0.00000000 0.00000000
vn 0.00000000 0.00000000 1.00000000
vn 0.00000000 0.00000000 1.00000000
vn 0.00000000 0.00000000 1.00000000
vn 0.00000000 0.00000000 1.00000000
vn 0.00000000 0.00000000 -1.00000000
vn 0.00000000 0.00000000 -1.00000000
vn 0.00000000 0.00000000 -1.00000000
vn 0.00000000 0.00000000 -1.00000000
vn 0.00000000 -1.00000000 0.00000000
vn 0.00000000 -1.00000000 0.00000000
vn 0.00000000 -1.00000000 0.00000000
vn 0.00000000 -1.00000000 0.00000000
vn 0.00000000 -1.00000000 0.00000000
vn 0.00000000 -1.00000000 0.00000000
vn 1.00000000 0.00000000 0.00000000
vn 1.00000000 0.00000000 0.00000000
vn 1.00000000 0.00000000 0.00000000
vn 1.00000000 0.00000000 0.00000000
vn 0.00000000 0.00000000 1.00000000
vn 0.00000000 0.00000000 1.00000000
vn 0.00000000 0.00000000 1.00000000
vn 0.00000000 0.00000000 -1.00000000
vn 0.00000000 0.00000000 -1.00000000
vn 0.00000000 0.00000000 -1.00000000
vn 1.00000000 0.00000000 0.00000000
vn 1.00000000 0.00000000 0.00000000
vn 1.00000000 0.00000000 0.00000000
vn 0.00000000 0.00000000 1.00000000
vn 0.00000000 0.00000000 1.00000000
vn 0.00000000 0.00000000 1.00000000
vn 0.00000000 0.00000000 -1.00000000
vn 0.00000000 0.00000000 -1.00000000
vn 0.00000000 0.00000000 -1.00000000
vn 1.00000000 0.00000000 0.00000000
vn 1.00000000 0.00000000 0.00000000
vn 1.00000000 0.00000000 0.00000000
vn 0.00000000 0.00000000 -1.00000000
vn 0.00000000 0.00000000 -1.00000000
vn 0.00000000 0.00000000 -1.00000000
vn 0.00000000 0.00000000 1.00000000
vn 0.00000000 0.00000000 1.00000000
vn 0.00000000 0.00000000 1.00000000
vn 1.00000000 0.00000000 0.00000000
vn 1.00000000 0.00000000 0.00000000
vn 1.00000000 0.00000000 0.00000000
vn 0.00000000 0.00000000 -1.00000000
vn 0.00000000 0.00000000 -1.00000000
vn 0.00000000 0.00000000 -1.00000000
vn 0.00000000 0.00000000 1.00000000
vn 0.00000000 0.00000000 1.00000000
vn 0.00000000 0.00000000 1.00000000
vn 1.00000000 0.00000000 0.00000000
vn 1.00000000 0.00000000 0.00000000
vn 1.00000000 0.00000000 0.00000000
vn 1.00000000 0.00000000 0.00000000
vn 1.00000000 0.00000000 0.00000000
vn 1.00000000 0.00000000 0.00000000
vn 0.00000000 0.00000000 1.00000000
vn 0.00000000 0.00000000 1.00000000
vn 0.00000000 0.00000000 1.00000000
vn 0.00000000 0.00000000 -1.00000000
vn 0.00000000 0.00000000 -1.00000000
vn 0.00000000 0.00000000 -1.00000000
vn 0.00000000 -1.00000000 0.00000000
vn 0.00000000 -1.00000000 0.00000000
vn 0.00000000 -1.00000000 0.00000000
vn 0.00000000 1.00000000 0.00000000
vn 0.00000000 1.00000000 0.00000000
vn 0.00000000 1.00000000 0.00000000
vn -1.00000000 0.00000000 0.00000000
vn -1.00000000 0.00000000 0.00000000
vn -1.00000000 0.00000000 0.00000000
vn 0.00000000 0.00000000 -1.00000000
vn 0.00000000 0.00000000 -1.00000000
vn 0.00000000 0.00000000 -1.00000000
vn 0.00000000 0.00000000 1.00000000
vn 0.00000000 0.00000000 1.00000000
vn 0.00000000 0.00000000 1.00000000
vn 0.00000000 -1.00000000 0.00000000
vn 0.00000000 -1.00000000 0.00000000
vn 0.00000000 -1.00000000 0.00000000
vn 0.00000000 1.00000000 0.00000000
vn 0.00000000 1.00000000 0.00000000
vn 0.00000000 1.00000000 0.00000000
vn 0.00000000 -0.70710000 -0.70710000
vn 0.00000000 -0.70710678 -0.70710678
vn 0.00000000 -0.70710678 -0.70710678
vn 0.00000000 -0.70710000 -0.70710000
vn 0.00000000 -0.70710000 0.70710000
vn 0.00000000 -0.70710678 0.70710678
vn 0.00000000 -0.70710678 0.70710678
vn 0.00000000 -0.70710000 0.70710000
vn 0.00000000 -1.00000000 0.00000000
vn 0.00000000 -1.00000000 0.00000000
vn 0.00000000 -1.00000000 0.00000000
vn -1.00000000 0.00000000 0.00000000
vn -1.00000000 0.00000000 0.00000000
vn -1.00000000 0.00000000 0.00000000
vn -1.00000000 0.00000000 0.00000000
vn -1.00000000 0.00000000 0.00000000
vn -1.00000000 0.00000000 0.00000000
vn -1.00000000 0.00000000 0.00000000
vn -1.00000000 0.00000000 0.00000000
vn -1.00000000 0.00000000 0.00000000
vn -1.00000000 0.00000000 0.00000000
vn 0.00000000 1.00000000 0.00000000
vn 0.00000000 1.00000000 0.00000000
vn 0.00000000 1.00000000 0.00000000
vn 0.00000000 0.70710678 -0.70710678
vn 0.00000000 0.70710678 -0.70710678
vn 0.00000000 0.70710000 -0.70710000
vn 0.00000000 0.70710000 -0.70710000
vn 0.00000000 0.70710678 0.70710678
vn 0.00000000 0.70710000 0.70710000
vn 0.00000000 0.70710678 0.70710678
vn -1.00000000 0.00000000 0.00000000
vn -1.00000000 0.00000000 0.00000000
vn -1.00000000 0.00000000 0.00000000
vn 0.00000000 -0.73490000 -0.67820000
vn 0.00000000 -0.73490000 -0.67820000
vn 0.00000000 -0.73490000 -0.67820000
vn 0.00000000 0.73490000 0.67820000
vn 0.00000000 0.73490000 0.67820000
vn 0.00000000 0.73490000 0.67820000
vn -1.00000000 0.00000000 0.00000000
vn -1.00000000 0.00000000 0.00000000
vn -1.00000000 0.00000000 0.00000000
vn 0.00000000 -0.73490000 0.67820000
vn 0.00000000 -0.73490000 0.67820000
vn 0.00000000 -0.73490000 0.67820000
vn 0.00000000 0.73490000 -0.67820000
vn 0.00000000 0.73490000 -0.67820000
vn 0.00000000 0.73490000 -0.67820000
vn -1.00000000 0.00000000 0.00000000
vn -1.00000000 0.00000000 0.00000000
vn -1.00000000 0.00000000 0.00000000
vn -1.00000000 0.00000000 0.00000000
vn 0.00000000 0.00000000 -1.00000000
vn 0.00000000 0.00000000 -1.00000000
vn 0.00000000 0.00000000 -1.00000000
vn 0.00000000 0.00000000 -1.00000000
vn 0.00000000 0.00000000 1.00000000
vn 0.00000000 0.00000000 1.00000000
vn 0.00000000 0.00000000 1.00000000
vn 0.00000000 0.00000000 1.00000000
vn 0.00000000 -1.00000000 0.00000000
vn 0.00000000 -1.00000000 0.00000000
vn 0.00000000 -1.00000000 0.00000000
vn 0.00000000 -1.00000000 0.00000000
vn 0.00000000 -1.00000000 0.00000000
vn 0.00000000 -1.00000000 0.00000000
vn -1.00000000 0.00000000 0.00000000
vn -1.00000000 0.00000000 0.00000000
vn -1.00000000 0.00000000 0.00000000
vn -1.00000000 0.00000000 0.00000000
vn 0.00000000 0.00000000 -1.00000000
vn 0.00000000 0.00000000 -1.00000000
vn 0.00000000 0.00000000 -1.00000000
vn 0.00000000 0.00000000 1.00000000
vn 0.00000000 0.00000000 1.00000000
vn 0.00000000 0.00000000 1.00000000
vn -1.00000000 0.00000000 0.00000000
vn -1.00000000 0.00000000 0.00000000
vn -1.00000000 0.00000000 0.00000000
vn 0.00000000 0.00000000 -1.00000000
vn 0.00000000 0.00000000 -1.00000000
vn 0.00000000 0.00000000 -1.00000000
vn 0.00000000 0.00000000 1.00000000
vn 0.00000000 0.00000000 1.00000000
vn 0.00000000 0.00000000 1.00000000
vn -1.00000000 0.00000000 0.00000000
vn -1.00000000 0.00000000 0.00000000
vn -1.00000000 0.00000000 0.00000000
vn 0.00000000 0.00000000 1.00000000
vn 0.00000000 0.00000000 1.00000000
vn 0.00000000 0.00000000 1.00000000
vn 0.00000000 0.00000000 -1.00000000
vn 0.00000000 0.00000000 -1.00000000
vn 0.00000000 0.00000000 -1.00000000
vn -1.00000000 0.00000000 0.00000000
vn -1.00000000 0.00000000 0.00000000
vn -1.00000000 0.00000000 0.00000000
vn 0.00000000 0.00000000 1.00000000
vn 0.00000000 0.00000000 1.00000000
vn 0.00000000 0.00000000 1.00000000
vn 0.00000000 0.00000000 -1.00000000
vn 0.00000000 0.00000000 -1.00000000
vn 0.00000000 0.00000000 -1.00000000
vn -1.00000000 0.00000000 0.00000000
vn -1.00000000 0.00000000 0.00000000
vn -1.00000000 0.00000000 0.00000000
vn -1.00000000 0.00000000 0.00000000
vn -1.00000000 0.00000000 0.00000000
vn -1.00000000 0.00000000 0.00000000
vn 0.00000000 0.00000000 -1.00000000
vn 0.00000000 0.00000000 -1.00000000
vn 0.00000000 0.00000000 -1.00000000
vn 0.00000000 0.00000000 1.00000000
vn 0.00000000 0.00000000 1.00000000
vn 0.00000000 0.00000000 1.00000000
vn 0.00000000 -1.00000000 0.00000000
vn 0.00000000 -1.00000000 0.00000000
vn 0.00000000 -1.00000000 0.00000000
vn 0.00000000 1.00000000 0.00000000
vn 0.00000000 1.00000000 0.00000000
vn 0.00000000 1.00000000 0.00000000
vn -1.00000000 0.00000000 0.00000000
vn -1.00000000 0.00000000 0.00000000
vn -1.00000000 0.00000000 0.00000000
vn 0.00000000 0.00000000 -1.00000000
vn 0.00000000 0.00000000 -1.00000000
vn 0.00000000 0.00000000 -1.00000000
vn 1.00000000 0.00000000 0.00000000
vn 1.00000000 0.00000000 0.00000000
vn 1.00000000 0.00000000 0.00000000
vn 0.00000000 0.00000000 1.00000000
vn 0.00000000 0.00000000 1.00000000
vn 0.00000000 0.00000000 1.00000000
vn 0.00000000 -1.00000000 0.00000000
vn 0.00000000 -1.00000000 0.00000000
vn 0.00000000 -1.00000000 0.00000000
vn -1.00000000 0.00000000 0.00000000
vn -1.00000000 0.00000000 0.00000000
vn -1.00000000 0.00000000 0.00000000
vn 0.00000000 -0.70710000 -0.70710000
vn 0.00000000 -0.70710000 -0.70710000
vn 0.00000000 -0.70710000 -0.70710000
vn 1.00000000 0.00000000 0.00000000
vn 1.00000000 0.00000000 0.00000000
vn 1.00000000 0.00000000 0.00000000
vn 0.00000000 -0.70710000 0.70710000
vn 0.00000000 -0.70710000 0.70710000
vn 0.00000000 -0.70710000 0.70710000
vn 0.00000000 -1.00000000 0.00000000
vn 0.00000000 -1.00000000 0.00000000
vn 0.00000000 -1.00000000 0.00000000
vn -1.00000000 0.00000000 0.00000000
vn -1.00000000 0.00000000 0.00000000
vn -1.00000000 0.00000000 0.00000000
vn 0.00000000 -0.70710000 -0.70710000
vn 0.00000000 -0.70710000 -0.70710000
vn 0.00000000 -0.70710000 -0.70710000
vn 1.00000000 0.00000000 0.00000000
vn 1.00000000 0.00000000 0.00000000
vn 1.00000000 0.00000000 0.00000000
vn 0.00000000 -0.70710000 0.70710000
vn 0.00000000 -0.70710000 0.70710000
vn 0.00000000 -0.70710000 0.70710000
vn 0.00000000 -1.00000000 0.00000000
vn 0.00000000 -1.00000000 0.00000000
vn 0.00000000 -1.00000000 0.00000000
vn -1.00000000 0.00000000 0.00000000
vn -1.00000000 0.00000000 0.00000000
vn -1.00000000 0.00000000 0.00000000
vn 0.00000000 -0.70710000 -0.70710000
vn 0.00000000 -0.70710000 -0.70710000
vn 0.00000000 -0.70710000 -0.70710000
vn 1.00000000 0.00000000 0.00000000
vn 1.00000000 0.00000000 0.00000000
vn 1.00000000 0.00000000 0.00000000
vn 0.00000000 -0.70710000 0.70710000
vn 0.00000000 -0.70710000 0.70710000
vn 0.00000000 -0.70710000 0.70710000
vn 0.00000000 -1.00000000 0.00000000
vn 0.00000000 -1.00000000 0.00000000
vn 0.00000000 -1.00000000 0.00000000
vn -1.00000000 0.00000000 0.00000000
vn -1.00000000 0.00000000 0.00000000
vn -1.00000000 0.00000000 0.00000000
vn 0.00000000 -0.70710000 -0.70710000
vn 0.00000000 -0.70710000 -0.70710000
vn 0.00000000 -0.70710000 -0.70710000
vn 1.00000000 0.00000000 0.00000000
vn 1.00000000 0.00000000 0.00000000
vn 1.00000000 0.00000000 0.00000000
vn 0.00000000 -0.70710000 0.70710000
vn 0.00000000 -0.70710000 0.70710000
vn 0.00000000 -0.70710000 0.70710000
vn 0.00000000 -1.00000000 0.00000000
vn 0.00000000 -1.00000000 0.00000000
vn 0.00000000 -1.00000000 0.00000000
vn -1.00000000 0.00000000 0.00000000
vn -1.00000000 0.00000000 0.00000000
vn -1.00000000 0.00000000 0.00000000
vn 0.00000000 -0.70710000 -0.70710000
vn 0.00000000 -0.70710000 -0.70710000
vn 0.00000000 -0.70710000 -0.70710000
vn 1.00000000 0.00000000 0.00000000
vn 1.00000000 0.00000000 0.00000000
vn 1.00000000 0.00000000 0.00000000
vn 0.00000000 -0.70710000 0.70710000
vn 0.00000000 -0.70710000 0.70710000
vn 0.00000000 -0.70710000 0.70710000
vn 0.00000000 -1.00000000 0.00000000
vn 0.00000000 -1.00000000 0.00000000
vn 0.00000000 -1.00000000 0.00000000
vn 1.00000000 0.00000000 0.00000000
vn 1.00000000 0.00000000 0.00000000
vn 1.00000000 0.00000000 0.00000000
vn 0.00000000 0.00000000 1.00000000
vn 0.00000000 0.00000000 1.00000000
vn 0.00000000 0.00000000 1.00000000
vn 0.00000000 0.00000000 -1.00000000
vn 0.00000000 0.00000000 -1.00000000
vn 0.00000000 0.00000000 -1.00000000
vn 0.00000000 -1.00000000 0.00000000
vn 0.00000000 -1.00000000 0.00000000
vn 0.00000000 -1.00000000 0.00000000
vn 0.00000000 1.00000000 0.00000000
vn 0.00000000 1.00000000 0.00000000
vn 0.00000000 1.00000000 0.00000000
vn 0.00000000 -0.70710678 0.70710678
vn 0.00000000 -0.70710000 0.70710000
vn 0.00000000 -0.70710678 0.70710678
vn 0.00000000 -0.70710678 -0.70710678
vn 0.00000000 -0.70710000 -0.70710000
vn 0.00000000 -0.70710000 -0.70710000
vn 0.00000000 -0.70710678 -0.70710678
vn 0.00000000 -1.00000000 0.00000000
vn 0.00000000 -1.00000000 0.00000000
vn 0.00000000 -1.00000000 0.00000000
vn 1.00000000 0.00000000 0.00000000
vn 1.00000000 0.00000000 0.00000000
vn 1.00000000 0.00000000 0.00000000
vn 1.00000000 0.00000000 0.00000000
vn 1.00000000 0.00000000 0.00000000
vn 1.00000000 0.00000000 0.00000000
vn 1.00000000 0.00000000 0.00000000
vn 1.00000000 0.00000000 0.00000000
vn 1.00000000 0.00000000 0.00000000
vn 1.00000000 0.00000000 0.00000000
vn 0.00000000 1.00000000 0.00000000
vn 0.00000000 1.00000000 0.00000000
vn 0.00000000 1.00000000 0.00000000
vn 0.00000000 0.70710678 0.70710678
vn 0.00000000 0.70710678 0.70710678
vn 0.00000000 0.70710000 0.70710000
vn 0.00000000 0.70710678 -0.70710678
vn 0.00000000 0.70710000 -0.70710000
vn 0.00000000 0.70710000 -0.70710000
vn 0.00000000 0.70710678 -0.70710678
vn 1.00000000 0.00000000 0.00000000
vn 1.00000000 0.00000000 0.00000000
vn 1.00000000 0.00000000 0.00000000
vn 0.00000000 -0.73490000 0.67820000
vn 0.00000000 -0.73490000 0.67820000
vn 0.00000000 -0.73490000 0.67820000
vn 0.00000000 0.73490000 -0.67820000
vn 0.00000000 0.73490000 -0.67820000
vn 0.00000000 0.73490000 -0.67820000
vn 1.00000000 0.00000000 0.00000000
vn 1.00000000 0.00000000 0.00000000
vn 1.00000000 0.00000000 0.00000000
vn 0.00000000 -0.73490000 -0.67820000
vn 0.00000000 -0.73490000 -0.67820000
vn 0.00000000 -0.73490000 -0.67820000
vn 0.00000000 0.73490000 0.67820000
vn 0.00000000 0.73490000 0.67820000
vn 0.00000000 0.73490000 0.67820000
vn 1.00000000 0.00000000 0.00000000
vn 1.00000000 0.00000000 0.00000000
vn 1.00000000 0.00000000 0.00000000
vn 0.00000000 0.00000000 1.00000000
vn 0.00000000 0.00000000 1.00000000
vn 0.00000000 0.00000000 1.00000000
vn 0.00000000 0.00000000 -1.00000000
vn 0.00000000 0.00000000 -1.00000000
vn 0.00000000 0.00000000 -1.00000000
vn 0.00000000 -1.00000000 0.00000000
vn 0.00000000 -1.00000000 0.00000000
vn 0.00000000 -1.00000000 0.00000000
vn 0.00000000 -1.00000000 0.00000000
vn 0.00000000 -1.00000000 0.00000000
vn 0.00000000 -1.00000000 0.00000000
vn 1.00000000 0.00000000 0.00000000
vn 1.00000000 0.00000000 0.00000000
vn 1.00000000 0.00000000 0.00000000
vn 0.00000000 0.00000000 1.00000000
vn 0.00000000 0.00000000 1.00000000
vn 0.00000000 0.00000000 1.00000000
vn 0.00000000 0.00000000 -1.00000000
vn 0.00000000 0.00000000 -1.00000000
vn 0.00000000 0.00000000 -1.00000000
vn 1.00000000 0.00000000 0.00000000
vn 1.00000000 0.00000000 0.00000000
vn 1.00000000 0.00000000 0.00000000
vn 0.00000000 0.00000000 1.00000000
vn 0.00000000 0.00000000 1.00000000
vn 0.00000000 0.00000000 1.00000000
vn 0.00000000 0.00000000 -1.00000000
vn 0.00000000 0.00000000 -1.00000000
vn 0.00000000 0.00000000 -1.00000000
vn 1.00000000 0.00000000 0.00000000
vn 1.00000000 0.00000000 0.00000000
vn 1.00000000 0.00000000 0.00000000
vn 0.00000000 0.00000000 -1.00000000
vn 0.00000000 0.00000000 -1.00000000
vn 0.00000000 0.00000000 -1.00000000
vn 0.00000000 0.00000000 1.00000000
vn 0.00000000 0.00000000 1.00000000
vn 0.00000000 0.00000000 1.00000000
vn 1.00000000 0.00000000 0.00000000
vn 1.00000000 0.00000000 0.00000000
vn 1.00000000 0.00000000 0.00000000
vn 0.00000000 0.00000000 -1.00000000
vn 0.00000000 0.00000000 -1.00000000
vn 0.00000000 0.00000000 -1.00000000
vn 0.00000000 0.00000000 1.00000000
vn 0.00000000 0.00000000 1.00000000
vn 0.00000000 0.00000000 1.00000000
vn 1.00000000 0.00000000 0.00000000
vn 1.00000000 0.00000000 0.00000000
vn 1.00000000 0.00000000 0.00000000
vn 1.00000000 0.00000000 0.00000000
vn 1.00000000 0.00000000 0.00000000
vn 1.00000000 0.00000000 0.00000000
vn 0.00000000 0.00000000 1.00000000
vn 0.00000000 0.00000000 1.00000000
vn 0.00000000 0.00000000 1.00000000
vn 0.00000000 0.00000000 -1.00000000
vn 0.00000000 0.00000000 -1.00000000
vn 0.00000000 0.00000000 -1.00000000
vn 0.00000000 -1.00000000 0.00000000
vn 0.00000000 -1.00000000 0.00000000
vn 0.00000000 -1.00000000 0.00000000
vn 0.00000000 1.00000000 0.00000000
vn 0.00000000 1.00000000 0.00000000
vn 0.00000000 1.00000000 0.00000000
vn -1.00000000 0.00000000 0.00000000
vn -1.00000000 0.00000000 0.00000000
vn -1.00000000 0.00000000 0.00000000
vn 0.00000000 0.00000000 -1.00000000
vn 0.00000000 0.00000000 -1.00000000
vn 0.00000000 0.00000000 -1.00000000
vn 0.00000000 0.00000000 1.00000000
vn 0.00000000 0.00000000 1.00000000
vn 0.00000000 0.00000000 1.00000000
vn 0.00000000 -1.00000000 0.00000000
vn 0.00000000 -1.00000000 0.00000000
vn 0.00000000 -1.00000000 0.00000000
vn 0.00000000 1.00000000 0.00000000
vn 0.00000000 1.00000000 0.00000000
vn 0.00000000 1.00000000 0.00000000
vn 0.00000000 -0.70710678 -0.70710678
vn 0.00000000 -0.70710000 -0.70710000
vn 0.00000000 -0.70710678 -0.70710678
vn 0.00000000 -0.70710678 0.70710678
vn 0.00000000 -0.70710000 0.70710000
vn 0.00000000 -0.70710678 0.70710678
vn 0.00000000 -1.00000000 0.00000000
vn 0.00000000 -1.00000000 0.00000000
vn 0.00000000 -1.00000000 0.00000000
vn -1.00000000 0.00000000 0.00000000
vn -1.00000000 0.00000000 0.00000000
vn -1.00000000 0.00000000 0.00000000
vn -1.00000000 0.00000000 0.00000000
vn -1.00000000 0.00000000 0.00000000
vn -1.00000000 0.00000000 0.00000000
vn -1.00000000 0.00000000 0.00000000
vn -1.00000000 0.00000000 0.00000000
vn -1.00000000 0.00000000 0.00000000
vn -1.00000000 0.00000000 0.00000000
vn 0.00000000 1.00000000 0.00000000
vn 0.00000000 1.00000000 0.00000000
vn 0.00000000 1.00000000 0.00000000
vn 0.00000000 0.70710678 -0.70710678
vn 0.00000000 0.70710678 -0.70710678
vn 0.00000000 0.70710000 -0.70710000
vn 0.00000000 0.70710678 0.70710678
vn 0.00000000 0.70710000 0.70710000
vn 0.00000000 0.70710000 0.70710000
vn 0.00000000 0.70710678 0.70710678
vn -1.00000000 0.00000000 0.00000000
vn -1.00000000 0.00000000 0.00000000
vn -1.00000000 0.00000000 0.00000000
vn 0.00000000 -0.73490000 -0.67820000
vn 0.00000000 -0.73490000 -0.67820000
vn 0.00000000 -0.73490000 -0.67820000
vn 0.00000000 0.73490000 0.67820000
vn 0.00000000 0.73490000 0.67820000
vn 0.00000000 0.73490000 0.67820000
vn -1.00000000 0.00000000 0.00000000
vn -1.00000000 0.00000000 0.00000000
vn -1.00000000 0.00000000 0.00000000
vn 0.00000000 -0.73490000 0.67820000
vn 0.00000000 -0.73490000 0.67820000
vn 0.00000000 -0.73490000 0.67820000
vn 0.00000000 0.73490000 -0.67820000
vn 0.00000000 0.73490000 -0.67820000
vn 0.00000000 0.73490000 -0.67820000
vn -1.00000000 0.00000000 0.00000000
vn -1.00000000 0.00000000 0.00000000
vn -1.00000000 0.00000000 0.00000000
vn 0.00000000 0.00000000 -1.00000000
vn 0.00000000 0.00000000 -1.00000000
vn 0.00000000 0.00000000 -1.00000000
vn 0.00000000 0.00000000 1.00000000
vn 0.00000000 0.00000000 1.00000000
vn 0.00000000 0.00000000 1.00000000
vn 0.00000000 -1.00000000 0.00000000
vn 0.00000000 -1.00000000 0.00000000
vn 0.00000000 -1.00000000 0.00000000
vn 0.00000000 -1.00000000 0.00000000
vn 0.00000000 -1.00000000 0.00000000
vn 0.00000000 -1.00000000 0.00000000
vn -1.00000000 0.00000000 0.00000000
vn -1.00000000 0.00000000 0.00000000
vn -1.00000000 0.00000000 0.00000000
vn 0.00000000 0.00000000 -1.00000000
vn 0.00000000 0.00000000 -1.00000000
vn 0.00000000 0.00000000 -1.00000000
vn 0.00000000 0.00000000 1.00000000
vn 0.00000000 0.00000000 1.00000000
vn 0.00000000 0.00000000 1.00000000
vn -1.00000000 0.00000000 0.00000000
vn -1.00000000 0.00000000 0.00000000
vn -1.00000000 0.00000000 0.00000000
vn 0.00000000 0.00000000 -1.00000000
vn 0.00000000 0.00000000 -1.00000000
vn 0.00000000 0.00000000 -1.00000000
vn 0.00000000 0.00000000 1.00000000
vn 0.00000000 0.00000000 1.00000000
vn 0.00000000 0.00000000 1.00000000
vn -1.00000000 0.00000000 0.00000000
vn -1.00000000 0.00000000 0.00000000
vn -1.00000000 0.00000000 0.00000000
vn 0.00000000 0.00000000 1.00000000
vn 0.00000000 0.00000000 1.00000000
vn 0.00000000 0.00000000 1.00000000
vn 0.00000000 0.00000000 -1.00000000
vn 0.00000000 0.00000000 -1.00000000
vn 0.00000000 0.00000000 -1.00000000
vn -1.00000000 0.00000000 0.00000000
vn -1.00000000 0.00000000 0.00000000
vn -1.00000000 0.00000000 0.00000000
vn 0.00000000 0.00000000 1.00000000
vn 0.00000000 0.00000000 1.00000000
vn 0.00000000 0.00000000 1.00000000
vn 0.00000000 0.00000000 -1.00000000
vn 0.00000000 0.00000000 -1.00000000
vn 0.00000000 0.00000000 -1.00000000
vn -1.00000000 0.00000000 0.00000000
vn -1.00000000 0.00000000 0.00000000
vn -1.00000000 0.00000000 0.00000000
vn -1.00000000 0.00000000 0.00000000
vn -1.00000000 0.00000000 0.00000000
vn -1.00000000 0.00000000 0.00000000
vn 0.00000000 0.00000000 -1.00000000
vn 0.00000000 0.00000000 -1.00000000
vn 0.00000000 0.00000000 -1.00000000
vn 0.00000000 0.00000000 1.00000000
vn 0.00000000 0.00000000 1.00000000
vn 0.00000000 0.00000000 1.00000000
vn 0.00000000 -1.00000000 0.00000000
vn 0.00000000 -1.00000000 0.00000000
vn 0.00000000 -1.00000000 0.00000000
vn 0.00000000 1.00000000 0.00000000
vn 0.00000000 1.00000000 0.00000000
vn 0.00000000 1.00000000 0.00000000
vn -1.00000000 0.00000000 0.00000000
vn -1.00000000 0.00000000 0.00000000
vn -1.00000000 0.00000000 0.00000000
vn -1.00000000 0.00000000 0.00000000
vn -1.00000000 0.00000000 0.00000000
vn -1.00000000 0.00000000 0.00000000
vn 1.00000000 0.00000000 0.00000000
vn 1.00000000 0.00000000 0.00000000
vn 1.00000000 0.00000000 0.00000000
vn -1.00000000 0.00000000 0.00000000
vn -1.00000000 0.00000000 0.00000000
vn -1.00000000 0.00000000 0.00000000
vn 0.00000000 -1.00000000 0.00000000
vn 0.00000000 -1.00000000 0.00000000
vn 0.00000000 -1.00000000 0.00000000
vn 0.00000000 1.00000000 0.00000000
vn 0.00000000 1.00000000 0.00000000
vn 0.00000000 1.00000000 0.00000000
vn 0.00000000 0.00000000 1.00000000
vn 0.00000000 0.00000000 1.00000000
vn 0.00000000 0.00000000 1.00000000
vn 0.00000000 -1.00000000 0.00000000
vn 0.00000000 -1.00000000 0.00000000
vn 0.00000000 -1.00000000 0.00000000
vn 0.00000000 0.00000000 1.00000000
vn 0.00000000 0.00000000 1.00000000
vn 0.00000000 0.00000000 1.00000000
vn 1.00000000 0.00000000 0.00000000
vn 1.00000000 0.00000000 0.00000000
vn 1.00000000 0.00000000 0.00000000
vn 0.00000000 0.00000000 -1.00000000
vn 0.00000000 0.00000000 -1.00000000
vn 0.00000000 0.00000000 -1.00000000
vn -1.00000000 0.00000000 0.00000000
vn -1.00000000 0.00000000 0.00000000
vn -1.00000000 0.00000000 0.00000000
vn 1.00000000 0.00000000 0.00000000
vn 1.00000000 0.00000000 0.00000000
vn 1.00000000 0.00000000 0.00000000
vn 0.00000000 -1.00000000 0.00000000
vn 0.00000000 -1.00000000 0.00000000
vn 0.00000000 -1.00000000 0.00000000
vn 1.00000000 0.00000000 0.00000000
vn 1.00000000 0.00000000 0.00000000
vn 1.00000000 0.00000000 0.00000000
vn 1.00000000 0.00000000 0.00000000
vn 1.00000000 0.00000000 0.00000000
vn 1.00000000 0.00000000 0.00000000
vn 1.00000000 0.00000000 0.00000000
vn 1.00000000 0.00000000 0.00000000
vn 1.00000000 0.00000000 0.00000000
vn -1.00000000 0.00000000 0.00000000
vn -1.00000000 0.00000000 0.00000000
vn -1.00000000 0.00000000 0.00000000
vn 0.00000000 0.00000000 1.00000000
vn 0.00000000 0.00000000 1.00000000
vn 0.00000000 0.00000000 1.00000000
vn 1.00000000 0.00000000 0.00000000
vn 1.00000000 0.00000000 0.00000000
vn 1.00000000 0.00000000 0.00000000
vn 0.00000000 0.00000000 -1.00000000
vn 0.00000000 0.00000000 -1.00000000
vn 0.00000000 0.00000000 -1.00000000
vn 0.00000000 0.00000000 -1.00000000
vn 0.00000000 0.00000000 -1.00000000
vn 0.00000000 0.00000000 -1.00000000
vn 0.00000000 1.00000000 0.00000000
vn 0.00000000 1.00000000 0.00000000
vn 0.00000000 1.00000000 0.00000000
vn 0.00000000 1.00000000 0.00000000
vn 0.00000000 1.00000000 0.00000000
vn 0.00000000 1.00000000 0.00000000
vn 0.00000000 0.00000000 1.00000000
vn 0.00000000 0.00000000 1.00000000
vn 0.00000000 0.00000000 1.00000000
vn 1.00000000 0.00000000 0.00000000
vn 1.00000000 0.00000000 0.00000000
vn 1.00000000 0.00000000 0.00000000
vn -1.00000000 0.00000000 0.00000000
vn -1.00000000 0.00000000 0.00000000
vn -1.00000000 0.00000000 0.00000000
vn 0.00000000 0.00000000 -1.00000000
vn 0.00000000 0.00000000 -1.00000000
vn 0.00000000 0.00000000 -1.00000000
vn -1.00000000 0.00000000 0.00000000
vn -1.00000000 0.00000000 0.00000000
vn -1.00000000 0.00000000 0.00000000
vn 0.00000000 1.00000000 0.00000000
vn 0.00000000 1.00000000 0.00000000
vn 0.00000000 1.00000000 0.00000000
vn -1.00000000 0.00000000 0.00000000
vn -1.00000000 0.00000000 0.00000000
vn -1.00000000 0.00000000 0.00000000
vn 0.00000000 -0.70710000 0.70710000
vn 0.00000000 -0.70710000 0.70710000
vn 0.00000000 -0.70710000 0.70710000
vn 0.00000000 -0.70710000 -0.70710000
vn 0.00000000 -0.70710000 -0.70710000
vn 0.00000000 -0.70710000 -0.70710000
vn -1.00000000 0.00000000 0.00000000
vn -1.00000000 0.00000000 0.00000000
vn -1.00000000 0.00000000 0.00000000
vn 0.00000000 1.00000000 0.00000000
vn 0.00000000 1.00000000 0.00000000
vn 0.00000000 1.00000000 0.00000000
vn 1.00000000 0.00000000 0.00000000
vn 1.00000000 0.00000000 0.00000000
vn 1.00000000 0.00000000 0.00000000
vn 0.00000000 -1.00000000 0.00000000
vn 0.00000000 -1.00000000 0.00000000
vn 0.00000000 -1.00000000 0.00000000
vn -1.00000000 0.00000000 0.00000000
vn -1.00000000 0.00000000 0.00000000
vn -1.00000000 0.00000000 0.00000000
vn 0.00000000 1.00000000 0.00000000
vn 0.00000000 1.00000000 0.00000000
vn 0.00000000 1.00000000 0.00000000
vn 1.00000000 0.00000000 0.00000000
vn 1.00000000 0.00000000 0.00000000
vn 1.00000000 0.00000000 0.00000000
vn 0.00000000 -1.00000000 0.00000000
vn 0.00000000 -1.00000000 0.00000000
vn 0.00000000 -1.00000000 0.00000000
vn -1.00000000 0.00000000 0.00000000
vn -1.00000000 0.00000000 0.00000000
vn -1.00000000 0.00000000 0.00000000
vn 0.00000000 -0.70710000 -0.70710000
vn 0.00000000 -0.70710000 -0.70710000
vn 0.00000000 -0.70710000 -0.70710000
vn 0.00000000 -0.70710000 0.70710000
vn 0.00000000 -0.70710000 0.70710000
vn 0.00000000 -0.70710000 0.70710000
vn 0.00000000 0.00000000 -1.00000000
vn 0.00000000 0.00000000 -1.00000000
vn 0.00000000 0.00000000 -1.00000000
vn 0.00000000 0.00000000 1.00000000
vn 0.00000000 0.00000000 1.00000000
vn 0.00000000 0.00000000 1.00000000
vn 0.00000000 1.00000000 0.00000000
vn 0.00000000 1.00000000 0.00000000
vn 0.00000000 1.00000000 0.00000000
vn 0.00000000 1.00000000 0.00000000
vn 0.00000000 1.00000000 0.00000000
vn 0.00000000 1.00000000 0.00000000
vn 1.00000000 0.00000000 0.00000000
vn 1.00000000 0.00000000 0.00000000
vn 1.00000000 0.00000000 0.00000000
vn -1.00000000 0.00000000 0.00000000
vn -1.00000000 0.00000000 0.00000000
vn -1.00000000 0.00000000 0.00000000
vn 0.00000000 0.00000000 1.00000000
vn 0.00000000 0.00000000 1.00000000
vn 0.00000000 0.00000000 1.00000000
vn -1.00000000 0.00000000 0.00000000
vn -1.00000000 0.00000000 0.00000000
vn -1.00000000 0.00000000 0.00000000
vn 1.00000000 0.00000000 0.00000000
vn 1.00000000 0.00000000 0.00000000
vn 1.00000000 0.00000000 0.00000000
vn 0.00000000 0.00000000 -1.00000000
vn 0.00000000 0.00000000 -1.00000000
vn 0.00000000 0.00000000 -1.00000000
vn -1.00000000 0.00000000 0.00000000
vn -1.00000000 0.00000000 0.00000000
vn -1.00000000 0.00000000 0.00000000
vn 1.00000000 0.00000000 0.00000000
vn 1.00000000 0.00000000 0.00000000
vn 1.00000000 0.00000000 0.00000000
vn -1.00000000 0.00000000 0.00000000
vn -1.00000000 0.00000000 0.00000000
vn -1.00000000 0.00000000 0.00000000
vn 0.00000000 1.00000000 0.00000000
vn 0.00000000 1.00000000 0.00000000
vn 0.00000000 1.00000000 0.00000000
vn 0.00000000 1.00000000 0.00000000
vn 0.00000000 1.00000000 0.00000000
vn 0.00000000 1.00000000 0.00000000
vn -1.00000000 0.00000000 0.00000000
vn -1.00000000 0.00000000 0.00000000
vn -1.00000000 0.00000000 0.00000000
vn 0.00000000 0.00000000 1.00000000
vn 0.00000000 0.00000000 1.00000000
vn 0.00000000 0.00000000 1.00000000
vn 1.00000000 0.00000000 0.00000000
vn 1.00000000 0.00000000 0.00000000
vn 1.00000000 0.00000000 0.00000000
vn 1.00000000 0.00000000 0.00000000
vn 1.00000000 0.00000000 0.00000000
vn 1.00000000 0.00000000 0.00000000
vn 0.00000000 0.00000000 -1.00000000
vn 0.00000000 0.00000000 -1.00000000
vn 0.00000000 0.00000000 -1.00000000
vn 0.00000000 0.00000000 -1.00000000
vn 0.00000000 0.00000000 -1.00000000
vn 0.00000000 0.00000000 -1.00000000
vn -1.00000000 0.00000000 0.00000000
vn -1.00000000 0.00000000 0.00000000
vn -1.00000000 0.00000000 0.00000000
vn 1.00000000 0.00000000 0.00000000
vn 1.00000000 0.00000000 0.00000000
vn 1.00000000 0.00000000 0.00000000
vn 1.00000000 0.00000000 0.00000000
vn 1.00000000 0.00000000 0.00000000
vn 1.00000000 0.00000000 0.00000000
vn 0.00000000 0.00000000 1.00000000
vn 0.00000000 0.00000000 1.00000000
vn 0.00000000 0.00000000 1.00000000
vn -1.00000000 0.00000000 0.00000000
vn -1.00000000 0.00000000 0.00000000
vn -1.00000000 0.00000000 0.00000000
vn 1.00000000 0.00000000 0.00000000
vn 1.00000000 0.00000000 0.00000000
vn 1.00000000 0.00000000 0.00000000
vn -1.00000000 0.00000000 0.00000000
vn -1.00000000 0.00000000 0.00000000
vn -1.00000000 0.00000000 0.00000000
vn 0.00000000 -1.00000000 0.00000000
vn 0.00000000 -1.00000000 0.00000000
vn 0.00000000 -1.00000000 0.00000000
vn 0.00000000 -1.00000000 0.00000000
vn 0.00000000 -1.00000000 0.00000000
vn 0.00000000 -1.00000000 0.00000000
vn 0.00000000 -1.00000000 0.00000000
vn 0.00000000 -1.00000000 0.00000000
vn 0.00000000 -1.00000000 0.00000000
vn 0.00000000 0.00000000 -1.00000000
vn 0.00000000 0.00000000 -1.00000000
vn 0.00000000 0.00000000 -1.00000000
vn 1.00000000 0.00000000 0.00000000
vn 1.00000000 0.00000000 0.00000000
vn 1.00000000 0.00000000 0.00000000
vn 0.00000000 0.00000000 1.00000000
vn 0.00000000 0.00000000 1.00000000
vn 0.00000000 0.00000000 1.00000000
vn 1.00000000 0.00000000 0.00000000
vn 1.00000000 0.00000000 0.00000000
vn 1.00000000 0.00000000 0.00000000
vn -1.00000000 0.00000000 0.00000000
vn -1.00000000 0.00000000 0.00000000
vn -1.00000000 0.00000000 0.00000000
vn -1.00000000 0.00000000 0.00000000
vn -1.00000000 0.00000000 0.00000000
vn -1.00000000 0.00000000 0.00000000
vn -1.00000000 0.00000000 0.00000000
vn -1.00000000 0.00000000 0.00000000
vn -1.00000000 0.00000000 0.00000000
vn 1.00000000 0.00000000 0.00000000
vn 1.00000000 0.00000000 0.00000000
vn 1.00000000 0.00000000 0.00000000
vn -1.00000000 0.00000000 0.00000000
vn -1.00000000 0.00000000 0.00000000
vn -1.00000000 0.00000000 0.00000000
vn 0.00000000 -1.00000000 0.00000000
vn 0.00000000 -1.00000000 0.00000000
vn 0.00000000 -1.00000000 0.00000000
vn 0.00000000 1.00000000 0.00000000
vn 0.00000000 1.00000000 0.00000000
vn 0.00000000 1.00000000 0.00000000
vn 0.00000000 0.00000000 1.00000000
vn 0.00000000 0.00000000 1.00000000
vn 0.00000000 0.00000000 1.00000000
vn 0.00000000 -1.00000000 0.00000000
vn 0.00000000 -1.00000000 0.00000000
vn 0.00000000 -1.00000000 0.00000000
vn 0.00000000 0.00000000 1.00000000
vn 0.00000000 0.00000000 1.00000000
vn 0.00000000 0.00000000 1.00000000
vn 1.00000000 0.00000000 0.00000000
vn 1.00000000 0.00000000 0.00000000
vn 1.00000000 0.00000000 0.00000000
vn 0.00000000 0.00000000 -1.00000000
vn 0.00000000 0.00000000 -1.00000000
vn 0.00000000 0.00000000 -1.00000000
vn -1.00000000 0.00000000 0.00000000
vn -1.00000000 0.00000000 0.00000000
vn -1.00000000 0.00000000 0.00000000
vn 1.00000000 0.00000000 0.00000000
vn 1.00000000 0.00000000 0.00000000
vn 1.00000000 0.00000000 0.00000000
vn 0.00000000 -1.00000000 0.00000000
vn 0.00000000 -1.00000000 0.00000000
vn 0.00000000 -1.00000000 0.00000000
vn 1.00000000 0.00000000 0.00000000
vn 1.00000000 0.00000000 0.00000000
vn 1.00000000 0.00000000 0.00000000
vn 1.00000000 0.00000000 0.00000000
vn 1.00000000 0.00000000 0.00000000
vn 1.00000000 0.00000000 0.00000000
vn 1.00000000 0.00000000 0.00000000
vn 1.00000000 0.00000000 0.00000000
vn 1.00000000 0.00000000 0.00000000
vn -1.00000000 0.00000000 0.00000000
vn -1.00000000 0.00000000 0.00000000
vn -1.00000000 0.00000000 0.00000000
vn 0.00000000 0.00000000 1.00000000
vn 0.00000000 0.00000000 1.00000000
vn 0.00000000 0.00000000 1.00000000
vn 1.00000000 0.00000000 0.00000000
vn 1.00000000 0.00000000 0.00000000
vn 1.00000000 0.00000000 0.00000000
vn 0.00000000 0.00000000 -1.00000000
vn 0.00000000 0.00000000 -1.00000000
vn 0.00000000 0.00000000 -1.00000000
vn 0.00000000 0.00000000 -1.00000000
vn 0.00000000 0.00000000 -1.00000000
vn 0.00000000 0.00000000 -1.00000000
vn 0.00000000 1.00000000 0.00000000
vn 0.00000000 1.00000000 0.00000000
vn 0.00000000 1.00000000 0.00000000
vn 0.00000000 1.00000000 0.00000000
vn 0.00000000 1.00000000 0.00000000
vn 0.00000000 1.00000000 0.00000000
vn 0.00000000 0.00000000 1.00000000
vn 0.00000000 0.00000000 1.00000000
vn 0.00000000 0.00000000 1.00000000
vn 1.00000000 0.00000000 0.00000000
vn 1.00000000 0.00000000 0.00000000
vn 1.00000000 0.00000000 0.00000000
vn -1.00000000 0.00000000 0.00000000
vn -1.00000000 0.00000000 0.00000000
vn -1.00000000 0.00000000 0.00000000
vn 0.00000000 0.00000000 -1.00000000
vn 0.00000000 0.00000000 -1.00000000
vn 0.00000000 0.00000000 -1.00000000
vn -1.00000000 0.00000000 0.00000000
vn -1.00000000 0.00000000 0.00000000
vn -1.00000000 0.00000000 0.00000000
vn 0.00000000 1.00000000 0.00000000
vn 0.00000000 1.00000000 0.00000000
vn 0.00000000 1.00000000 0.00000000
vn -1.00000000 0.00000000 0.00000000
vn -1.00000000 0.00000000 0.00000000
vn -1.00000000 0.00000000 0.00000000
vn 0.00000000 -0.70710000 0.70710000
vn 0.00000000 -0.70710000 0.70710000
vn 0.00000000 -0.70710000 0.70710000
vn 0.00000000 -0.70710000 -0.70710000
vn 0.00000000 -0.70710000 -0.70710000
vn 0.00000000 -0.70710000 -0.70710000
vn -1.00000000 0.00000000 0.00000000
vn -1.00000000 0.00000000 0.00000000
vn -1.00000000 0.00000000 0.00000000
vn 0.00000000 1.00000000 0.00000000
vn 0.00000000 1.00000000 0.00000000
vn 0.00000000 1.00000000 0.00000000
vn 1.00000000 0.00000000 0.00000000
vn 1.00000000 0.00000000 0.00000000
vn 1.00000000 0.00000000 0.00000000
vn 0.00000000 -1.00000000 0.00000000
vn 0.00000000 -1.00000000 0.00000000
vn 0.00000000 -1.00000000 0.00000000
vn -1.00000000 0.00000000 0.00000000
vn -1.00000000 0.00000000 0.00000000
vn -1.00000000 0.00000000 0.00000000
vn 0.00000000 1.00000000 0.00000000
vn 0.00000000 1.00000000 0.00000000
vn 0.00000000 1.00000000 0.00000000
vn 1.00000000 0.00000000 0.00000000
vn 1.00000000 0.00000000 0.00000000
vn 1.00000000 0.00000000 0.00000000
vn 0.00000000 -1.00000000 0.00000000
vn 0.00000000 -1.00000000 0.00000000
vn 0.00000000 -1.00000000 0.00000000
vn -1.00000000 0.00000000 0.00000000
vn -1.00000000 0.00000000 0.00000000
vn -1.00000000 0.00000000 0.00000000
vn 0.00000000 -0.70710000 -0.70710000
vn 0.00000000 -0.70710000 -0.70710000
vn 0.00000000 -0.70710000 -0.70710000
vn 0.00000000 -0.70710000 0.70710000
vn 0.00000000 -0.70710000 0.70710000
vn 0.00000000 -0.70710000 0.70710000
vn 0.00000000 0.00000000 -1.00000000
vn 0.00000000 0.00000000 -1.00000000
vn 0.00000000 0.00000000 -1.00000000
vn 0.00000000 0.00000000 1.00000000
vn 0.00000000 0.00000000 1.00000000
vn 0.00000000 0.00000000 1.00000000
vn 0.00000000 1.00000000 0.00000000
vn 0.00000000 1.00000000 0.00000000
vn 0.00000000 1.00000000 0.00000000
vn 0.00000000 1.00000000 0.00000000
vn 0.00000000 1.00000000 0.00000000
vn 0.00000000 1.00000000 0.00000000
vn 1.00000000 0.00000000 0.00000000
vn 1.00000000 0.00000000 0.00000000
vn 1.00000000 0.00000000 0.00000000
vn -1.00000000 0.00000000 0.00000000
vn -1.00000000 0.00000000 0.00000000
vn -1.00000000 0.00000000 0.00000000
vn 0.00000000 0.00000000 1.00000000
vn 0.00000000 0.00000000 1.00000000
vn 0.00000000 0.00000000 1.00000000
vn -1.00000000 0.00000000 0.00000000
vn -1.00000000 0.00000000 0.00000000
vn -1.00000000 0.00000000 0.00000000
vn 1.00000000 0.00000000 0.00000000
vn 1.00000000 0.00000000 0.00000000
vn 1.00000000 0.00000000 0.00000000
vn 0.00000000 0.00000000 -1.00000000
vn 0.00000000 0.00000000 -1.00000000
vn 0.00000000 0.00000000 -1.00000000
vn -1.00000000 0.00000000 0.00000000
vn -1.00000000 0.00000000 0.00000000
vn -1.00000000 0.00000000 0.00000000
vn 1.00000000 0.00000000 0.00000000
vn 1.00000000 0.00000000 0.00000000
vn 1.00000000 0.00000000 0.00000000
vn -1.00000000 0.00000000 0.00000000
vn -1.00000000 0.00000000 0.00000000
vn -1.00000000 0.00000000 0.00000000
vn 0.00000000 1.00000000 0.00000000
vn 0.00000000 1.00000000 0.00000000
vn 0.00000000 1.00000000 0.00000000
vn 0.00000000 1.00000000 0.00000000
vn 0.00000000 1.00000000 0.00000000
vn 0.00000000 1.00000000 0.00000000
vn -1.00000000 0.00000000 0.00000000
vn -1.00000000 0.00000000 0.00000000
vn -1.00000000 0.00000000 0.00000000
vn 0.00000000 0.00000000 1.00000000
vn 0.00000000 0.00000000 1.00000000
vn 0.00000000 0.00000000 1.00000000
vn 1.00000000 0.00000000 0.00000000
vn 1.00000000 0.00000000 0.00000000
vn 1.00000000 0.00000000 0.00000000
vn 1.00000000 0.00000000 0.00000000
vn 1.00000000 0.00000000 0.00000000
vn 1.00000000 0.00000000 0.00000000
vn 0.00000000 0.00000000 -1.00000000
vn 0.00000000 0.00000000 -1.00000000
vn 0.00000000 0.00000000 -1.00000000
vn 0.00000000 0.00000000 -1.00000000
vn 0.00000000 0.00000000 -1.00000000
vn 0.00000000 0.00000000 -1.00000000
vn -1.00000000 0.00000000 0.00000000
vn -1.00000000 0.00000000 0.00000000
vn -1.00000000 0.00000000 0.00000000
vn 1.00000000 0.00000000 0.00000000
vn 1.00000000 0.00000000 0.00000000
vn 1.00000000 0.00000000 0.00000000
vn 1.00000000 0.00000000 0.00000000
vn 1.00000000 0.00000000 0.00000000
vn 1.00000000 0.00000000 0.00000000
vn 0.00000000 0.00000000 1.00000000
vn 0.00000000 0.00000000 1.00000000
vn 0.00000000 0.00000000 1.00000000
vn -1.00000000 0.00000000 0.00000000
vn -1.00000000 0.00000000 0.00000000
vn -1.00000000 0.00000000 0.00000000
vn 1.00000000 0.00000000 0.00000000
vn 1.00000000 0.00000000 0.00000000
vn 1.00000000 0.00000000 0.00000000
vn -1.00000000 0.00000000 0.00000000
vn -1.00000000 0.00000000 0.00000000
vn -1.00000000 0.00000000 0.00000000
vn 0.00000000 -1.00000000 0.00000000
vn 0.00000000 -1.00000000 0.00000000
vn 0.00000000 -1.00000000 0.00000000
vn 0.00000000 -1.00000000 0.00000000
vn 0.00000000 -1.00000000 0.00000000
vn 0.00000000 -1.00000000 0.00000000
vn 0.00000000 -1.00000000 0.00000000
vn 0.00000000 -1.00000000 0.00000000
vn 0.00000000 -1.00000000 0.00000000
vn 0.00000000 0.00000000 -1.00000000
vn 0.00000000 0.00000000 -1.00000000
vn 0.00000000 0.00000000 -1.00000000
vn 1.00000000 0.00000000 0.00000000
vn 1.00000000 0.00000000 0.00000000
vn 1.00000000 0.00000000 0.00000000
vn 0.00000000 0.00000000 1.00000000
vn 0.00000000 0.00000000 1.00000000
vn 0.00000000 0.00000000 1.00000000
vn 1.00000000 0.00000000 0.00000000
vn 1.00000000 0.00000000 0.00000000
vn 1.00000000 0.00000000 0.00000000
vn -1.00000000 0.00000000 0.00000000
vn -1.00000000 0.00000000 0.00000000
vn -1.00000000 0.00000000 0.00000000
o Door
usemtl door
f 1/1/1 2/2/2 3/3/3 4/4/4
f 5/5/5 6/6/6 7/7/7 8/8/8
f 9/9/9 10/10/10 11/11/11 12/12/12
f 13/13/13 14/14/14 15/15/15 16/16/16
f 17/17/17 18/18/18 19/19/19
f 20/20/20 21/21/21 22/22/22
f 23/23/23 24/24/24 25/25/25
f 26/26/26 27/27/27 28/28/28
f 29/29/29 30/30/30 31/31/31
f 32/32/32 33/33/33 34/34/34
f 35/35/35 36/36/36 37/37/37
f 38/38/38 39/39/39 40/40/40
f 41/41/41 42/42/42 43/43/43
f 44/44/44 45/45/45 46/46/46
f 47/47/47 48/48/48 49/49/49
f 50/50/50 51/51/51 52/52/52
f 53/53/53 54/54/54 55/55/55
f 56/56/56 57/57/57 58/58/58
f 59/59/59 60/60/60 61/61/61
f 62/62/62 63/63/63 64/64/64
f 65/65/65 66/66/66 67/67/67
f 68/68/68 69/69/69 70/70/70
f 71/71/71 72/72/72 73/73/73
f 74/74/74 75/75/75 76/76/76
f 77/77/77 78/78/78 79/79/79
f 80/80/80 81/81/81 82/82/82
f 83/83/83 84/84/84 85/85/85
f 86/86/86 87/87/87 88/88/88
f 89/89/89 90/90/90 91/91/91
f 92/92/92 93/93/93 94/94/94
f 95/95/95 96/96/96 97/97/97
f 98/98/98 99/99/99 100/100/100
f 101/101/101 102/102/102 103/103/103
f 104/104/104 105/105/105 106/106/106
f 107/107/107 108/108/108 109/109/109
f 110/110/110 111/111/111 112/112/112 113/113/113
f 114/114/114 115/115/115 116/116/116
f 117/117/117 118/118/118 119/119/119
f 120/120/120 121/121/121 122/122/122 123/123/123
f 124/124/124 125/125/125 126/126/126
f 127/127/127 128/128/128 129/129/129
f 130/130/130 131/131/131 132/132/132
f 133/133/133 134/134/134 135/135/135 136/136/136
f 137/137/137 138/138/138 139/139/139
f 140/140/140 141/141/141 142/142/142
f 143/143/143 144/144/144 145/145/145
f 146/146/146 147/147/147 148/148/148
f 149/149/149 150/150/150 151/151/151
f 152/152/152 153/153/153 154/154/154
f 155/155/155 156/156/156 157/157/157
f 158/158/158 159/159/159 160/160/160 161/161/161
f 162/162/162 163/163/163 164/164/164 165/165/165
f 166/166/166 167/167/167 168/168/168 169/169/169
f 170/170/170 171/171/171 172/172/172
f 173/173/173 174/174/174 175/175/175
f 176/176/176 177/177/177 178/178/178 179/179/179
f 180/180/180 181/181/181 182/182/182
f 183/183/183 184/184/184 185/185/185
f 186/186/186 187/187/187 188/188/188
f 189/189/189 190/190/190 191/191/191
f 192/192/192 193/193/193 194/194/194
f 195/195/195 196/196/196 197/197/197
f 198/198/198 199/199/199 200/200/200
f 201/201/201 202/202/202 203/203/203
f 204/204/204 205/205/205 206/206/206
f 207/207/207 208/208/208 209/209/209
f 210/210/210 211/211/211 212/212/212
f 213/213/213 214/214/214 215/215/215
f 216/216/216 217/217/217 218/218/218
f 219/219/219 220/220/220 221/221/221
f 222/222/222 223/223/223 224/224/224
f 225/225/225 226/226/226 227/227/227
f 228/228/228 229/229/229 230/230/230
f 231/231/231 232/232/232 233/233/233
f 234/234/234 235/235/235 236/236/236
f 237/237/237 238/238/238 239/239/239
f 240/240/240 241/241/241 242/242/242
f 243/243/243 244/244/244 245/245/245
f 246/246/246 247/247/247 248/248/248 249/249/249
f 250/250/250 251/251/251 252/252/252 253/253/253
f 254/254/254 255/255/255 256/256/256
f 257/257/257 258/258/258 259/259/259 260/260/260
f 261/261/261 262/262/262 263/263/263
f 264/264/264 265/265/265 266/266/266
f 267/267/267 268/268/268 269/269/269
f 270/270/270 271/271/271 272/272/272 273/273/273
f 274/274/274 275/275/275 276/276/276
f 277/277/277 278/278/278 279/279/279
f 280/280/280 281/281/281 282/282/282
f 283/283/283 284/284/284 285/285/285
f 286/286/286 287/287/287 288/288/288
f 289/289/289 290/290/290 291/291/291
f 292/292/292 293/293/293 294/294/294
f 295/295/295 296/296/296 297/297/297 298/298/298
f 299/299/299 300/300/300 301/301/301 302/302/302
f 303/303/303 304/304/304 305/305/305 306/306/306
f 307/307/307 308/308/308 309/309/309
f 310/310/310 311/311/311 312/312/312
f 313/313/313 314/314/314 315/315/315 316/316/316
f 317/317/317 318/318/318 319/319/319
f 320/320/320 321/321/321 322/322/322
f 323/323/323 324/324/324 325/325/325
f 326/326/326 327/327/327 328/328/328
f 329/329/329 330/330/330 331/331/331
f 332/332/332 333/333/333 334/334/334
f 335/335/335 336/336/336 337/337/337
f 338/338/338 339/339/339 340/340/340
f 341/341/341 342/342/342 343/343/343
f 344/344/344 345/345/345 346/346/346
f 347/347/347 348/348/348 349/349/349
f 350/350/350 351/351/351 352/352/352
f 353/353/353 354/354/354 355/355/355
f 356/356/356 357/357/357 358/358/358
f 359/359/359 360/360/360 361/361/361
f 362/362/362 363/363/363 364/364/364
f 365/365/365 366/366/366 367/367/367
f 368/368/368 369/369/369 370/370/370
f 371/371/371 372/372/372 373/373/373
f 374/374/374 375/375/375 376/376/376
f 377/377/377 378/378/378 379/379/379
f 380/380/380 381/381/381 382/382/382
f 383/383/383 384/384/384 385/385/385
f 386/386/386 387/387/387 388/388/388
f 389/389/389 390/390/390 391/391/391
f 392/392/392 393/393/393 394/394/394
f 395/395/395 396/396/396 397/397/397
f 398/398/398 399/399/399 400/400/400
f 401/401/401 402/402/402 403/403/403
f 404/404/404 405/405/405 406/406/406
f 407/407/407 408/408/408 409/409/409
f 410/410/410 411/411/411 412/412/412
f 413/413/413 414/414/414 415/415/415
f 416/416/416 417/417/417 418/418/418
f 419/419/419 420/420/420 421/421/421
f 422/422/422 423/423/423 424/424/424
f 425/425/425 426/426/426 427/427/427
f 428/428/428 429/429/429 430/430/430
f 431/431/431 432/432/432 433/433/433
f 434/434/434 435/435/435 436/436/436
f 437/437/437 438/438/438 439/439/439
f 440/440/440 441/441/441 442/442/442
f 443/443/443 444/444/444 445/445/445
f 446/446/446 447/447/447 448/448/448
f 449/449/449 450/450/450 451/451/451
f 452/452/452 453/453/453 454/454/454
f 455/455/455 456/456/456 457/457/457
f 458/458/458 459/459/459 460/460/460
f 461/461/461 462/462/462 463/463/463
f 464/464/464 465/465/465 466/466/466
f 467/467/467 468/468/468 469/469/469
f 470/470/470 471/471/471 472/472/472
f 473/473/473 474/474/474 475/475/475
f 476/476/476 477/477/477 478/478/478 479/479/479
f 480/480/480 481/481/481 482/482/482
f 483/483/483 484/484/484 485/485/485
f 486/486/486 487/487/487 488/488/488 489/489/489
f 490/490/490 491/491/491 492/492/492
f 493/493/493 494/494/494 495/495/495
f 496/496/496 497/497/497 498/498/498
f 499/499/499 500/500/500 501/501/501 502/502/502
f 503/503/503 504/504/504 505/505/505
f 506/506/506 507/507/507 508/508/508
f 509/509/509 510/510/510 511/511/511
f 512/512/512 513/513/513 514/514/514
f 515/515/515 516/516/516 517/517/517
f 518/518/518 519/519/519 520/520/520
f 521/521/521 522/522/522 523/523/523
f 524/524/524 525/525/525 526/526/526
f 527/527/527 528/528/528 529/529/529
f 530/530/530 531/531/531 532/532/532
f 533/533/533 534/534/534 535/535/535
f 536/536/536 537/537/537 538/538/538
f 539/539/539 540/540/540 541/541/541
f 542/542/542 543/543/543 544/544/544
f 545/545/545 546/546/546 547/547/547
f 548/548/548 549/549/549 550/550/550
f 551/551/551 552/552/552 553/553/553
f 554/554/554 555/555/555 556/556/556
f 557/557/557 558/558/558 559/559/559
f 560/560/560 561/561/561 562/562/562
f 563/563/563 564/564/564 565/565/565
f 566/566/566 567/567/567 568/568/568
f 569/569/569 570/570/570 571/571/571
f 572/572/572 573/573/573 574/574/574
f 575/575/575 576/576/576 577/577/577
f 578/578/578 579/579/579 580/580/580
f 581/581/581 582/582/582 583/583/583
f 584/584/584 585/585/585 586/586/586
f 587/587/587 588/588/588 589/589/589
f 590/590/590 591/591/591 592/592/592
f 593/593/593 594/594/594 595/595/595
f 596/596/596 597/597/597 598/598/598
f 599/599/599 600/600/600 601/601/601
f 602/602/602 603/603/603 604/604/604
f 605/605/605 606/606/606 607/607/607
f 608/608/608 609/609/609 610/610/610
f 611/611/611 612/612/612 613/613/613
f 614/614/614 615/615/615 616/616/616
f 617/617/617 618/618/618 619/619/619 620/620/620
f 621/621/621 622/622/622 623/623/623
f 624/624/624 625/625/625 626/626/626
f 627/627/627 628/628/628 629/629/629
f 630/630/630 631/631/631 632/632/632 633/633/633
f 634/634/634 635/635/635 636/636/636
f 637/637/637 638/638/638 639/639/639
f 640/640/640 641/641/641 642/642/642
f 643/643/643 644/644/644 645/645/645
f 646/646/646 647/647/647 648/648/648
f 649/649/649 650/650/650 651/651/651
f 652/652/652 653/653/653 654/654/654
f 655/655/655 656/656/656 657/657/657
f 658/658/658 659/659/659 660/660/660
f 661/661/661 662/662/662 663/663/663
f 664/664/664 665/665/665 666/666/666
f 667/667/667 668/668/668 669/669/669
f 670/670/670 671/671/671 672/672/672
f 673/673/673 674/674/674 675/675/675
f 676/676/676 677/677/677 678/678/678
f 679/679/679 680/680/680 681/681/681
f 682/682/682 683/683/683 684/684/684
f 685/685/685 686/686/686 687/687/687
f 688/688/688 689/689/689 690/690/690
f 691/691/691 692/692/692 693/693/693
f 694/694/694 695/695/695 696/696/696
f 697/697/697 698/698/698 699/699/699
f 700/700/700 701/701/701 702/702/702
f 703/703/703 704/704/704 705/705/705
f 706/706/706 707/707/707 708/708/708
f 709/709/709 710/710/710 711/711/711
f 712/712/712 713/713/713 714/714/714
f 715/715/715 716/716/716 717/717/717
f 718/718/718 719/719/719 720/720/720
o Frame
usemtl door
f 721/721/721 722/722/722 723/723/723
f 724/724/724 725/725/725 726/726/726
f 727/727/727 728/728/728 729/729/729
f 730/730/730 731/731/731 732/732/732
f 733/733/733 734/734/734 735/735/735
f 736/736/736 737/737/737 738/738/738
f 739/739/739 740/740/740 741/741/741
f 742/742/742 743/743/743 744/744/744
f 745/745/745 746/746/746 747/747/747
f 748/748/748 749/749/749 750/750/750
f 751/751/751 752/752/752 753/753/753
f 754/754/754 755/755/755 756/756/756
f 757/757/757 758/758/758 759/759/759
f 760/760/760 761/761/761 762/762/762
f 763/763/763 764/764/764 765/765/765
f 766/766/766 767/767/767 768/768/768
f 769/769/769 770/770/770 771/771/771
f 772/772/772 773/773/773 774/774/774
f 775/775/775 776/776/776 777/777/777
f 778/778/778 779/779/779 780/780/780
f 781/781/781 782/782/782 783/783/783
f 784/784/784 785/785/785 786/786/786
f 787/787/787 788/788/788 789/789/789
f 790/790/790 791/791/791 792/792/792
f 793/793/793 794/794/794 795/795/795
f 796/796/796 797/797/797 798/798/798
f 799/799/799 800/800/800 801/801/801
f 802/802/802 803/803/803 804/804/804
f 805/805/805 806/806/806 807/807/807
f 808/808/808 809/809/809 810/810/810
f 811/811/811 812/812/812 813/813/813
f 814/814/814 815/815/815 816/816/816
f 817/817/817 818/818/818 819/819/819
f 820/820/820 821/821/821 822/822/822
f 823/823/823 824/824/824 825/825/825
f 826/826/826 827/827/827 828/828/828
f 829/829/829 830/830/830 831/831/831
f 832/832/832 833/833/833 834/834/834
f 835/835/835 836/836/836 837/837/837
f 838/838/838 839/839/839 840/840/840
f 841/841/841 842/842/842 843/843/843
f 844/844/844 845/845/845 846/846/846
f 847/847/847 848/848/848 849/849/849
f 850/850/850 851/851/851 852/852/852
f 853/853/853 854/854/854 855/855/855
f 856/856/856 857/857/857 858/858/858
f 859/859/859 860/860/860 861/861/861
f 862/862/862 863/863/863 864/864/864
f 865/865/865 866/866/866 867/867/867
f 868/868/868 869/869/869 870/870/870
f 871/871/871 872/872/872 873/873/873
f 874/874/874 875/875/875 876/876/876
f 877/877/877 878/878/878 879/879/879
f 880/880/880 881/881/881 882/882/882
f 883/883/883 884/884/884 885/885/885
f 886/886/886 887/887/887 888/888/888
f 889/889/889 890/890/890 891/891/891
f 892/892/892 893/893/893 894/894/894
f 895/895/895 896/896/896 897/897/897
f 898/898/898 899/899/899 900/900/900
f 901/901/901 902/902/902 903/903/903
f 904/904/904 905/905/905 906/906/906
f 907/907/907 908/908/908 909/909/909
f 910/910/910 911/911/911 912/912/912
f 913/913/913 914/914/914 915/915/915
f 916/916/916 917/917/917 918/918/918
f 919/919/919 920/920/920 921/921/921
f 922/922/922 923/923/923 924/924/924
f 925/925/925 926/926/926 927/927/927
f 928/928/928 929/929/929 930/930/930
f 931/931/931 932/932/932 933/933/933
f 934/934/934 935/935/935 936/936/936
f 937/937/937 938/938/938 939/939/939
f 940/940/940 941/941/941 942/942/942
f 943/943/943 944/944/944 945/945/945
f 946/946/946 947/947/947 948/948/948
f 949/949/949 950/950/950 951/951/951
f 952/952/952 953/953/953 954/954/954
f 955/955/955 956/956/956 957/957/957
f 958/958/958 959/959/959 960/960/960
f 961/961/961 962/962/962 963/963/963
f 964/964/964 965/965/965 966/966/966
f 967/967/967 968/968/968 969/969/969
f 970/970/970 971/971/971 972/972/972
f 973/973/973 974/974/974 975/975/975
f 976/976/976 977/977/977 978/978/978
f 979/979/979 980/980/980 981/981/981
f 982/982/982 983/983/983 984/984/984
f 985/985/985 986/986/986 987/987/987
f 988/988/988 989/989/989 990/990/990
f 991/991/991 992/992/992 993/993/993
f 994/994/994 995/995/995 996/996/996
f 997/997/997 998/998/998 999/999/999
f 1000/1000/1000 1001/1001/1001 1002/1002/1002
f 1003/1003/1003 1004/1004/1004 1005/1005/1005
f 1006/1006/1006 1007/1007/1007 1008/1008/1008
f 1009/1009/1009 1010/1010/1010 1011/1011/1011
f 1012/1012/1012 1013/1013/1013 1014/1014/1014
f 1015/1015/1015 1016/1016/1016 1017/1017/1017
f 1018/1018/1018 1019/1019/1019 1020/1020/1020
f 1021/1021/1021 1022/1022/1022 1023/1023/1023
f 1024/1024/1024 1025/1025/1025 1026/1026/1026
f 1027/1027/1027 1028/1028/1028 1029/1029/1029
f 1030/1030/1030 1031/1031/1031 1032/1032/1032
f 1033/1033/1033 1034/1034/1034 1035/1035/1035
f 1036/1036/1036 1037/1037/1037 1038/1038/1038
f 1039/1039/1039 1040/1040/1040 1041/1041/1041
f 1042/1042/1042 1043/1043/1043 1044/1044/1044
f 1045/1045/1045 1046/1046/1046 1047/1047/1047
f 1048/1048/1048 1049/1049/1049 1050/1050/1050
f 1051/1051/1051 1052/1052/1052 1053/1053/1053
f 1054/1054/1054 1055/1055/1055 1056/1056/1056
f 1057/1057/1057 1058/1058/1058 1059/1059/1059
f 1060/1060/1060 1061/1061/1061 1062/1062/1062
f 1063/1063/1063 1064/1064/1064 1065/1065/1065
f 1066/1066/1066 1067/1067/1067 1068/1068/1068
f 1069/1069/1069 1070/1070/1070 1071/1071/1071
f 1072/1072/1072 1073/1073/1073 1074/1074/1074
f 1075/1075/1075 1076/1076/1076 1077/1077/1077
f 1078/1078/1078 1079/1079/1079 1080/1080/1080
f 1081/1081/1081 1082/1082/1082 1083/1083/1083
f 1084/1084/1084 1085/1085/1085 1086/1086/1086
f 1087/1087/1087 1088/1088/1088 1089/1089/1089
f 1090/1090/1090 1091/1091/1091 1092/1092/1092
f 1093/1093/1093 1094/1094/1094 1095/1095/1095
f 1096/1096/1096 1097/1097/1097 1098/1098/1098
f 1099/1099/1099 1100/1100/1100 1101/1101/1101
f 1102/1102/1102 1103/1103/1103 1104/1104/1104
f 1105/1105/1105 1106/1106/1106 1107/1107/1107
f 1108/1108/1108 1109/1109/1109 1110/1110/1110
f 1111/1111/1111 1112/1112/1112 1113/1113/1113
f 1114/1114/1114 1115/1115/1115 1116/1116/1116
f 1117/1117/1117 1118/1118/1118 1119/1119/1119
f 1120/1120/1120 1121/1121/1121 1122/1122/1122
f 1123/1123/1123 1124/1124/1124 1125/1125/1125
f 1126/1126/1126 1127/1127/1127 1128/1128/1128
f 1129/1129/1129 1130/1130/1130 1131/1131/1131
f 1132/1132/1132 1133/1133/1133 1134/1134/1134
f 1135/1135/1135 1136/1136/1136 1137/1137/1137
f 1138/1138/1138 1139/1139/1139 1140/1140/1140
f 1141/1141/1141 1142/1142/1142 1143/1143/1143
f 1144/1144/1144 1145/1145/1145 1146/1146/1146
f 1147/1147/1147 1148/1148/1148 1149/1149/1149
f 1150/1150/1150 1151/1151/1151 1152/1152/1152
f 1153/1153/1153 1154/1154/1154 1155/1155/1155
f 1156/1156/1156 1157/1157/1157 1158/1158/1158
f 1159/1159/1159 1160/1160/1160 1161/1161/1161
f 1162/1162/1162 1163/1163/1163 1164/1164/1164
f 1165/1165/1165 1166/1166/1166 1167/1167/1167
f 1168/1168/1168 1169/1169/1169 1170/1170/1170
f 1171/1171/1171 1172/1172/1172 1173/1173/1173
f 1174/1174/1174 1175/1175/1175 1176/1176/1176
f 1177/1177/1177 1178/1178/1178 1179/1179/1179
f 1180/1180/1180 1181/1181/1181 1182/1182/1182
f 1183/1183/1183 1184/1184/1184 1185/1185/1185
f 1186/1186/1186 1187/1187/1187 1188/1188/1188
f 1189/1189/1189 1190/1190/1190 1191/1191/1191
f 1192/1192/1192 1193/1193/1193 1194/1194/1194
f 1195/1195/1195 1196/1196/1196 1197/1197/1197
f 1198/1198/1198 1199/1199/1199 1200/1200/1200
