mtllib qe_containment.mtl
# QE containment door; CE geometry with true clip-plane equivalent
v 0.43750000 3.00000000 1.87500000
v 0.43750000 3.00000000 0.95592105
v 0.43750000 1.41875000 -0.87500000
v 0.43750000 1.41875000 1.87500000
v 0.43750000 3.00000000 -0.87500000
v 0.47927632 3.00000000 -0.87500000
v 0.56250000 1.41875000 -0.87500000
v 0.43750000 1.41875000 -0.87500000
v 0.56250000 3.00000000 -0.87500000
v 0.56250000 3.00000000 0.04407895
v 0.56250000 1.41875000 1.87500000
v 0.56250000 1.41875000 -0.87500000
v 0.56250000 3.00000000 1.87500000
v 0.52072368 3.00000000 1.87500000
v 0.43750000 1.41875000 1.87500000
v 0.56250000 1.41875000 1.87500000
v 0.56250000 1.41875000 -0.87500000
v 0.43750000 1.41875000 1.87500000
v 0.43750000 1.41875000 -0.87500000
v 0.43750000 1.41875000 -0.31250000
v 0.43750000 1.35625000 -0.62500000
v 0.43750000 1.35625000 -0.37500000
v 0.43750000 1.41875000 -0.68750000
v 0.56250000 1.35625000 -0.62500000
v 0.43750000 1.35625000 -0.62500000
v 0.56250000 1.41875000 -0.68750000
v 0.56250000 1.35625000 -0.37500000
v 0.56250000 1.35625000 -0.62500000
v 0.56250000 1.41875000 -0.31250000
v 0.43750000 1.35625000 -0.37500000
v 0.56250000 1.35625000 -0.37500000
v 0.56250000 1.35625000 -0.62500000
v 0.43750000 1.35625000 -0.37500000
v 0.43750000 1.35625000 -0.62500000
v 0.43750000 1.41875000 0.18750000
v 0.43750000 1.35625000 -0.12500000
v 0.43750000 1.35625000 0.12500000
v 0.43750000 1.41875000 -0.18750000
v 0.56250000 1.35625000 -0.12500000
v 0.43750000 1.35625000 -0.12500000
v 0.56250000 1.41875000 -0.18750000
v 0.56250000 1.35625000 0.12500000
v 0.56250000 1.35625000 -0.12500000
v 0.56250000 1.41875000 0.18750000
v 0.43750000 1.35625000 0.12500000
v 0.56250000 1.35625000 0.12500000
v 0.56250000 1.35625000 -0.12500000
v 0.43750000 1.35625000 0.12500000
v 0.43750000 1.35625000 -0.12500000
v 0.43750000 1.41875000 0.68750000
v 0.43750000 1.35625000 0.37500000
v 0.43750000 1.35625000 0.62500000
v 0.43750000 1.41875000 0.31250000
v 0.56250000 1.35625000 0.37500000
v 0.43750000 1.35625000 0.37500000
v 0.56250000 1.41875000 0.31250000
v 0.56250000 1.35625000 0.62500000
v 0.56250000 1.35625000 0.37500000
v 0.56250000 1.41875000 0.68750000
v 0.43750000 1.35625000 0.62500000
v 0.56250000 1.35625000 0.62500000
v 0.56250000 1.35625000 0.37500000
v 0.43750000 1.35625000 0.62500000
v 0.43750000 1.35625000 0.37500000
v 0.43750000 1.41875000 1.18750000
v 0.43750000 1.35625000 0.87500000
v 0.43750000 1.35625000 1.12500000
v 0.43750000 1.41875000 0.81250000
v 0.56250000 1.35625000 0.87500000
v 0.43750000 1.35625000 0.87500000
v 0.56250000 1.41875000 0.81250000
v 0.56250000 1.35625000 1.12500000
v 0.56250000 1.35625000 0.87500000
v 0.56250000 1.41875000 1.18750000
v 0.43750000 1.35625000 1.12500000
v 0.56250000 1.35625000 1.12500000
v 0.56250000 1.35625000 0.87500000
v 0.43750000 1.35625000 1.12500000
v 0.43750000 1.35625000 0.87500000
v 0.43750000 1.41875000 1.68750000
v 0.43750000 1.35625000 1.37500000
v 0.43750000 1.35625000 1.62500000
v 0.43750000 1.41875000 1.31250000
v 0.56250000 1.35625000 1.37500000
v 0.43750000 1.35625000 1.37500000
v 0.56250000 1.41875000 1.31250000
v 0.56250000 1.35625000 1.62500000
v 0.56250000 1.35625000 1.37500000
v 0.56250000 1.41875000 1.68750000
v 0.43750000 1.35625000 1.62500000
v 0.56250000 1.35625000 1.62500000
v 0.56250000 1.35625000 1.37500000
v 0.43750000 1.35625000 1.62500000
v 0.43750000 1.35625000 1.37500000
v 0.62500000 1.91875000 0.12500000
v 0.62500000 1.54375000 0.87500000
v 0.62500000 1.54375000 0.12500000
v 0.62500000 1.91875000 0.87500000
v 0.56250000 1.54375000 0.87500000
v 0.62500000 1.54375000 0.87500000
v 0.56250000 1.91875000 0.12500000
v 0.62500000 1.54375000 0.12500000
v 0.56250000 1.54375000 0.12500000
v 0.56250000 1.54375000 0.87500000
v 0.62500000 1.54375000 0.12500000
v 0.62500000 1.54375000 0.87500000
v 0.62500000 1.91875000 0.87500000
v 0.56250000 1.91875000 0.12500000
v 0.56250000 1.91875000 0.87500000
v 0.56250000 2.54375000 0.18750000
v 0.62500000 2.29375000 0.18750000
v 0.56250000 2.29375000 0.18750000
v 0.62500000 2.73125000 0.62500000
v 0.56250000 2.73125000 0.37500000
v 0.56250000 2.73125000 0.62500000
v 0.62500000 2.51786200 0.75000000
v 0.56250000 2.66875000 0.59911200
v 0.62500000 2.66875000 0.59911200
v 0.62500000 2.54375000 0.81250000
v 0.56250000 2.29375000 0.81250000
v 0.62500000 2.29375000 0.81250000
v 0.62500000 2.10625000 0.62500000
v 0.56250000 2.29375000 0.81250000
v 0.56250000 2.10625000 0.62500000
v 0.56250000 2.73125000 0.62500000
v 0.62500000 2.54375000 0.81250000
v 0.62500000 2.73125000 0.62500000
v 0.62500000 2.10625000 0.37500000
v 0.56250000 2.29375000 0.18750000
v 0.62500000 2.29375000 0.18750000
v 0.62500000 2.73125000 0.37500000
v 0.56250000 2.54375000 0.18750000
v 0.56250000 2.73125000 0.37500000
v 0.56250000 2.10625000 0.62500000
v 0.62500000 2.10625000 0.37500000
v 0.62500000 2.10625000 0.62500000
v 0.62500000 2.31963800 0.75000000
v 0.62500000 2.10625000 0.62500000
v 0.62500000 2.16875000 0.59911200
v 0.62500000 2.51786200 0.75000000
v 0.62500000 2.73125000 0.62500000
v 0.62500000 2.54375000 0.81250000
v 0.62500000 2.16875000 0.40088800
v 0.62500000 2.29375000 0.18750000
v 0.62500000 2.31963800 0.25000000
v 0.62500000 2.51786200 0.25000000
v 0.62500000 2.73125000 0.37500000
v 0.62500000 2.66875000 0.40088800
v 0.62500000 2.16875000 0.59911200
v 0.62500000 2.10625000 0.37500000
v 0.62500000 2.16875000 0.40088800
v 0.62500000 2.31963800 0.25000000
v 0.62500000 2.54375000 0.18750000
v 0.62500000 2.51786200 0.25000000
v 0.62500000 2.66875000 0.40088800
v 0.62500000 2.73125000 0.62500000
v 0.62500000 2.66875000 0.59911200
v 0.62500000 2.51786200 0.75000000
v 0.62500000 2.29375000 0.81250000
v 0.62500000 2.31963800 0.75000000
v 0.62500000 2.66875000 0.40088800
v 0.56250000 2.66875000 0.59911200
v 0.56250000 2.66875000 0.40088800
v 0.62500000 2.16875000 0.40088800
v 0.56250000 2.16875000 0.59911200
v 0.62500000 2.16875000 0.59911200
v 0.62500000 2.31963800 0.25000000
v 0.56250000 2.16875000 0.40088800
v 0.62500000 2.16875000 0.40088800
v 0.62500000 2.16875000 0.59911200
v 0.56250000 2.31963800 0.75000000
v 0.62500000 2.31963800 0.75000000
v 0.62500000 2.31963800 0.75000000
v 0.56250000 2.51786200 0.75000000
v 0.62500000 2.51786200 0.75000000
v 0.62500000 2.51786200 0.25000000
v 0.56250000 2.31963800 0.25000000
v 0.62500000 2.31963800 0.25000000
v 0.62500000 2.66875000 0.40088800
v 0.56250000 2.51786200 0.25000000
v 0.62500000 2.51786200 0.25000000
v 0.59375000 1.47009400 -0.87093800
v 0.59375000 2.22947600 0.04415900
v 0.59375000 1.42416200 -0.82855200
v 0.53125000 2.22947600 0.04415900
v 0.59375000 1.42416200 -0.82855200
v 0.59375000 2.22947600 0.04415900
v 0.59375000 2.27540900 0.00177400
v 0.53125000 1.47009400 -0.87093800
v 0.53125000 2.27540900 0.00177400
v 0.59375000 1.42416200 1.82855200
v 0.59375000 2.27540900 0.99822600
v 0.59375000 1.47009400 1.87093800
v 0.59375000 1.42416200 1.82855200
v 0.53125000 2.22947600 0.95584100
v 0.59375000 2.22947600 0.95584100
v 0.53125000 1.47009400 1.87093800
v 0.59375000 2.27540900 0.99822600
v 0.53125000 2.27540900 0.99822600
v 0.59375000 2.56302100 -0.00918900
v 0.59375000 3.00000000 -0.26612885
v 0.59375000 3.00000000 -0.21844331
v 0.59375000 2.59706100 0.04322800
v 0.59375000 3.00000000 -0.21844331
v 0.55260331 3.00000000 -0.21844331
v 0.53125000 2.59706100 0.04322800
v 0.59375000 2.59706100 0.04322800
v 0.53125000 3.00000000 -0.29296612
v 0.57059278 3.00000000 -0.29296612
v 0.59375000 2.56302100 -0.00918900
v 0.53125000 2.56302100 -0.00918900
v 0.59375000 2.59706100 0.95677100
v 0.59375000 3.00000000 1.24466031
v 0.59375000 3.00000000 1.29296549
v 0.59375000 2.56302100 1.00918800
v 0.53125000 2.59706100 0.95677200
v 0.55260331 3.00000000 1.21844331
v 0.59375000 3.00000000 1.21844265
v 0.59375000 2.59706100 0.95677100
v 0.53125000 3.00000000 1.29296549
v 0.53125000 2.56302100 1.00918800
v 0.55440722 3.00000000 1.29296549
v 0.62500000 2.54375000 0.81250000
v 0.62500000 2.60625000 1.87500000
v 0.62500000 2.54375000 1.87500000
v 0.62500000 2.60625000 1.87500000
v 0.56250000 2.54375000 1.87500000
v 0.62500000 2.54375000 1.87500000
v 0.56250000 2.60625000 -0.87500000
v 0.62500000 2.54375000 -0.87500000
v 0.56250000 2.54375000 -0.87500000
v 0.56250000 2.54375000 0.18750000
v 0.62500000 2.54375000 -0.87500000
v 0.62500000 2.54375000 0.18750000
v 0.62500000 2.60625000 0.25000000
v 0.56250000 2.60625000 -0.87500000
v 0.56250000 2.60625000 0.25000000
v 0.62500000 2.29375000 0.81250000
v 0.62500000 2.23125000 1.87500000
v 0.62500000 2.23125000 0.75000000
v 0.62500000 2.29375000 1.87500000
v 0.56250000 2.23125000 1.87500000
v 0.62500000 2.23125000 1.87500000
v 0.56250000 2.29375000 -0.87500000
v 0.62500000 2.23125000 -0.87500000
v 0.56250000 2.23125000 -0.87500000
v 0.56250000 2.23125000 0.25000000
v 0.62500000 2.23125000 -0.87500000
v 0.62500000 2.23125000 0.25000000
v 0.62500000 2.29375000 0.18750000
v 0.56250000 2.29375000 -0.87500000
v 0.56250000 2.29375000 0.18750000
v 0.62500000 2.60625000 1.87500000
v 0.56250000 2.60625000 0.75000000
v 0.56250000 2.60625000 1.87500000
v 0.56250000 2.54375000 1.87500000
v 0.62500000 2.54375000 0.81250000
v 0.62500000 2.54375000 1.87500000
v 0.62500000 2.60625000 -0.87500000
v 0.62500000 2.54375000 0.18750000
v 0.62500000 2.54375000 -0.87500000
v 0.62500000 2.29375000 1.87500000
v 0.56250000 2.29375000 0.81250000
v 0.56250000 2.29375000 1.87500000
v 0.56250000 2.23125000 1.87500000
v 0.62500000 2.23125000 0.75000000
v 0.62500000 2.23125000 1.87500000
v 0.62500000 2.23125000 -0.87500000
v 0.62500000 2.29375000 0.18750000
v 0.62500000 2.23125000 0.25000000
v 0.62500000 1.48125000 1.87500000
v 0.56250000 2.23125000 1.87500000
v 0.56250000 1.48125000 1.87500000
v 0.56250000 1.48125000 1.81250000
v 0.62500000 2.23125000 1.81250000
v 0.62500000 1.48125000 1.81250000
v 0.62500000 1.48125000 1.81250000
v 0.62500000 2.23125000 1.87500000
v 0.62500000 1.48125000 1.87500000
v 0.62500000 1.48125000 1.00000000
v 0.56250000 2.23125000 1.00000000
v 0.56250000 1.48125000 1.00000000
v 0.56250000 1.48125000 0.93750000
v 0.62500000 2.23125000 0.93750000
v 0.62500000 1.48125000 0.93750000
v 0.62500000 1.48125000 0.93750000
v 0.62500000 2.23125000 1.00000000
v 0.62500000 1.48125000 1.00000000
v 0.56250000 2.23125000 -0.87500000
v 0.62500000 1.48125000 -0.87500000
v 0.56250000 1.48125000 -0.87500000
v 0.62500000 2.23125000 -0.81250000
v 0.56250000 1.48125000 -0.81250000
v 0.62500000 1.48125000 -0.81250000
v 0.62500000 2.23125000 -0.87500000
v 0.62500000 1.48125000 -0.81250000
v 0.62500000 1.48125000 -0.87500000
v 0.56250000 2.23125000 0.00000000
v 0.62500000 1.48125000 0.00000000
v 0.56250000 1.48125000 0.00000000
v 0.62500000 2.23125000 0.06250000
v 0.56250000 1.48125000 0.06250000
v 0.62500000 1.48125000 0.06250000
v 0.62500000 2.23125000 0.00000000
v 0.62500000 1.48125000 0.06250000
v 0.62500000 1.48125000 0.00000000
v 0.60312500 3.00000000 1.87500000
v 0.62500000 2.60625000 1.87500000
v 0.62500000 3.00000000 1.87500000
v 0.58437500 3.00000000 1.81250000
v 0.56250000 2.60625000 1.81250000
v 0.56250000 3.00000000 1.81250000
v 0.62500000 3.00000000 1.83437500
v 0.62500000 2.60625000 1.81250000
v 0.62500000 3.00000000 1.81250000
v 0.60312500 3.00000000 0.99999800
v 0.62500000 2.60625000 0.99999800
v 0.62500000 3.00000000 0.99999800
v 0.58437500 3.00000000 0.93749800
v 0.56250000 2.60625000 0.93749800
v 0.56250000 3.00000000 0.93749800
v 0.62500000 3.00000000 0.95937300
v 0.62500000 2.60625000 0.93749800
v 0.62500000 3.00000000 0.93749800
v 0.62500000 3.00000000 -0.87500035
v 0.62500000 2.60625000 -0.87500000
v 0.60312500 3.00000000 -0.87500035
v 0.56250000 3.00000000 -0.81250035
v 0.56250000 2.60625000 -0.81250000
v 0.58437500 3.00000000 -0.81250035
v 0.62500000 3.00000000 -0.81250035
v 0.62500000 2.60625000 -0.81250000
v 0.62500000 3.00000000 -0.83437535
v 0.62500000 3.00000000 0.00000165
v 0.62500000 2.60625000 0.00000200
v 0.60312500 3.00000000 0.00000165
v 0.56250000 3.00000000 0.06250165
v 0.56250000 2.60625000 0.06250200
v 0.58437500 3.00000000 0.06250165
v 0.62500000 3.00000000 0.02187665
v 0.62500000 2.60625000 0.00000200
v 0.62500000 3.00000000 0.00000165
v 0.62500000 1.48125000 -0.87500000
v 0.62500000 1.41875000 1.87500000
v 0.62500000 1.41875000 -0.87500000
v 0.62500000 1.48125000 1.87500000
v 0.56250000 1.41875000 1.87500000
v 0.62500000 1.41875000 1.87500000
v 0.56250000 1.48125000 -0.87500000
v 0.62500000 1.41875000 -0.87500000
v 0.56250000 1.41875000 -0.87500000
v 0.56250000 1.41875000 1.87500000
v 0.62500000 1.41875000 -0.87500000
v 0.62500000 1.41875000 1.87500000
v 0.62500000 1.48125000 1.87500000
v 0.56250000 1.48125000 -0.87500000
v 0.56250000 1.48125000 1.87500000
v 0.37500000 1.91875000 0.87500000
v 0.37500000 1.54375000 0.12500000
v 0.37500000 1.54375000 0.87500000
v 0.37500000 1.91875000 0.12500000
v 0.43750000 1.54375000 0.12500000
v 0.37500000 1.54375000 0.12500000
v 0.43750000 1.91875000 0.87500000
v 0.37500000 1.54375000 0.87500000
v 0.43750000 1.54375000 0.87500000
v 0.43750000 1.54375000 0.12500000
v 0.37500000 1.54375000 0.87500000
v 0.37500000 1.54375000 0.12500000
v 0.37500000 1.91875000 0.12500000
v 0.43750000 1.91875000 0.87500000
v 0.43750000 1.91875000 0.12500000
v 0.43750000 2.54375000 0.81250000
v 0.37500000 2.29375000 0.81250000
v 0.43750000 2.29375000 0.81250000
v 0.37500000 2.73125000 0.37500000
v 0.43750000 2.73125000 0.62500000
v 0.43750000 2.73125000 0.37500000
v 0.37500000 2.51786200 0.25000000
v 0.43750000 2.66875000 0.40088800
v 0.37500000 2.66875000 0.40088800
v 0.37500000 2.54375000 0.18750000
v 0.43750000 2.29375000 0.18750000
v 0.37500000 2.29375000 0.18750000
v 0.37500000 2.10625000 0.37500000
v 0.43750000 2.29375000 0.18750000
v 0.43750000 2.10625000 0.37500000
v 0.43750000 2.73125000 0.37500000
v 0.37500000 2.54375000 0.18750000
v 0.37500000 2.73125000 0.37500000
v 0.43750000 2.10625000 0.62500000
v 0.37500000 2.29375000 0.81250000
v 0.37500000 2.10625000 0.62500000
v 0.37500000 2.73125000 0.62500000
v 0.43750000 2.54375000 0.81250000
v 0.43750000 2.73125000 0.62500000
v 0.43750000 2.10625000 0.37500000
v 0.37500000 2.10625000 0.62500000
v 0.37500000 2.10625000 0.37500000
v 0.37500000 2.31963800 0.25000000
v 0.37500000 2.10625000 0.37500000
v 0.37500000 2.16875000 0.40088800
v 0.37500000 2.51786200 0.25000000
v 0.37500000 2.73125000 0.37500000
v 0.37500000 2.54375000 0.18750000
v 0.37500000 2.31963800 0.75000000
v 0.37500000 2.10625000 0.62500000
v 0.37500000 2.29375000 0.81250000
v 0.37500000 2.51786200 0.75000000
v 0.37500000 2.73125000 0.62500000
v 0.37500000 2.66875000 0.59911200
v 0.37500000 2.16875000 0.40088800
v 0.37500000 2.10625000 0.62500000
v 0.37500000 2.16875000 0.59911200
v 0.37500000 2.31963800 0.75000000
v 0.37500000 2.54375000 0.81250000
v 0.37500000 2.51786200 0.75000000
v 0.37500000 2.66875000 0.59911200
v 0.37500000 2.73125000 0.37500000
v 0.37500000 2.66875000 0.40088800
v 0.37500000 2.51786200 0.25000000
v 0.37500000 2.29375000 0.18750000
v 0.37500000 2.31963800 0.25000000
v 0.37500000 2.66875000 0.40088800
v 0.43750000 2.66875000 0.59911200
v 0.37500000 2.66875000 0.59911200
v 0.37500000 2.16875000 0.59911200
v 0.43750000 2.16875000 0.40088800
v 0.37500000 2.16875000 0.40088800
v 0.37500000 2.31963800 0.75000000
v 0.43750000 2.16875000 0.59911200
v 0.37500000 2.16875000 0.59911200
v 0.37500000 2.16875000 0.40088800
v 0.43750000 2.31963800 0.25000000
v 0.37500000 2.31963800 0.25000000
v 0.37500000 2.31963800 0.25000000
v 0.43750000 2.51786200 0.25000000
v 0.37500000 2.51786200 0.25000000
v 0.37500000 2.51786200 0.75000000
v 0.43750000 2.31963800 0.75000000
v 0.37500000 2.31963800 0.75000000
v 0.37500000 2.66875000 0.59911200
v 0.43750000 2.51786200 0.75000000
v 0.37500000 2.51786200 0.75000000
v 0.40625000 1.47009400 1.87093800
v 0.40625000 2.22947600 0.95584100
v 0.40625000 1.42416200 1.82855200
v 0.46875000 2.22947600 0.95584100
v 0.40625000 1.42416200 1.82855200
v 0.40625000 2.22947600 0.95584100
v 0.40625000 2.27540900 0.99822600
v 0.46875000 1.47009400 1.87093800
v 0.46875000 2.27540900 0.99822600
v 0.40625000 1.42416200 -0.82855200
v 0.40625000 2.27540900 0.00177400
v 0.40625000 1.47009400 -0.87093800
v 0.40625000 1.42416200 -0.82855200
v 0.46875000 2.22947600 0.04415900
v 0.40625000 2.22947600 0.04415900
v 0.46875000 1.47009400 -0.87093800
v 0.40625000 2.27540900 0.00177400
v 0.46875000 2.27540900 0.00177400
v 0.40625000 3.00000000 1.29296612
v 0.40625000 3.00000000 1.24466096
v 0.40625000 2.59706100 0.95677200
v 0.40625000 2.56302100 1.00918900
v 0.40625000 3.00000000 1.21844331
v 0.44739669 3.00000000 1.21844331
v 0.46875000 2.59706100 0.95677200
v 0.40625000 2.59706100 0.95677200
v 0.46875000 3.00000000 1.29296612
v 0.42940722 3.00000000 1.29296612
v 0.40625000 2.56302100 1.00918900
v 0.46875000 2.56302100 1.00918900
v 0.40625000 2.59706100 0.04322800
v 0.40625000 3.00000000 -0.24466096
v 0.40625000 3.00000000 -0.29296549
v 0.40625000 2.56302100 -0.00918800
v 0.46875000 2.59706100 0.04322800
v 0.44739669 3.00000000 -0.21844331
v 0.40625000 3.00000000 -0.21844331
v 0.40625000 2.59706100 0.04322800
v 0.40625000 2.56302100 -0.00918800
v 0.42940722 3.00000000 -0.29296549
v 0.46875000 3.00000000 -0.29296549
v 0.46875000 2.56302100 -0.00918800
v 0.37500000 2.54375000 0.18750000
v 0.37500000 2.60625000 -0.87500000
v 0.37500000 2.54375000 -0.87500000
v 0.37500000 2.60625000 -0.87500000
v 0.43750000 2.54375000 -0.87500000
v 0.37500000 2.54375000 -0.87500000
v 0.43750000 2.60625000 1.87500000
v 0.37500000 2.54375000 1.87500000
v 0.43750000 2.54375000 1.87500000
v 0.43750000 2.54375000 0.81250000
v 0.37500000 2.54375000 1.87500000
v 0.37500000 2.54375000 0.81250000
v 0.37500000 2.60625000 0.75000000
v 0.43750000 2.60625000 1.87500000
v 0.43750000 2.60625000 0.75000000
v 0.37500000 2.29375000 0.18750000
v 0.37500000 2.23125000 -0.87500000
v 0.37500000 2.23125000 0.25000000
v 0.37500000 2.29375000 -0.87500000
v 0.43750000 2.23125000 -0.87500000
v 0.37500000 2.23125000 -0.87500000
v 0.43750000 2.29375000 1.87500000
v 0.37500000 2.23125000 1.87500000
v 0.43750000 2.23125000 1.87500000
v 0.43750000 2.23125000 0.75000000
v 0.37500000 2.23125000 1.87500000
v 0.37500000 2.23125000 0.75000000
v 0.37500000 2.29375000 0.81250000
v 0.43750000 2.29375000 1.87500000
v 0.43750000 2.29375000 0.81250000
v 0.37500000 2.60625000 -0.87500000
v 0.43750000 2.60625000 0.25000000
v 0.43750000 2.60625000 -0.87500000
v 0.43750000 2.54375000 -0.87500000
v 0.37500000 2.54375000 0.18750000
v 0.37500000 2.54375000 -0.87500000
v 0.37500000 2.60625000 1.87500000
v 0.37500000 2.54375000 0.81250000
v 0.37500000 2.54375000 1.87500000
v 0.37500000 2.29375000 -0.87500000
v 0.43750000 2.29375000 0.18750000
v 0.43750000 2.29375000 -0.87500000
v 0.43750000 2.23125000 -0.87500000
v 0.37500000 2.23125000 0.25000000
v 0.37500000 2.23125000 -0.87500000
v 0.37500000 2.23125000 1.87500000
v 0.37500000 2.29375000 0.81250000
v 0.37500000 2.23125000 0.75000000
v 0.37500000 1.48125000 -0.87500000
v 0.43750000 2.23125000 -0.87500000
v 0.43750000 1.48125000 -0.87500000
v 0.43750000 1.48125000 -0.81250000
v 0.37500000 2.23125000 -0.81250000
v 0.37500000 1.48125000 -0.81250000
v 0.37500000 1.48125000 -0.81250000
v 0.37500000 2.23125000 -0.87500000
v 0.37500000 1.48125000 -0.87500000
v 0.37500000 1.48125000 0.00000000
v 0.43750000 2.23125000 0.00000000
v 0.43750000 1.48125000 0.00000000
v 0.43750000 1.48125000 0.06250000
v 0.37500000 2.23125000 0.06250000
v 0.37500000 1.48125000 0.06250000
v 0.37500000 1.48125000 0.06250000
v 0.37500000 2.23125000 0.00000000
v 0.37500000 1.48125000 0.00000000
v 0.43750000 2.23125000 1.87500000
v 0.37500000 1.48125000 1.87500000
v 0.43750000 1.48125000 1.87500000
v 0.37500000 2.23125000 1.81250000
v 0.43750000 1.48125000 1.81250000
v 0.37500000 1.48125000 1.81250000
v 0.37500000 2.23125000 1.87500000
v 0.37500000 1.48125000 1.81250000
v 0.37500000 1.48125000 1.87500000
v 0.43750000 2.23125000 1.00000000
v 0.37500000 1.48125000 1.00000000
v 0.43750000 1.48125000 1.00000000
v 0.37500000 2.23125000 0.93750000
v 0.43750000 1.48125000 0.93750000
v 0.37500000 1.48125000 0.93750000
v 0.37500000 2.23125000 1.00000000
v 0.37500000 1.48125000 0.93750000
v 0.37500000 1.48125000 1.00000000
v 0.39687500 3.00000000 -0.87500000
v 0.37500000 2.60625000 -0.87500000
v 0.37500000 3.00000000 -0.87500000
v 0.41562500 3.00000000 -0.81250000
v 0.43750000 2.60625000 -0.81250000
v 0.43750000 3.00000000 -0.81250000
v 0.37500000 3.00000000 -0.83437500
v 0.37500000 2.60625000 -0.81250000
v 0.37500000 3.00000000 -0.81250000
v 0.39687500 3.00000000 0.00000200
v 0.37500000 2.60625000 0.00000200
v 0.37500000 3.00000000 0.00000200
v 0.41562500 3.00000000 0.06250200
v 0.43750000 2.60625000 0.06250200
v 0.43750000 3.00000000 0.06250200
v 0.37500000 3.00000000 0.04062700
v 0.37500000 2.60625000 0.06250200
v 0.37500000 3.00000000 0.06250200
v 0.37500000 3.00000000 1.87500035
v 0.37500000 2.60625000 1.87500000
v 0.39687500 3.00000000 1.87500035
v 0.43750000 3.00000000 1.81250035
v 0.43750000 2.60625000 1.81250000
v 0.41562500 3.00000000 1.81250035
v 0.37500000 3.00000000 1.81250035
v 0.37500000 2.60625000 1.81250000
v 0.37500000 3.00000000 1.83437535
v 0.37500000 3.00000000 0.99999835
v 0.37500000 2.60625000 0.99999800
v 0.39687500 3.00000000 0.99999835
v 0.43750000 3.00000000 0.93749835
v 0.43750000 2.60625000 0.93749800
v 0.41562500 3.00000000 0.93749835
v 0.37500000 3.00000000 0.97812335
v 0.37500000 2.60625000 0.99999800
v 0.37500000 3.00000000 0.99999835
v 0.37500000 1.48125000 1.87500000
v 0.37500000 1.41875000 -0.87500000
v 0.37500000 1.41875000 1.87500000
v 0.37500000 1.48125000 -0.87500000
v 0.43750000 1.41875000 -0.87500000
v 0.37500000 1.41875000 -0.87500000
v 0.43750000 1.48125000 1.87500000
v 0.37500000 1.41875000 1.87500000
v 0.43750000 1.41875000 1.87500000
v 0.43750000 1.41875000 -0.87500000
v 0.37500000 1.41875000 1.87500000
v 0.37500000 1.41875000 -0.87500000
v 0.37500000 1.48125000 -0.87500000
v 0.43750000 1.48125000 1.87500000
v 0.43750000 1.48125000 -0.87500000
v 0.43750000 3.00000000 0.95592105
v 0.43750000 3.00000000 -0.87500000
v 0.43750000 1.41875000 -0.87500000
v 0.47927632 3.00000000 -0.87500000
v 0.56250000 3.00000000 -0.87500000
v 0.56250000 1.41875000 -0.87500000
v 0.56250000 3.00000000 0.04407895
v 0.56250000 3.00000000 1.87500000
v 0.56250000 1.41875000 1.87500000
v 0.52072368 3.00000000 1.87500000
v 0.43750000 3.00000000 1.87500000
v 0.43750000 1.41875000 1.87500000
v 0.56250000 1.41875000 -0.87500000
v 0.56250000 1.41875000 1.87500000
v 0.43750000 1.41875000 1.87500000
v 0.43750000 1.41875000 -0.31250000
v 0.43750000 1.41875000 -0.68750000
v 0.43750000 1.35625000 -0.62500000
v 0.43750000 1.41875000 -0.68750000
v 0.56250000 1.41875000 -0.68750000
v 0.56250000 1.35625000 -0.62500000
v 0.56250000 1.41875000 -0.68750000
v 0.56250000 1.41875000 -0.31250000
v 0.56250000 1.35625000 -0.37500000
v 0.56250000 1.41875000 -0.31250000
v 0.43750000 1.41875000 -0.31250000
v 0.43750000 1.35625000 -0.37500000
v 0.56250000 1.35625000 -0.62500000
v 0.56250000 1.35625000 -0.37500000
v 0.43750000 1.35625000 -0.37500000
v 0.43750000 1.41875000 0.18750000
v 0.43750000 1.41875000 -0.18750000
v 0.43750000 1.35625000 -0.12500000
v 0.43750000 1.41875000 -0.18750000
v 0.56250000 1.41875000 -0.18750000
v 0.56250000 1.35625000 -0.12500000
v 0.56250000 1.41875000 -0.18750000
v 0.56250000 1.41875000 0.18750000
v 0.56250000 1.35625000 0.12500000
v 0.56250000 1.41875000 0.18750000
v 0.43750000 1.41875000 0.18750000
v 0.43750000 1.35625000 0.12500000
v 0.56250000 1.35625000 -0.12500000
v 0.56250000 1.35625000 0.12500000
v 0.43750000 1.35625000 0.12500000
v 0.43750000 1.41875000 0.68750000
v 0.43750000 1.41875000 0.31250000
v 0.43750000 1.35625000 0.37500000
v 0.43750000 1.41875000 0.31250000
v 0.56250000 1.41875000 0.31250000
v 0.56250000 1.35625000 0.37500000
v 0.56250000 1.41875000 0.31250000
v 0.56250000 1.41875000 0.68750000
v 0.56250000 1.35625000 0.62500000
v 0.56250000 1.41875000 0.68750000
v 0.43750000 1.41875000 0.68750000
v 0.43750000 1.35625000 0.62500000
v 0.56250000 1.35625000 0.37500000
v 0.56250000 1.35625000 0.62500000
v 0.43750000 1.35625000 0.62500000
v 0.43750000 1.41875000 1.18750000
v 0.43750000 1.41875000 0.81250000
v 0.43750000 1.35625000 0.87500000
v 0.43750000 1.41875000 0.81250000
v 0.56250000 1.41875000 0.81250000
v 0.56250000 1.35625000 0.87500000
v 0.56250000 1.41875000 0.81250000
v 0.56250000 1.41875000 1.18750000
v 0.56250000 1.35625000 1.12500000
v 0.56250000 1.41875000 1.18750000
v 0.43750000 1.41875000 1.18750000
v 0.43750000 1.35625000 1.12500000
v 0.56250000 1.35625000 0.87500000
v 0.56250000 1.35625000 1.12500000
v 0.43750000 1.35625000 1.12500000
v 0.43750000 1.41875000 1.68750000
v 0.43750000 1.41875000 1.31250000
v 0.43750000 1.35625000 1.37500000
v 0.43750000 1.41875000 1.31250000
v 0.56250000 1.41875000 1.31250000
v 0.56250000 1.35625000 1.37500000
v 0.56250000 1.41875000 1.31250000
v 0.56250000 1.41875000 1.68750000
v 0.56250000 1.35625000 1.62500000
v 0.56250000 1.41875000 1.68750000
v 0.43750000 1.41875000 1.68750000
v 0.43750000 1.35625000 1.62500000
v 0.56250000 1.35625000 1.37500000
v 0.56250000 1.35625000 1.62500000
v 0.43750000 1.35625000 1.62500000
v 0.62500000 1.91875000 0.12500000
v 0.62500000 1.91875000 0.87500000
v 0.62500000 1.54375000 0.87500000
v 0.62500000 1.91875000 0.87500000
v 0.56250000 1.91875000 0.87500000
v 0.56250000 1.54375000 0.87500000
v 0.56250000 1.91875000 0.12500000
v 0.62500000 1.91875000 0.12500000
v 0.62500000 1.54375000 0.12500000
v 0.56250000 1.54375000 0.87500000
v 0.56250000 1.54375000 0.12500000
v 0.62500000 1.54375000 0.12500000
v 0.62500000 1.91875000 0.87500000
v 0.62500000 1.91875000 0.12500000
v 0.56250000 1.91875000 0.12500000
v 0.56250000 2.54375000 0.18750000
v 0.62500000 2.54375000 0.18750000
v 0.62500000 2.29375000 0.18750000
v 0.62500000 2.73125000 0.62500000
v 0.62500000 2.73125000 0.37500000
v 0.56250000 2.73125000 0.37500000
v 0.62500000 2.51786200 0.75000000
v 0.56250000 2.51786200 0.75000000
v 0.56250000 2.66875000 0.59911200
v 0.62500000 2.54375000 0.81250000
v 0.56250000 2.54375000 0.81250000
v 0.56250000 2.29375000 0.81250000
v 0.62500000 2.10625000 0.62500000
v 0.62500000 2.29375000 0.81250000
v 0.56250000 2.29375000 0.81250000
v 0.56250000 2.73125000 0.62500000
v 0.56250000 2.54375000 0.81250000
v 0.62500000 2.54375000 0.81250000
v 0.62500000 2.10625000 0.37500000
v 0.56250000 2.10625000 0.37500000
v 0.56250000 2.29375000 0.18750000
v 0.62500000 2.73125000 0.37500000
v 0.62500000 2.54375000 0.18750000
v 0.56250000 2.54375000 0.18750000
v 0.56250000 2.10625000 0.62500000
v 0.56250000 2.10625000 0.37500000
v 0.62500000 2.10625000 0.37500000
v 0.62500000 2.31963800 0.75000000
v 0.62500000 2.29375000 0.81250000
v 0.62500000 2.10625000 0.62500000
v 0.62500000 2.51786200 0.75000000
v 0.62500000 2.66875000 0.59911200
v 0.62500000 2.73125000 0.62500000
v 0.62500000 2.16875000 0.40088800
v 0.62500000 2.10625000 0.37500000
v 0.62500000 2.29375000 0.18750000
v 0.62500000 2.51786200 0.25000000
v 0.62500000 2.54375000 0.18750000
v 0.62500000 2.73125000 0.37500000
v 0.62500000 2.16875000 0.59911200
v 0.62500000 2.10625000 0.62500000
v 0.62500000 2.10625000 0.37500000
v 0.62500000 2.31963800 0.25000000
v 0.62500000 2.29375000 0.18750000
v 0.62500000 2.54375000 0.18750000
v 0.62500000 2.66875000 0.40088800
v 0.62500000 2.73125000 0.37500000
v 0.62500000 2.73125000 0.62500000
v 0.62500000 2.51786200 0.75000000
v 0.62500000 2.54375000 0.81250000
v 0.62500000 2.29375000 0.81250000
v 0.62500000 2.66875000 0.40088800
v 0.62500000 2.66875000 0.59911200
v 0.56250000 2.66875000 0.59911200
v 0.62500000 2.16875000 0.40088800
v 0.56250000 2.16875000 0.40088800
v 0.56250000 2.16875000 0.59911200
v 0.62500000 2.31963800 0.25000000
v 0.56250000 2.31963800 0.25000000
v 0.56250000 2.16875000 0.40088800
v 0.62500000 2.16875000 0.59911200
v 0.56250000 2.16875000 0.59911200
v 0.56250000 2.31963800 0.75000000
v 0.62500000 2.31963800 0.75000000
v 0.56250000 2.31963800 0.75000000
v 0.56250000 2.51786200 0.75000000
v 0.62500000 2.51786200 0.25000000
v 0.56250000 2.51786200 0.25000000
v 0.56250000 2.31963800 0.25000000
v 0.62500000 2.66875000 0.40088800
v 0.56250000 2.66875000 0.40088800
v 0.56250000 2.51786200 0.25000000
v 0.59375000 1.47009400 -0.87093800
v 0.59375000 2.27540900 0.00177400
v 0.59375000 2.22947600 0.04415900
v 0.53125000 2.22947600 0.04415900
v 0.53125000 1.42416200 -0.82855200
v 0.59375000 1.42416200 -0.82855200
v 0.59375000 2.27540900 0.00177400
v 0.59375000 1.47009400 -0.87093800
v 0.53125000 1.47009400 -0.87093800
v 0.59375000 1.42416200 1.82855200
v 0.59375000 2.22947600 0.95584100
v 0.59375000 2.27540900 0.99822600
v 0.59375000 1.42416200 1.82855200
v 0.53125000 1.42416200 1.82855200
v 0.53125000 2.22947600 0.95584100
v 0.53125000 1.47009400 1.87093800
v 0.59375000 1.47009400 1.87093800
v 0.59375000 2.27540900 0.99822600
v 0.59375000 3.00000000 -0.26612885
v 0.59375000 2.56302100 -0.00918900
v 0.59375000 3.00000000 -0.29296612
v 0.55260331 3.00000000 -0.21844331
v 0.53125000 3.00000000 -0.21844331
v 0.53125000 2.59706100 0.04322800
v 0.57059278 3.00000000 -0.29296612
v 0.59375000 3.00000000 -0.29296612
v 0.59375000 2.56302100 -0.00918900
v 0.59375000 3.00000000 1.24466031
v 0.59375000 2.59706100 0.95677100
v 0.59375000 3.00000000 1.21844265
v 0.55260331 3.00000000 1.21844331
v 0.53125000 2.59706100 0.95677200
v 0.53125000 3.00000000 1.21844331
v 0.55440722 3.00000000 1.29296549
v 0.53125000 2.56302100 1.00918800
v 0.59375000 2.56302100 1.00918800
v 0.59375000 3.00000000 1.29296549
v 0.62500000 2.54375000 0.81250000
v 0.62500000 2.60625000 0.75000000
v 0.62500000 2.60625000 1.87500000
v 0.62500000 2.60625000 1.87500000
v 0.56250000 2.60625000 1.87500000
v 0.56250000 2.54375000 1.87500000
v 0.56250000 2.60625000 -0.87500000
v 0.62500000 2.60625000 -0.87500000
v 0.62500000 2.54375000 -0.87500000
v 0.56250000 2.54375000 0.18750000
v 0.56250000 2.54375000 -0.87500000
v 0.62500000 2.54375000 -0.87500000
v 0.62500000 2.60625000 0.25000000
v 0.62500000 2.60625000 -0.87500000
v 0.56250000 2.60625000 -0.87500000
v 0.62500000 2.29375000 0.81250000
v 0.62500000 2.29375000 1.87500000
v 0.62500000 2.23125000 1.87500000
v 0.62500000 2.29375000 1.87500000
v 0.56250000 2.29375000 1.87500000
v 0.56250000 2.23125000 1.87500000
v 0.56250000 2.29375000 -0.87500000
v 0.62500000 2.29375000 -0.87500000
v 0.62500000 2.23125000 -0.87500000
v 0.56250000 2.23125000 0.25000000
v 0.56250000 2.23125000 -0.87500000
v 0.62500000 2.23125000 -0.87500000
v 0.62500000 2.29375000 0.18750000
v 0.62500000 2.29375000 -0.87500000
v 0.56250000 2.29375000 -0.87500000
v 0.62500000 2.60625000 1.87500000
v 0.62500000 2.60625000 0.75000000
v 0.56250000 2.60625000 0.75000000
v 0.56250000 2.54375000 1.87500000
v 0.56250000 2.54375000 0.81250000
v 0.62500000 2.54375000 0.81250000
v 0.62500000 2.60625000 -0.87500000
v 0.62500000 2.60625000 0.25000000
v 0.62500000 2.54375000 0.18750000
v 0.62500000 2.29375000 1.87500000
v 0.62500000 2.29375000 0.81250000
v 0.56250000 2.29375000 0.81250000
v 0.56250000 2.23125000 1.87500000
v 0.56250000 2.23125000 0.75000000
v 0.62500000 2.23125000 0.75000000
v 0.62500000 2.23125000 -0.87500000
v 0.62500000 2.29375000 -0.87500000
v 0.62500000 2.29375000 0.18750000
v 0.62500000 1.48125000 1.87500000
v 0.62500000 2.23125000 1.87500000
v 0.56250000 2.23125000 1.87500000
v 0.56250000 1.48125000 1.81250000
v 0.56250000 2.23125000 1.81250000
v 0.62500000 2.23125000 1.81250000
v 0.62500000 1.48125000 1.81250000
v 0.62500000 2.23125000 1.81250000
v 0.62500000 2.23125000 1.87500000
v 0.62500000 1.48125000 1.00000000
v 0.62500000 2.23125000 1.00000000
v 0.56250000 2.23125000 1.00000000
v 0.56250000 1.48125000 0.93750000
v 0.56250000 2.23125000 0.93750000
v 0.62500000 2.23125000 0.93750000
v 0.62500000 1.48125000 0.93750000
v 0.62500000 2.23125000 0.93750000
v 0.62500000 2.23125000 1.00000000
v 0.56250000 2.23125000 -0.87500000
v 0.62500000 2.23125000 -0.87500000
v 0.62500000 1.48125000 -0.87500000
v 0.62500000 2.23125000 -0.81250000
v 0.56250000 2.23125000 -0.81250000
v 0.56250000 1.48125000 -0.81250000
v 0.62500000 2.23125000 -0.87500000
v 0.62500000 2.23125000 -0.81250000
v 0.62500000 1.48125000 -0.81250000
v 0.56250000 2.23125000 0.00000000
v 0.62500000 2.23125000 0.00000000
v 0.62500000 1.48125000 0.00000000
v 0.62500000 2.23125000 0.06250000
v 0.56250000 2.23125000 0.06250000
v 0.56250000 1.48125000 0.06250000
v 0.62500000 2.23125000 0.00000000
v 0.62500000 2.23125000 0.06250000
v 0.62500000 1.48125000 0.06250000
v 0.60312500 3.00000000 1.87500000
v 0.56250000 3.00000000 1.87500000
v 0.56250000 2.60625000 1.87500000
v 0.62500000 2.60625000 1.87500000
v 0.58437500 3.00000000 1.81250000
v 0.62500000 3.00000000 1.81250000
v 0.62500000 2.60625000 1.81250000
v 0.56250000 2.60625000 1.81250000
v 0.62500000 3.00000000 1.83437500
v 0.62500000 3.00000000 1.87500000
v 0.62500000 2.60625000 1.87500000
v 0.62500000 2.60625000 1.81250000
v 0.60312500 3.00000000 0.99999800
v 0.56250000 3.00000000 0.99999800
v 0.56250000 2.60625000 0.99999800
v 0.62500000 2.60625000 0.99999800
v 0.58437500 3.00000000 0.93749800
v 0.62500000 3.00000000 0.93749800
v 0.62500000 2.60625000 0.93749800
v 0.56250000 2.60625000 0.93749800
v 0.62500000 3.00000000 0.95937300
v 0.62500000 3.00000000 0.99999800
v 0.62500000 2.60625000 0.99999800
v 0.62500000 2.60625000 0.93749800
v 0.60312500 3.00000000 -0.87500035
v 0.62500000 2.60625000 -0.87500000
v 0.56250000 2.60625000 -0.87500000
v 0.56250000 3.00000000 -0.87500035
v 0.58437500 3.00000000 -0.81250035
v 0.56250000 2.60625000 -0.81250000
v 0.62500000 2.60625000 -0.81250000
v 0.62500000 3.00000000 -0.81250035
v 0.62500000 3.00000000 -0.83437535
v 0.62500000 2.60625000 -0.81250000
v 0.62500000 2.60625000 -0.87500000
v 0.62500000 3.00000000 -0.87500035
v 0.60312500 3.00000000 0.00000165
v 0.62500000 2.60625000 0.00000200
v 0.56250000 2.60625000 0.00000200
v 0.56250000 3.00000000 0.00000165
v 0.58437500 3.00000000 0.06250165
v 0.56250000 2.60625000 0.06250200
v 0.62500000 2.60625000 0.06250200
v 0.62500000 3.00000000 0.06250165
v 0.62500000 3.00000000 0.02187665
v 0.62500000 3.00000000 0.06250165
v 0.62500000 2.60625000 0.06250200
v 0.62500000 2.60625000 0.00000200
v 0.62500000 1.48125000 -0.87500000
v 0.62500000 1.48125000 1.87500000
v 0.62500000 1.41875000 1.87500000
v 0.62500000 1.48125000 1.87500000
v 0.56250000 1.48125000 1.87500000
v 0.56250000 1.41875000 1.87500000
v 0.56250000 1.48125000 -0.87500000
v 0.62500000 1.48125000 -0.87500000
v 0.62500000 1.41875000 -0.87500000
v 0.56250000 1.41875000 1.87500000
v 0.56250000 1.41875000 -0.87500000
v 0.62500000 1.41875000 -0.87500000
v 0.62500000 1.48125000 1.87500000
v 0.62500000 1.48125000 -0.87500000
v 0.56250000 1.48125000 -0.87500000
v 0.37500000 1.91875000 0.87500000
v 0.37500000 1.91875000 0.12500000
v 0.37500000 1.54375000 0.12500000
v 0.37500000 1.91875000 0.12500000
v 0.43750000 1.91875000 0.12500000
v 0.43750000 1.54375000 0.12500000
v 0.43750000 1.91875000 0.87500000
v 0.37500000 1.91875000 0.87500000
v 0.37500000 1.54375000 0.87500000
v 0.43750000 1.54375000 0.12500000
v 0.43750000 1.54375000 0.87500000
v 0.37500000 1.54375000 0.87500000
v 0.37500000 1.91875000 0.12500000
v 0.37500000 1.91875000 0.87500000
v 0.43750000 1.91875000 0.87500000
v 0.43750000 2.54375000 0.81250000
v 0.37500000 2.54375000 0.81250000
v 0.37500000 2.29375000 0.81250000
v 0.37500000 2.73125000 0.37500000
v 0.37500000 2.73125000 0.62500000
v 0.43750000 2.73125000 0.62500000
v 0.37500000 2.51786200 0.25000000
v 0.43750000 2.51786200 0.25000000
v 0.43750000 2.66875000 0.40088800
v 0.37500000 2.54375000 0.18750000
v 0.43750000 2.54375000 0.18750000
v 0.43750000 2.29375000 0.18750000
v 0.37500000 2.10625000 0.37500000
v 0.37500000 2.29375000 0.18750000
v 0.43750000 2.29375000 0.18750000
v 0.43750000 2.73125000 0.37500000
v 0.43750000 2.54375000 0.18750000
v 0.37500000 2.54375000 0.18750000
v 0.43750000 2.10625000 0.62500000
v 0.43750000 2.29375000 0.81250000
v 0.37500000 2.29375000 0.81250000
v 0.37500000 2.73125000 0.62500000
v 0.37500000 2.54375000 0.81250000
v 0.43750000 2.54375000 0.81250000
v 0.43750000 2.10625000 0.37500000
v 0.43750000 2.10625000 0.62500000
v 0.37500000 2.10625000 0.62500000
v 0.37500000 2.31963800 0.25000000
v 0.37500000 2.29375000 0.18750000
v 0.37500000 2.10625000 0.37500000
v 0.37500000 2.51786200 0.25000000
v 0.37500000 2.66875000 0.40088800
v 0.37500000 2.73125000 0.37500000
v 0.37500000 2.31963800 0.75000000
v 0.37500000 2.16875000 0.59911200
v 0.37500000 2.10625000 0.62500000
v 0.37500000 2.51786200 0.75000000
v 0.37500000 2.54375000 0.81250000
v 0.37500000 2.73125000 0.62500000
v 0.37500000 2.16875000 0.40088800
v 0.37500000 2.10625000 0.37500000
v 0.37500000 2.10625000 0.62500000
v 0.37500000 2.31963800 0.75000000
v 0.37500000 2.29375000 0.81250000
v 0.37500000 2.54375000 0.81250000
v 0.37500000 2.66875000 0.59911200
v 0.37500000 2.73125000 0.62500000
v 0.37500000 2.73125000 0.37500000
v 0.37500000 2.51786200 0.25000000
v 0.37500000 2.54375000 0.18750000
v 0.37500000 2.29375000 0.18750000
v 0.37500000 2.66875000 0.40088800
v 0.43750000 2.66875000 0.40088800
v 0.43750000 2.66875000 0.59911200
v 0.37500000 2.16875000 0.59911200
v 0.43750000 2.16875000 0.59911200
v 0.43750000 2.16875000 0.40088800
v 0.37500000 2.31963800 0.75000000
v 0.43750000 2.31963800 0.75000000
v 0.43750000 2.16875000 0.59911200
v 0.37500000 2.16875000 0.40088800
v 0.43750000 2.16875000 0.40088800
v 0.43750000 2.31963800 0.25000000
v 0.37500000 2.31963800 0.25000000
v 0.43750000 2.31963800 0.25000000
v 0.43750000 2.51786200 0.25000000
v 0.37500000 2.51786200 0.75000000
v 0.43750000 2.51786200 0.75000000
v 0.43750000 2.31963800 0.75000000
v 0.37500000 2.66875000 0.59911200
v 0.43750000 2.66875000 0.59911200
v 0.43750000 2.51786200 0.75000000
v 0.40625000 1.47009400 1.87093800
v 0.40625000 2.27540900 0.99822600
v 0.40625000 2.22947600 0.95584100
v 0.46875000 2.22947600 0.95584100
v 0.46875000 1.42416200 1.82855200
v 0.40625000 1.42416200 1.82855200
v 0.40625000 2.27540900 0.99822600
v 0.40625000 1.47009400 1.87093800
v 0.46875000 1.47009400 1.87093800
v 0.40625000 1.42416200 -0.82855200
v 0.40625000 2.22947600 0.04415900
v 0.40625000 2.27540900 0.00177400
v 0.40625000 1.42416200 -0.82855200
v 0.46875000 1.42416200 -0.82855200
v 0.46875000 2.22947600 0.04415900
v 0.46875000 1.47009400 -0.87093800
v 0.40625000 1.47009400 -0.87093800
v 0.40625000 2.27540900 0.00177400
v 0.40625000 3.00000000 1.24466096
v 0.40625000 3.00000000 1.21844331
v 0.40625000 2.59706100 0.95677200
v 0.44739669 3.00000000 1.21844331
v 0.46875000 3.00000000 1.21844331
v 0.46875000 2.59706100 0.95677200
v 0.42940722 3.00000000 1.29296612
v 0.40625000 3.00000000 1.29296612
v 0.40625000 2.56302100 1.00918900
v 0.40625000 3.00000000 -0.24466096
v 0.40625000 2.59706100 0.04322800
v 0.40625000 3.00000000 -0.21844331
v 0.44739669 3.00000000 -0.21844331
v 0.46875000 2.59706100 0.04322800
v 0.46875000 3.00000000 -0.21844331
v 0.42940722 3.00000000 -0.29296549
v 0.40625000 2.56302100 -0.00918800
v 0.40625000 3.00000000 -0.29296549
v 0.37500000 2.54375000 0.18750000
v 0.37500000 2.60625000 0.25000000
v 0.37500000 2.60625000 -0.87500000
v 0.37500000 2.60625000 -0.87500000
v 0.43750000 2.60625000 -0.87500000
v 0.43750000 2.54375000 -0.87500000
v 0.43750000 2.60625000 1.87500000
v 0.37500000 2.60625000 1.87500000
v 0.37500000 2.54375000 1.87500000
v 0.43750000 2.54375000 0.81250000
v 0.43750000 2.54375000 1.87500000
v 0.37500000 2.54375000 1.87500000
v 0.37500000 2.60625000 0.75000000
v 0.37500000 2.60625000 1.87500000
v 0.43750000 2.60625000 1.87500000
v 0.37500000 2.29375000 0.18750000
v 0.37500000 2.29375000 -0.87500000
v 0.37500000 2.23125000 -0.87500000
v 0.37500000 2.29375000 -0.87500000
v 0.43750000 2.29375000 -0.87500000
v 0.43750000 2.23125000 -0.87500000
v 0.43750000 2.29375000 1.87500000
v 0.37500000 2.29375000 1.87500000
v 0.37500000 2.23125000 1.87500000
v 0.43750000 2.23125000 0.75000000
v 0.43750000 2.23125000 1.87500000
v 0.37500000 2.23125000 1.87500000
v 0.37500000 2.29375000 0.81250000
v 0.37500000 2.29375000 1.87500000
v 0.43750000 2.29375000 1.87500000
v 0.37500000 2.60625000 -0.87500000
v 0.37500000 2.60625000 0.25000000
v 0.43750000 2.60625000 0.25000000
v 0.43750000 2.54375000 -0.87500000
v 0.43750000 2.54375000 0.18750000
v 0.37500000 2.54375000 0.18750000
v 0.37500000 2.60625000 1.87500000
v 0.37500000 2.60625000 0.75000000
v 0.37500000 2.54375000 0.81250000
v 0.37500000 2.29375000 -0.87500000
v 0.37500000 2.29375000 0.18750000
v 0.43750000 2.29375000 0.18750000
v 0.43750000 2.23125000 -0.87500000
v 0.43750000 2.23125000 0.25000000
v 0.37500000 2.23125000 0.25000000
v 0.37500000 2.23125000 1.87500000
v 0.37500000 2.29375000 1.87500000
v 0.37500000 2.29375000 0.81250000
v 0.37500000 1.48125000 -0.87500000
v 0.37500000 2.23125000 -0.87500000
v 0.43750000 2.23125000 -0.87500000
v 0.43750000 1.48125000 -0.81250000
v 0.43750000 2.23125000 -0.81250000
v 0.37500000 2.23125000 -0.81250000
v 0.37500000 1.48125000 -0.81250000
v 0.37500000 2.23125000 -0.81250000
v 0.37500000 2.23125000 -0.87500000
v 0.37500000 1.48125000 0.00000000
v 0.37500000 2.23125000 0.00000000
v 0.43750000 2.23125000 0.00000000
v 0.43750000 1.48125000 0.06250000
v 0.43750000 2.23125000 0.06250000
v 0.37500000 2.23125000 0.06250000
v 0.37500000 1.48125000 0.06250000
v 0.37500000 2.23125000 0.06250000
v 0.37500000 2.23125000 0.00000000
v 0.43750000 2.23125000 1.87500000
v 0.37500000 2.23125000 1.87500000
v 0.37500000 1.48125000 1.87500000
v 0.37500000 2.23125000 1.81250000
v 0.43750000 2.23125000 1.81250000
v 0.43750000 1.48125000 1.81250000
v 0.37500000 2.23125000 1.87500000
v 0.37500000 2.23125000 1.81250000
v 0.37500000 1.48125000 1.81250000
v 0.43750000 2.23125000 1.00000000
v 0.37500000 2.23125000 1.00000000
v 0.37500000 1.48125000 1.00000000
v 0.37500000 2.23125000 0.93750000
v 0.43750000 2.23125000 0.93750000
v 0.43750000 1.48125000 0.93750000
v 0.37500000 2.23125000 1.00000000
v 0.37500000 2.23125000 0.93750000
v 0.37500000 1.48125000 0.93750000
v 0.39687500 3.00000000 -0.87500000
v 0.43750000 3.00000000 -0.87500000
v 0.43750000 2.60625000 -0.87500000
v 0.37500000 2.60625000 -0.87500000
v 0.41562500 3.00000000 -0.81250000
v 0.37500000 3.00000000 -0.81250000
v 0.37500000 2.60625000 -0.81250000
v 0.43750000 2.60625000 -0.81250000
v 0.37500000 3.00000000 -0.83437500
v 0.37500000 3.00000000 -0.87500000
v 0.37500000 2.60625000 -0.87500000
v 0.37500000 2.60625000 -0.81250000
v 0.39687500 3.00000000 0.00000200
v 0.43750000 3.00000000 0.00000200
v 0.43750000 2.60625000 0.00000200
v 0.37500000 2.60625000 0.00000200
v 0.41562500 3.00000000 0.06250200
v 0.37500000 3.00000000 0.06250200
v 0.37500000 2.60625000 0.06250200
v 0.43750000 2.60625000 0.06250200
v 0.37500000 3.00000000 0.04062700
v 0.37500000 3.00000000 0.00000200
v 0.37500000 2.60625000 0.00000200
v 0.37500000 2.60625000 0.06250200
v 0.39687500 3.00000000 1.87500035
v 0.37500000 2.60625000 1.87500000
v 0.43750000 2.60625000 1.87500000
v 0.43750000 3.00000000 1.87500035
v 0.41562500 3.00000000 1.81250035
v 0.43750000 2.60625000 1.81250000
v 0.37500000 2.60625000 1.81250000
v 0.37500000 3.00000000 1.81250035
v 0.37500000 3.00000000 1.83437535
v 0.37500000 2.60625000 1.81250000
v 0.37500000 2.60625000 1.87500000
v 0.37500000 3.00000000 1.87500035
v 0.39687500 3.00000000 0.99999835
v 0.37500000 2.60625000 0.99999800
v 0.43750000 2.60625000 0.99999800
v 0.43750000 3.00000000 0.99999835
v 0.41562500 3.00000000 0.93749835
v 0.43750000 2.60625000 0.93749800
v 0.37500000 2.60625000 0.93749800
v 0.37500000 3.00000000 0.93749835
v 0.37500000 3.00000000 0.97812335
v 0.37500000 3.00000000 0.93749835
v 0.37500000 2.60625000 0.93749800
v 0.37500000 2.60625000 0.99999800
v 0.37500000 1.48125000 1.87500000
v 0.37500000 1.48125000 -0.87500000
v 0.37500000 1.41875000 -0.87500000
v 0.37500000 1.48125000 -0.87500000
v 0.43750000 1.48125000 -0.87500000
v 0.43750000 1.41875000 -0.87500000
v 0.43750000 1.48125000 1.87500000
v 0.37500000 1.48125000 1.87500000
v 0.37500000 1.41875000 1.87500000
v 0.43750000 1.41875000 -0.87500000
v 0.43750000 1.41875000 1.87500000
v 0.37500000 1.41875000 1.87500000
v 0.37500000 1.48125000 -0.87500000
v 0.37500000 1.48125000 1.87500000
v 0.43750000 1.48125000 1.87500000
v 0.25000000 0.12500000 1.75000000
v 0.25000000 0.00000000 -0.75000000
v 0.25000000 0.00000000 1.75000000
v 0.25000000 0.12500000 -0.75000000
v 0.25000000 2.25000000 -1.00000000
v 0.25000000 0.12500000 -1.00000000
v 0.75000000 0.12500000 -0.75000000
v 0.75000000 0.00000000 1.75000000
v 0.75000000 0.00000000 -0.75000000
v 0.25000000 0.00000000 1.75000000
v 0.25000000 0.12500000 2.00000000
v 0.25000000 0.12500000 1.75000000
v 0.75000000 0.00000000 -0.75000000
v 0.25000000 0.00000000 1.75000000
v 0.25000000 0.00000000 -0.75000000
v 0.25000000 0.12500000 -0.75000000
v 0.37500000 0.12500000 1.75000000
v 0.37500000 0.12500000 -0.75000000
v 0.75000000 0.12500000 2.00000000
v 0.25000000 0.00000000 2.00000000
v 0.75000000 0.00000000 2.00000000
v 0.75000000 0.00000000 1.75000000
v 0.25000000 0.00000000 2.00000000
v 0.25000000 0.00000000 1.75000000
v 0.75000000 0.12500000 -0.75000000
v 0.62500000 2.25000000 -0.75000000
v 0.62500000 0.12500000 -0.75000000
v 0.75000000 0.12500000 1.75000000
v 0.75000000 0.00000000 2.00000000
v 0.75000000 0.00000000 1.75000000
v 0.25000000 0.12500000 -1.00000000
v 0.75000000 0.00000000 -1.00000000
v 0.25000000 0.00000000 -1.00000000
v 0.25000000 0.12500000 -0.75000000
v 0.25000000 0.00000000 -1.00000000
v 0.25000000 0.00000000 -0.75000000
v 0.75000000 0.00000000 -0.75000000
v 0.75000000 0.12500000 -1.00000000
v 0.75000000 0.12500000 -0.75000000
v 0.25000000 0.00000000 -0.75000000
v 0.75000000 0.00000000 -1.00000000
v 0.75000000 0.00000000 -0.75000000
v 0.75000000 2.25000000 1.75000000
v 0.75000000 3.00000000 2.00000000
v 0.75000000 2.25000000 2.00000000
v 0.75000000 2.25000000 -1.00000000
v 0.75000000 3.00000000 -0.75000000
v 0.75000000 2.25000000 -0.75000000
v 0.75000000 0.12500000 1.75000000
v 0.75000000 2.25000000 2.00000000
v 0.75000000 0.12500000 2.00000000
v 0.25000000 0.12500000 2.00000000
v 0.25000000 2.25000000 1.75000000
v 0.25000000 0.12500000 1.75000000
v 0.75000000 0.12500000 2.00000000
v 0.25000000 2.25000000 2.00000000
v 0.25000000 0.12500000 2.00000000
v 0.75000000 0.12500000 -1.00000000
v 0.75000000 2.25000000 -0.75000000
v 0.75000000 0.12500000 -0.75000000
v 0.25000000 0.12500000 -1.00000000
v 0.75000000 2.25000000 -1.00000000
v 0.75000000 0.12500000 -1.00000000
v 0.25000000 0.12500000 1.75000000
v 0.37500000 2.25000000 1.75000000
v 0.37500000 0.12500000 1.75000000
v 0.75000000 3.00000000 -0.75000000
v 0.25000000 3.00000000 -1.00000000
v 0.25000000 3.00000000 -0.75000000
v 0.25000000 3.00000000 1.75000000
v 0.75000000 3.00000000 2.00000000
v 0.75000000 3.00000000 1.75000000
v 0.75000000 2.25000000 2.00000000
v 0.25000000 3.00000000 2.00000000
v 0.25000000 2.25000000 2.00000000
v 0.75000000 2.50000000 -0.50000000
v 0.75000000 3.00000000 -0.75000000
v 0.75000000 3.00000000 -0.50000000
v 0.25000000 2.25000000 -0.75000000
v 0.25000000 3.00000000 -1.00000000
v 0.25000000 2.25000000 -1.00000000
v 0.25000000 2.25000000 -1.00000000
v 0.75000000 3.00000000 -1.00000000
v 0.75000000 2.25000000 -1.00000000
v 0.25000000 2.25000000 2.00000000
v 0.25000000 3.00000000 1.75000000
v 0.25000000 2.25000000 1.75000000
v 0.75000000 3.00000000 -0.50000000
v 0.25000000 3.00000000 -0.75000000
v 0.25000000 3.00000000 -0.50000000
v 0.25000000 2.50000000 -0.50000000
v 0.25000000 3.00000000 -0.75000000
v 0.25000000 2.25000000 -0.75000000
v 0.25000000 2.50000000 -0.50000000
v 0.37500000 2.25000000 -0.75000000
v 0.37500000 2.50000000 -0.50000000
v 0.25000000 2.25000000 1.75000000
v 0.37500000 2.50000000 1.50000000
v 0.37500000 2.25000000 1.75000000
v 0.25000000 3.00000000 1.75000000
v 0.25000000 2.50000000 1.50000000
v 0.25000000 2.25000000 1.75000000
v 0.75000000 3.00000000 1.75000000
v 0.25000000 3.00000000 1.50000000
v 0.25000000 3.00000000 1.75000000
v 0.75000000 3.00000000 1.75000000
v 0.75000000 2.50000000 1.50000000
v 0.75000000 3.00000000 1.50000000
v 0.25000000 2.50000000 1.50000000
v 0.37500000 2.50000000 -0.50000000
v 0.37500000 2.50000000 1.50000000
v 0.25000000 3.00000000 1.50000000
v 0.25000000 2.50000000 -0.50000000
v 0.25000000 2.50000000 1.50000000
v 0.75000000 3.00000000 1.50000000
v 0.25000000 3.00000000 -0.50000000
v 0.25000000 3.00000000 1.50000000
v 0.75000000 2.50000000 1.50000000
v 0.75000000 3.00000000 -0.50000000
v 0.75000000 3.00000000 1.50000000
v 0.62500000 2.50000000 1.50000000
v 0.75000000 2.50000000 -0.50000000
v 0.75000000 2.50000000 1.50000000
v 0.62500000 2.50000000 1.50000000
v 0.62500000 2.68750000 -0.50000000
v 0.62500000 2.50000000 -0.50000000
v 0.62500000 2.25000000 1.75000000
v 0.75000000 2.50000000 1.50000000
v 0.75000000 2.25000000 1.75000000
v 0.62500000 2.50000000 -0.50000000
v 0.75000000 2.25000000 -0.75000000
v 0.75000000 2.50000000 -0.50000000
v 0.62500000 0.12500000 1.75000000
v 0.75000000 2.25000000 1.75000000
v 0.75000000 0.12500000 1.75000000
v 0.37500000 0.12500000 -0.75000000
v 0.25000000 2.25000000 -0.75000000
v 0.25000000 0.12500000 -0.75000000
v 0.62500000 0.12500000 -0.75000000
v 0.75000000 0.12500000 1.75000000
v 0.75000000 0.12500000 -0.75000000
v 0.37500000 0.06250000 -0.75000000
v 0.62500000 0.06250000 1.75000000
v 0.62500000 0.06250000 -0.75000000
v 0.37500000 0.12500000 1.75000000
v 0.37500000 0.06250000 -0.75000000
v 0.37500000 0.12500000 -0.75000000
v 0.62500000 0.12500000 -0.75000000
v 0.62500000 0.06250000 1.75000000
v 0.62500000 0.12500000 1.75000000
v 0.62500000 0.12500000 -0.87500000
v 0.37500000 2.25000000 -0.87500000
v 0.37500000 0.12500000 -0.87500000
v 0.62500000 2.25000000 -0.75000000
v 0.62500000 0.12500000 -0.87500000
v 0.62500000 0.12500000 -0.75000000
v 0.37500000 0.12500000 -0.75000000
v 0.37500000 2.25000000 -0.87500000
v 0.37500000 2.25000000 -0.75000000
v 0.37500000 0.12500000 1.87500000
v 0.62500000 2.25000000 1.87500000
v 0.62500000 0.12500000 1.87500000
v 0.62500000 0.12500000 1.75000000
v 0.62500000 0.06250000 1.87500000
v 0.62500000 0.12500000 1.87500000
v 0.37500000 2.25000000 1.75000000
v 0.37500000 0.12500000 1.87500000
v 0.37500000 0.12500000 1.75000000
v 0.62500000 0.12500000 1.75000000
v 0.62500000 2.25000000 1.87500000
v 0.62500000 2.25000000 1.75000000
v 0.62500000 0.06250000 -0.75000000
v 0.37500000 0.06250000 -0.87500000
v 0.37500000 0.06250000 -0.75000000
v 0.37500000 0.06250000 1.75000000
v 0.62500000 0.06250000 1.87500000
v 0.62500000 0.06250000 1.75000000
v 0.62500000 0.12500000 -0.87500000
v 0.62500000 0.06250000 -0.75000000
v 0.62500000 0.12500000 -0.75000000
v 0.37500000 0.12500000 -0.87500000
v 0.62500000 0.06250000 -0.87500000
v 0.62500000 0.12500000 -0.87500000
v 0.37500000 0.12500000 -0.75000000
v 0.37500000 0.06250000 -0.87500000
v 0.37500000 0.12500000 -0.87500000
v 0.37500000 0.12500000 1.87500000
v 0.37500000 0.06250000 1.75000000
v 0.37500000 0.12500000 1.75000000
v 0.62500000 0.12500000 1.87500000
v 0.37500000 0.06250000 1.87500000
v 0.37500000 0.12500000 1.87500000
v 0.37500000 2.25000000 1.87500000
v 0.62500000 2.50000000 1.87500000
v 0.62500000 2.25000000 1.87500000
v 0.62500000 2.25000000 1.75000000
v 0.62500000 2.50000000 1.87500000
v 0.62500000 2.50000000 1.50000000
v 0.37500000 2.25000000 1.75000000
v 0.37500000 2.50000000 1.87500000
v 0.37500000 2.25000000 1.87500000
v 0.37500000 2.50000000 1.50000000
v 0.37500000 2.68750000 1.87500000
v 0.37500000 2.50000000 1.87500000
v 0.37500000 2.50000000 -0.87500000
v 0.62500000 2.25000000 -0.87500000
v 0.62500000 2.50000000 -0.87500000
v 0.62500000 2.25000000 -0.75000000
v 0.62500000 2.50000000 -0.87500000
v 0.62500000 2.25000000 -0.87500000
v 0.37500000 2.25000000 -0.75000000
v 0.37500000 2.50000000 -0.87500000
v 0.37500000 2.50000000 -0.50000000
v 0.62500000 2.50000000 -0.50000000
v 0.62500000 2.68750000 -0.87500000
v 0.62500000 2.50000000 -0.87500000
v 0.37500000 2.68750000 1.50000000
v 0.62500000 2.68750000 -0.50000000
v 0.62500000 2.68750000 1.50000000
v 0.62500000 2.68750000 1.50000000
v 0.37500000 2.68750000 1.87500000
v 0.37500000 2.68750000 1.50000000
v 0.37500000 2.68750000 -0.50000000
v 0.62500000 2.68750000 -0.87500000
v 0.62500000 2.68750000 -0.50000000
v 0.37500000 2.50000000 1.87500000
v 0.62500000 2.68750000 1.87500000
v 0.62500000 2.50000000 1.87500000
v 0.37500000 2.50000000 -0.87500000
v 0.37500000 2.68750000 -0.50000000
v 0.37500000 2.50000000 -0.50000000
v 0.62500000 2.50000000 -0.87500000
v 0.37500000 2.68750000 -0.87500000
v 0.37500000 2.50000000 -0.87500000
v 0.37500000 2.50000000 -0.50000000
v 0.37500000 2.68750000 1.50000000
v 0.37500000 2.50000000 1.50000000
v 0.62500000 2.50000000 1.87500000
v 0.62500000 2.68750000 1.50000000
v 0.62500000 2.50000000 1.50000000
v 0.25000000 0.12500000 1.75000000
v 0.25000000 0.12500000 -0.75000000
v 0.25000000 0.00000000 -0.75000000
v 0.25000000 0.12500000 -0.75000000
v 0.25000000 2.25000000 -0.75000000
v 0.25000000 2.25000000 -1.00000000
v 0.75000000 0.12500000 -0.75000000
v 0.75000000 0.12500000 1.75000000
v 0.75000000 0.00000000 1.75000000
v 0.25000000 0.00000000 1.75000000
v 0.25000000 0.00000000 2.00000000
v 0.25000000 0.12500000 2.00000000
v 0.75000000 0.00000000 -0.75000000
v 0.75000000 0.00000000 1.75000000
v 0.25000000 0.00000000 1.75000000
v 0.25000000 0.12500000 -0.75000000
v 0.25000000 0.12500000 1.75000000
v 0.37500000 0.12500000 1.75000000
v 0.75000000 0.12500000 2.00000000
v 0.25000000 0.12500000 2.00000000
v 0.25000000 0.00000000 2.00000000
v 0.75000000 0.00000000 1.75000000
v 0.75000000 0.00000000 2.00000000
v 0.25000000 0.00000000 2.00000000
v 0.75000000 0.12500000 -0.75000000
v 0.75000000 2.25000000 -0.75000000
v 0.62500000 2.25000000 -0.75000000
v 0.75000000 0.12500000 1.75000000
v 0.75000000 0.12500000 2.00000000
v 0.75000000 0.00000000 2.00000000
v 0.25000000 0.12500000 -1.00000000
v 0.75000000 0.12500000 -1.00000000
v 0.75000000 0.00000000 -1.00000000
v 0.25000000 0.12500000 -0.75000000
v 0.25000000 0.12500000 -1.00000000
v 0.25000000 0.00000000 -1.00000000
v 0.75000000 0.00000000 -0.75000000
v 0.75000000 0.00000000 -1.00000000
v 0.75000000 0.12500000 -1.00000000
v 0.25000000 0.00000000 -0.75000000
v 0.25000000 0.00000000 -1.00000000
v 0.75000000 0.00000000 -1.00000000
v 0.75000000 2.25000000 1.75000000
v 0.75000000 3.00000000 1.75000000
v 0.75000000 3.00000000 2.00000000
v 0.75000000 2.25000000 -1.00000000
v 0.75000000 3.00000000 -1.00000000
v 0.75000000 3.00000000 -0.75000000
v 0.75000000 0.12500000 1.75000000
v 0.75000000 2.25000000 1.75000000
v 0.75000000 2.25000000 2.00000000
v 0.25000000 0.12500000 2.00000000
v 0.25000000 2.25000000 2.00000000
v 0.25000000 2.25000000 1.75000000
v 0.75000000 0.12500000 2.00000000
v 0.75000000 2.25000000 2.00000000
v 0.25000000 2.25000000 2.00000000
v 0.75000000 0.12500000 -1.00000000
v 0.75000000 2.25000000 -1.00000000
v 0.75000000 2.25000000 -0.75000000
v 0.25000000 0.12500000 -1.00000000
v 0.25000000 2.25000000 -1.00000000
v 0.75000000 2.25000000 -1.00000000
v 0.25000000 0.12500000 1.75000000
v 0.25000000 2.25000000 1.75000000
v 0.37500000 2.25000000 1.75000000
v 0.75000000 3.00000000 -0.75000000
v 0.75000000 3.00000000 -1.00000000
v 0.25000000 3.00000000 -1.00000000
v 0.25000000 3.00000000 1.75000000
v 0.25000000 3.00000000 2.00000000
v 0.75000000 3.00000000 2.00000000
v 0.75000000 2.25000000 2.00000000
v 0.75000000 3.00000000 2.00000000
v 0.25000000 3.00000000 2.00000000
v 0.75000000 2.50000000 -0.50000000
v 0.75000000 2.25000000 -0.75000000
v 0.75000000 3.00000000 -0.75000000
v 0.25000000 2.25000000 -0.75000000
v 0.25000000 3.00000000 -0.75000000
v 0.25000000 3.00000000 -1.00000000
v 0.25000000 2.25000000 -1.00000000
v 0.25000000 3.00000000 -1.00000000
v 0.75000000 3.00000000 -1.00000000
v 0.25000000 2.25000000 2.00000000
v 0.25000000 3.00000000 2.00000000
v 0.25000000 3.00000000 1.75000000
v 0.75000000 3.00000000 -0.50000000
v 0.75000000 3.00000000 -0.75000000
v 0.25000000 3.00000000 -0.75000000
v 0.25000000 2.50000000 -0.50000000
v 0.25000000 3.00000000 -0.50000000
v 0.25000000 3.00000000 -0.75000000
v 0.25000000 2.50000000 -0.50000000
v 0.25000000 2.25000000 -0.75000000
v 0.37500000 2.25000000 -0.75000000
v 0.25000000 2.25000000 1.75000000
v 0.25000000 2.50000000 1.50000000
v 0.37500000 2.50000000 1.50000000
v 0.25000000 3.00000000 1.75000000
v 0.25000000 3.00000000 1.50000000
v 0.25000000 2.50000000 1.50000000
v 0.75000000 3.00000000 1.75000000
v 0.75000000 3.00000000 1.50000000
v 0.25000000 3.00000000 1.50000000
v 0.75000000 3.00000000 1.75000000
v 0.75000000 2.25000000 1.75000000
v 0.75000000 2.50000000 1.50000000
v 0.25000000 2.50000000 1.50000000
v 0.25000000 2.50000000 -0.50000000
v 0.37500000 2.50000000 -0.50000000
v 0.25000000 3.00000000 1.50000000
v 0.25000000 3.00000000 -0.50000000
v 0.25000000 2.50000000 -0.50000000
v 0.75000000 3.00000000 1.50000000
v 0.75000000 3.00000000 -0.50000000
v 0.25000000 3.00000000 -0.50000000
v 0.75000000 2.50000000 1.50000000
v 0.75000000 2.50000000 -0.50000000
v 0.75000000 3.00000000 -0.50000000
v 0.62500000 2.50000000 1.50000000
v 0.62500000 2.50000000 -0.50000000
v 0.75000000 2.50000000 -0.50000000
v 0.62500000 2.50000000 1.50000000
v 0.62500000 2.68750000 1.50000000
v 0.62500000 2.68750000 -0.50000000
v 0.62500000 2.25000000 1.75000000
v 0.62500000 2.50000000 1.50000000
v 0.75000000 2.50000000 1.50000000
v 0.62500000 2.50000000 -0.50000000
v 0.62500000 2.25000000 -0.75000000
v 0.75000000 2.25000000 -0.75000000
v 0.62500000 0.12500000 1.75000000
v 0.62500000 2.25000000 1.75000000
v 0.75000000 2.25000000 1.75000000
v 0.37500000 0.12500000 -0.75000000
v 0.37500000 2.25000000 -0.75000000
v 0.25000000 2.25000000 -0.75000000
v 0.62500000 0.12500000 -0.75000000
v 0.62500000 0.12500000 1.75000000
v 0.75000000 0.12500000 1.75000000
v 0.37500000 0.06250000 -0.75000000
v 0.37500000 0.06250000 1.75000000
v 0.62500000 0.06250000 1.75000000
v 0.37500000 0.12500000 1.75000000
v 0.37500000 0.06250000 1.75000000
v 0.37500000 0.06250000 -0.75000000
v 0.62500000 0.12500000 -0.75000000
v 0.62500000 0.06250000 -0.75000000
v 0.62500000 0.06250000 1.75000000
v 0.62500000 0.12500000 -0.87500000
v 0.62500000 2.25000000 -0.87500000
v 0.37500000 2.25000000 -0.87500000
v 0.62500000 2.25000000 -0.75000000
v 0.62500000 2.25000000 -0.87500000
v 0.62500000 0.12500000 -0.87500000
v 0.37500000 0.12500000 -0.75000000
v 0.37500000 0.12500000 -0.87500000
v 0.37500000 2.25000000 -0.87500000
v 0.37500000 0.12500000 1.87500000
v 0.37500000 2.25000000 1.87500000
v 0.62500000 2.25000000 1.87500000
v 0.62500000 0.12500000 1.75000000
v 0.62500000 0.06250000 1.75000000
v 0.62500000 0.06250000 1.87500000
v 0.37500000 2.25000000 1.75000000
v 0.37500000 2.25000000 1.87500000
v 0.37500000 0.12500000 1.87500000
v 0.62500000 0.12500000 1.75000000
v 0.62500000 0.12500000 1.87500000
v 0.62500000 2.25000000 1.87500000
v 0.62500000 0.06250000 -0.75000000
v 0.62500000 0.06250000 -0.87500000
v 0.37500000 0.06250000 -0.87500000
v 0.37500000 0.06250000 1.75000000
v 0.37500000 0.06250000 1.87500000
v 0.62500000 0.06250000 1.87500000
v 0.62500000 0.12500000 -0.87500000
v 0.62500000 0.06250000 -0.87500000
v 0.62500000 0.06250000 -0.75000000
v 0.37500000 0.12500000 -0.87500000
v 0.37500000 0.06250000 -0.87500000
v 0.62500000 0.06250000 -0.87500000
v 0.37500000 0.12500000 -0.75000000
v 0.37500000 0.06250000 -0.75000000
v 0.37500000 0.06250000 -0.87500000
v 0.37500000 0.12500000 1.87500000
v 0.37500000 0.06250000 1.87500000
v 0.37500000 0.06250000 1.75000000
v 0.62500000 0.12500000 1.87500000
v 0.62500000 0.06250000 1.87500000
v 0.37500000 0.06250000 1.87500000
v 0.37500000 2.25000000 1.87500000
v 0.37500000 2.50000000 1.87500000
v 0.62500000 2.50000000 1.87500000
v 0.62500000 2.25000000 1.75000000
v 0.62500000 2.25000000 1.87500000
v 0.62500000 2.50000000 1.87500000
v 0.37500000 2.25000000 1.75000000
v 0.37500000 2.50000000 1.50000000
v 0.37500000 2.50000000 1.87500000
v 0.37500000 2.50000000 1.50000000
v 0.37500000 2.68750000 1.50000000
v 0.37500000 2.68750000 1.87500000
v 0.37500000 2.50000000 -0.87500000
v 0.37500000 2.25000000 -0.87500000
v 0.62500000 2.25000000 -0.87500000
v 0.62500000 2.25000000 -0.75000000
v 0.62500000 2.50000000 -0.50000000
v 0.62500000 2.50000000 -0.87500000
v 0.37500000 2.25000000 -0.75000000
v 0.37500000 2.25000000 -0.87500000
v 0.37500000 2.50000000 -0.87500000
v 0.62500000 2.50000000 -0.50000000
v 0.62500000 2.68750000 -0.50000000
v 0.62500000 2.68750000 -0.87500000
v 0.37500000 2.68750000 1.50000000
v 0.37500000 2.68750000 -0.50000000
v 0.62500000 2.68750000 -0.50000000
v 0.62500000 2.68750000 1.50000000
v 0.62500000 2.68750000 1.87500000
v 0.37500000 2.68750000 1.87500000
v 0.37500000 2.68750000 -0.50000000
v 0.37500000 2.68750000 -0.87500000
v 0.62500000 2.68750000 -0.87500000
v 0.37500000 2.50000000 1.87500000
v 0.37500000 2.68750000 1.87500000
v 0.62500000 2.68750000 1.87500000
v 0.37500000 2.50000000 -0.87500000
v 0.37500000 2.68750000 -0.87500000
v 0.37500000 2.68750000 -0.50000000
v 0.62500000 2.50000000 -0.87500000
v 0.62500000 2.68750000 -0.87500000
v 0.37500000 2.68750000 -0.87500000
v 0.37500000 2.50000000 -0.50000000
v 0.37500000 2.68750000 -0.50000000
v 0.37500000 2.68750000 1.50000000
v 0.62500000 2.50000000 1.87500000
v 0.62500000 2.68750000 1.87500000
v 0.62500000 2.68750000 1.50000000
vt 0.39166700 0.39294866
vt 0.26912303 0.39294866
vt 0.02500000 0.23076900
vt 0.39166700 0.23076900
vt 0.02500000 0.39294866
vt 0.01942971 0.39294866
vt 0.00833300 0.23076900
vt 0.02500000 0.23076900
vt 0.77500000 0.39294866
vt 0.65245603 0.39294866
vt 0.40833300 0.23076900
vt 0.77500000 0.23076900
vt 0.40833300 0.39294866
vt 0.40276305 0.39294866
vt 0.39166700 0.23076900
vt 0.40833300 0.23076900
vt 0.02500000 0.21794900
vt 0.39166700 0.23076900
vt 0.02500000 0.23076900
vt 0.65833300 0.84615400
vt 0.70000000 0.85256400
vt 0.66666700 0.85256400
vt 0.70833300 0.85256400
vt 0.70000000 0.86538500
vt 0.70000000 0.85256400
vt 0.70833300 0.87179500
vt 0.66666700 0.86538500
vt 0.70000000 0.86538500
vt 0.65833300 0.86538500
vt 0.66666700 0.85256400
vt 0.66666700 0.86538500
vt 0.70000000 0.86538500
vt 0.66666700 0.85256400
vt 0.70000000 0.85256400
vt 0.71666700 0.84615400
vt 0.75833300 0.85256400
vt 0.72500000 0.85256400
vt 0.76666700 0.85256400
vt 0.75833300 0.86538500
vt 0.75833300 0.85256400
vt 0.76666700 0.87179500
vt 0.72500000 0.86538500
vt 0.75833300 0.86538500
vt 0.71666700 0.86538500
vt 0.72500000 0.85256400
vt 0.72500000 0.86538500
vt 0.75833300 0.86538500
vt 0.72500000 0.85256400
vt 0.75833300 0.85256400
vt 0.77500000 0.84615400
vt 0.81666700 0.85256400
vt 0.78333300 0.85256400
vt 0.82500000 0.85256400
vt 0.81666700 0.86538500
vt 0.81666700 0.85256400
vt 0.82500000 0.87179500
vt 0.78333300 0.86538500
vt 0.81666700 0.86538500
vt 0.77500000 0.86538500
vt 0.78333300 0.85256400
vt 0.78333300 0.86538500
vt 0.81666700 0.86538500
vt 0.78333300 0.85256400
vt 0.81666700 0.85256400
vt 0.83333300 0.84615400
vt 0.87500000 0.85256400
vt 0.84166700 0.85256400
vt 0.88333300 0.85256400
vt 0.87500000 0.86538500
vt 0.87500000 0.85256400
vt 0.88333300 0.87179500
vt 0.84166700 0.86538500
vt 0.87500000 0.86538500
vt 0.83333300 0.86538500
vt 0.84166700 0.85256400
vt 0.84166700 0.86538500
vt 0.87500000 0.86538500
vt 0.84166700 0.85256400
vt 0.87500000 0.85256400
vt 0.60000000 0.84615400
vt 0.64166700 0.85256400
vt 0.60833300 0.85256400
vt 0.65000000 0.85256400
vt 0.64166700 0.86538500
vt 0.64166700 0.85256400
vt 0.65000000 0.87179500
vt 0.60833300 0.86538500
vt 0.64166700 0.86538500
vt 0.60000000 0.86538500
vt 0.60833300 0.85256400
vt 0.60833300 0.86538500
vt 0.64166700 0.86538500
vt 0.60833300 0.85256400
vt 0.64166700 0.85256400
vt 0.90000000 0.09615400
vt 0.80000000 0.05769200
vt 0.90000000 0.05769200
vt 0.80000000 0.09615400
vt 0.79166700 0.05769200
vt 0.80000000 0.05769200
vt 0.90833300 0.09615400
vt 0.90000000 0.05769200
vt 0.90833300 0.05769200
vt 0.80000000 0.05128200
vt 0.90000000 0.05769200
vt 0.80000000 0.05769200
vt 0.80000000 0.09615400
vt 0.90000000 0.10256400
vt 0.80000000 0.10256400
vt 0.75000000 0.70512800
vt 0.75833300 0.73076900
vt 0.75000000 0.73076900
vt 0.77500000 0.03205100
vt 0.74166700 0.02564100
vt 0.77500000 0.02564100
vt 0.72500000 0.70192300
vt 0.71666700 0.67948700
vt 0.72500000 0.67948700
vt 0.73333300 0.70512800
vt 0.74166700 0.73076900
vt 0.73333300 0.73076900
vt 0.73333300 0.75641000
vt 0.74166700 0.73076900
vt 0.74166700 0.75641000
vt 0.74166700 0.67948700
vt 0.73333300 0.70512800
vt 0.73333300 0.67948700
vt 0.75833300 0.75641000
vt 0.75000000 0.73076900
vt 0.75833300 0.73076900
vt 0.75833300 0.67948700
vt 0.75000000 0.70512800
vt 0.75000000 0.67948700
vt 0.81666700 0.04487200
vt 0.78333300 0.03846200
vt 0.81666700 0.03846200
vt 0.72500000 0.73397400
vt 0.73333300 0.75641000
vt 0.72500000 0.75641000
vt 0.72500000 0.70192300
vt 0.73333300 0.67948700
vt 0.73333300 0.70512800
vt 0.76666700 0.75641000
vt 0.75833300 0.73076900
vt 0.76666700 0.73397400
vt 0.76666700 0.70192300
vt 0.75833300 0.67948700
vt 0.76666700 0.67948700
vt 0.81250000 0.03205100
vt 0.78333300 0.03846200
vt 0.78750000 0.03205100
vt 0.76666700 0.72756400
vt 0.75833300 0.70512800
vt 0.76666700 0.70833300
vt 0.74583300 0.03846200
vt 0.77500000 0.03205100
vt 0.77083300 0.03846200
vt 0.72500000 0.70833300
vt 0.73333300 0.73076900
vt 0.72500000 0.72756400
vt 0.74583300 0.03846200
vt 0.77083300 0.04487200
vt 0.74583300 0.04487200
vt 0.78750000 0.03205100
vt 0.81250000 0.02564100
vt 0.81250000 0.03205100
vt 0.76666700 0.73397400
vt 0.77500000 0.75641000
vt 0.76666700 0.75641000
vt 0.72500000 0.75641000
vt 0.71666700 0.73397400
vt 0.72500000 0.73397400
vt 0.72500000 0.72756400
vt 0.71666700 0.70833300
vt 0.72500000 0.70833300
vt 0.76666700 0.70833300
vt 0.77500000 0.72756400
vt 0.76666700 0.72756400
vt 0.76666700 0.67948700
vt 0.77500000 0.70192300
vt 0.76666700 0.70192300
vt 0.57500000 0.01282100
vt 0.73333300 0.01923100
vt 0.57500000 0.01923100
vt 0.73333300 0.02564100
vt 0.57500000 0.01923100
vt 0.73333300 0.01923100
vt 0.73333300 0.01282100
vt 0.57500000 0.00641000
vt 0.73333300 0.00641000
vt 0.57500000 0.04487200
vt 0.73333300 0.03846200
vt 0.57500000 0.03846200
vt 0.57500000 0.04487200
vt 0.73333300 0.05128200
vt 0.73333300 0.04487200
vt 0.57500000 0.03205100
vt 0.73333300 0.03846200
vt 0.73333300 0.03205100
vt 0.57500000 0.06410300
vt 0.64252278 0.06641138
vt 0.63905993 0.07051300
vt 0.57500000 0.07051300
vt 0.63905993 0.07051300
vt 0.63905993 0.07473300
vt 0.57500000 0.07692300
vt 0.57500000 0.07051300
vt 0.64447167 0.05769200
vt 0.64447167 0.06172762
vt 0.57500000 0.06410300
vt 0.57500000 0.05769200
vt 0.57500000 0.09615400
vt 0.64096382 0.09389892
vt 0.64447167 0.08974400
vt 0.57500000 0.08974400
vt 0.57500000 0.10256400
vt 0.63905993 0.10037400
vt 0.63905993 0.09615400
vt 0.57500000 0.09615400
vt 0.64447167 0.08333300
vt 0.57500000 0.08333300
vt 0.64447167 0.08570838
vt 0.71666700 0.16666700
vt 0.57500000 0.17307700
vt 0.57500000 0.16666700
vt 0.57500000 0.17307700
vt 0.56666700 0.16666700
vt 0.57500000 0.16666700
vt 0.95000000 0.17307700
vt 0.94166700 0.16666700
vt 0.95000000 0.16666700
vt 0.80000000 0.16025600
vt 0.94166700 0.16666700
vt 0.80000000 0.16666700
vt 0.79166700 0.17307700
vt 0.94166700 0.17948700
vt 0.79166700 0.17948700
vt 0.71666700 0.14743600
vt 0.57500000 0.14102600
vt 0.72500000 0.14102600
vt 0.57500000 0.14743600
vt 0.56666700 0.14102600
vt 0.57500000 0.14102600
vt 0.95000000 0.14743600
vt 0.94166700 0.14102600
vt 0.95000000 0.14102600
vt 0.79166700 0.13461500
vt 0.94166700 0.14102600
vt 0.79166700 0.14102600
vt 0.80000000 0.14743600
vt 0.94166700 0.15384600
vt 0.80000000 0.15384600
vt 0.57500000 0.17307700
vt 0.72500000 0.17948700
vt 0.57500000 0.17948700
vt 0.57500000 0.16025600
vt 0.71666700 0.16666700
vt 0.57500000 0.16666700
vt 0.94166700 0.17307700
vt 0.80000000 0.16666700
vt 0.94166700 0.16666700
vt 0.57500000 0.14743600
vt 0.71666700 0.15384600
vt 0.57500000 0.15384600
vt 0.57500000 0.13461500
vt 0.72500000 0.14102600
vt 0.57500000 0.14102600
vt 0.94166700 0.14102600
vt 0.80000000 0.14743600
vt 0.79166700 0.14102600
vt 0.72500000 0.76282000
vt 0.71666700 0.83974400
vt 0.71666700 0.76282000
vt 0.74166700 0.76282000
vt 0.73333300 0.83974400
vt 0.73333300 0.76282000
vt 0.73333300 0.76282000
vt 0.72500000 0.83974400
vt 0.72500000 0.76282000
vt 0.75833300 0.76282000
vt 0.75000000 0.83974400
vt 0.75000000 0.76282000
vt 0.77500000 0.76282000
vt 0.76666700 0.83974400
vt 0.76666700 0.76282000
vt 0.76666700 0.76282000
vt 0.75833300 0.83974400
vt 0.75833300 0.76282000
vt 0.84166700 0.83974400
vt 0.83333300 0.76282100
vt 0.84166700 0.76282100
vt 0.82500000 0.83974400
vt 0.81666700 0.76282100
vt 0.82500000 0.76282100
vt 0.83333300 0.83974400
vt 0.82500000 0.76282100
vt 0.83333300 0.76282100
vt 0.80833300 0.83974400
vt 0.80000000 0.76282000
vt 0.80833300 0.76282000
vt 0.79166700 0.83974400
vt 0.78333300 0.76282000
vt 0.79166700 0.76282000
vt 0.80000000 0.83974400
vt 0.79166700 0.76282000
vt 0.80000000 0.76282000
vt 0.58875010 0.75192275
vt 0.59166700 0.71153800
vt 0.59166700 0.75192275
vt 0.60541645 0.75192275
vt 0.60833300 0.71153800
vt 0.60833300 0.75192275
vt 0.59708345 0.75192275
vt 0.60000000 0.71153800
vt 0.60000000 0.75192275
vt 0.62208345 0.75192275
vt 0.62500000 0.71153800
vt 0.62500000 0.75192275
vt 0.63875010 0.75192275
vt 0.64166700 0.71153800
vt 0.64166700 0.75192275
vt 0.63041645 0.75192275
vt 0.63333300 0.71153800
vt 0.63333300 0.75192275
vt 0.70000000 0.75192275
vt 0.70000000 0.71153800
vt 0.70291655 0.75192275
vt 0.68333300 0.75192275
vt 0.68333300 0.71153800
vt 0.68624990 0.75192275
vt 0.69166700 0.75192275
vt 0.69166700 0.71153800
vt 0.69458355 0.75192275
vt 0.66666700 0.75192275
vt 0.66666700 0.71153800
vt 0.66958355 0.75192275
vt 0.65000000 0.75192275
vt 0.65000000 0.71153800
vt 0.65291655 0.75192275
vt 0.66375010 0.75192275
vt 0.66666700 0.71153800
vt 0.66666700 0.75192275
vt 0.57500000 0.11538500
vt 0.94166700 0.12179500
vt 0.57500000 0.12179500
vt 0.94166700 0.11538500
vt 0.95000000 0.12179500
vt 0.94166700 0.12179500
vt 0.56666700 0.11538500
vt 0.57500000 0.12179500
vt 0.56666700 0.12179500
vt 0.94166700 0.12820500
vt 0.57500000 0.12179500
vt 0.94166700 0.12179500
vt 0.94166700 0.11538500
vt 0.57500000 0.10897400
vt 0.94166700 0.10897400
vt 0.34166700 0.10256400
vt 0.24166700 0.06410300
vt 0.34166700 0.06410300
vt 0.24166700 0.10256400
vt 0.23333300 0.06410300
vt 0.24166700 0.06410300
vt 0.35000000 0.10256400
vt 0.34166700 0.06410300
vt 0.35000000 0.06410300
vt 0.24166700 0.05769200
vt 0.34166700 0.06410300
vt 0.24166700 0.06410300
vt 0.24166700 0.10256400
vt 0.34166700 0.10897400
vt 0.24166700 0.10897400
vt 0.39166700 0.03846200
vt 0.40000000 0.06410300
vt 0.39166700 0.06410300
vt 0.21666700 0.03846200
vt 0.18333300 0.03205100
vt 0.21666700 0.03205100
vt 0.36666700 0.03525600
vt 0.35833300 0.01282100
vt 0.36666700 0.01282100
vt 0.37500000 0.03846200
vt 0.38333300 0.06410300
vt 0.37500000 0.06410300
vt 0.37500000 0.08974400
vt 0.38333300 0.06410300
vt 0.38333300 0.08974400
vt 0.38333300 0.01282100
vt 0.37500000 0.03846200
vt 0.37500000 0.01282100
vt 0.39166700 0.08974400
vt 0.40000000 0.06410300
vt 0.40000000 0.08974400
vt 0.40000000 0.01282100
vt 0.39166700 0.03846200
vt 0.39166700 0.01282100
vt 0.25833300 0.05128200
vt 0.22500000 0.04487200
vt 0.25833300 0.04487200
vt 0.36666700 0.06730800
vt 0.37500000 0.08974400
vt 0.36666700 0.08974400
vt 0.36666700 0.03525600
vt 0.37500000 0.01282100
vt 0.37500000 0.03846200
vt 0.40833300 0.06730800
vt 0.40000000 0.08974400
vt 0.40000000 0.06410300
vt 0.40833300 0.03525600
vt 0.40000000 0.01282100
vt 0.40833300 0.01282100
vt 0.25416700 0.03846200
vt 0.22500000 0.04487200
vt 0.22916700 0.03846200
vt 0.40833300 0.06089700
vt 0.40000000 0.03846200
vt 0.40833300 0.04166700
vt 0.18750000 0.04487200
vt 0.21666700 0.03846200
vt 0.21250000 0.04487200
vt 0.36666700 0.04166700
vt 0.37500000 0.06410300
vt 0.36666700 0.06089700
vt 0.21250000 0.04487200
vt 0.18750000 0.05128200
vt 0.18750000 0.04487200
vt 0.22916700 0.03846200
vt 0.25416700 0.03205100
vt 0.25416700 0.03846200
vt 0.40833300 0.06730800
vt 0.41666700 0.08974400
vt 0.40833300 0.08974400
vt 0.36666700 0.08974400
vt 0.35833300 0.06730800
vt 0.36666700 0.06730800
vt 0.36666700 0.06089700
vt 0.35833300 0.04166700
vt 0.36666700 0.04166700
vt 0.40833300 0.04166700
vt 0.41666700 0.06089700
vt 0.40833300 0.06089700
vt 0.40833300 0.01282100
vt 0.41666700 0.03525600
vt 0.40833300 0.03525600
vt 0.01666700 0.01923100
vt 0.17500000 0.02564100
vt 0.01666700 0.02564100
vt 0.17500000 0.03205100
vt 0.01666700 0.02564100
vt 0.17500000 0.02564100
vt 0.17500000 0.01923100
vt 0.01666700 0.01282100
vt 0.17500000 0.01282100
vt 0.01666700 0.05128200
vt 0.17500000 0.04487200
vt 0.01666700 0.04487200
vt 0.01666700 0.05128200
vt 0.17500000 0.05769200
vt 0.17500000 0.05128200
vt 0.01666700 0.03846200
vt 0.17500000 0.04487200
vt 0.17500000 0.03846200
vt 0.08613867 0.07051300
vt 0.08263082 0.07466792
vt 0.01666700 0.07692300
vt 0.01666700 0.07051300
vt 0.08072693 0.07692300
vt 0.08072693 0.08114300
vt 0.01666700 0.08333300
vt 0.01666700 0.07692300
vt 0.08613867 0.06410300
vt 0.08613867 0.06813800
vt 0.01666700 0.07051300
vt 0.01666700 0.06410300
vt 0.01666700 0.10256400
vt 0.08263082 0.10030892
vt 0.08613867 0.09615400
vt 0.01666700 0.09615400
vt 0.01666700 0.10897400
vt 0.08072693 0.10678400
vt 0.08072693 0.10256400
vt 0.01666700 0.10256400
vt 0.01666700 0.09615400
vt 0.08613867 0.09377900
vt 0.08613867 0.08974400
vt 0.01666700 0.08974400
vt 0.15833300 0.17307700
vt 0.01666700 0.17948700
vt 0.01666700 0.17307700
vt 0.01666700 0.17948700
vt 0.00833300 0.17307700
vt 0.01666700 0.17307700
vt 0.39166700 0.17948700
vt 0.38333300 0.17307700
vt 0.39166700 0.17307700
vt 0.24166700 0.16666700
vt 0.38333300 0.17307700
vt 0.24166700 0.17307700
vt 0.23333300 0.17948700
vt 0.38333300 0.18589700
vt 0.23333300 0.18589700
vt 0.15833300 0.15384600
vt 0.01666700 0.14743600
vt 0.16666700 0.14743600
vt 0.01666700 0.15384600
vt 0.00833300 0.14743600
vt 0.01666700 0.14743600
vt 0.39166700 0.15384600
vt 0.38333300 0.14743600
vt 0.39166700 0.14743600
vt 0.23333300 0.14102600
vt 0.38333300 0.14743600
vt 0.23333300 0.14743600
vt 0.24166700 0.15384600
vt 0.38333300 0.16025600
vt 0.24166700 0.16025600
vt 0.01666700 0.17948700
vt 0.16666700 0.18589700
vt 0.01666700 0.18589700
vt 0.01666700 0.16666700
vt 0.15833300 0.17307700
vt 0.01666700 0.17307700
vt 0.38333300 0.17948700
vt 0.24166700 0.17307700
vt 0.38333300 0.17307700
vt 0.01666700 0.15384600
vt 0.15833300 0.16025600
vt 0.01666700 0.16025600
vt 0.01666700 0.14102600
vt 0.16666700 0.14743600
vt 0.01666700 0.14743600
vt 0.38333300 0.14743600
vt 0.24166700 0.15384600
vt 0.23333300 0.14743600
vt 0.43333300 0.01282100
vt 0.42500000 0.08974400
vt 0.42500000 0.01282100
vt 0.45000000 0.01282100
vt 0.44166700 0.08974400
vt 0.44166700 0.01282100
vt 0.44166700 0.01282100
vt 0.43333300 0.08974400
vt 0.43333300 0.01282100
vt 0.46666700 0.01282100
vt 0.45833300 0.08974400
vt 0.45833300 0.01282100
vt 0.48333300 0.01282100
vt 0.47500000 0.08974400
vt 0.47500000 0.01282100
vt 0.47500000 0.01282100
vt 0.46666700 0.08974400
vt 0.46666700 0.01282100
vt 0.55833300 0.22435900
vt 0.55000000 0.14743600
vt 0.55833300 0.14743600
vt 0.54166700 0.22435900
vt 0.53333300 0.14743600
vt 0.54166700 0.14743600
vt 0.55000000 0.22435900
vt 0.54166700 0.14743600
vt 0.55000000 0.14743600
vt 0.51666700 0.08974400
vt 0.50833300 0.01282100
vt 0.51666700 0.01282100
vt 0.50000000 0.08974400
vt 0.49166700 0.01282100
vt 0.50000000 0.01282100
vt 0.50833300 0.08974400
vt 0.50000000 0.01282100
vt 0.50833300 0.01282100
vt 0.40541645 0.13653840
vt 0.40833300 0.09615400
vt 0.40833300 0.13653840
vt 0.42208345 0.13653840
vt 0.42500000 0.09615400
vt 0.42500000 0.13653840
vt 0.41375010 0.13653840
vt 0.41666700 0.09615400
vt 0.41666700 0.13653840
vt 0.43875010 0.13653840
vt 0.44166700 0.09615400
vt 0.44166700 0.13653840
vt 0.45541645 0.13653840
vt 0.45833300 0.09615400
vt 0.45833300 0.13653840
vt 0.44708345 0.13653840
vt 0.45000000 0.09615400
vt 0.45000000 0.13653840
vt 0.51666700 0.13653840
vt 0.51666700 0.09615400
vt 0.51958355 0.13653840
vt 0.50000000 0.13653840
vt 0.50000000 0.09615400
vt 0.50291655 0.13653840
vt 0.50833300 0.13653840
vt 0.50833300 0.09615400
vt 0.51124990 0.13653840
vt 0.48333300 0.13653840
vt 0.48333300 0.09615400
vt 0.48624990 0.13653840
vt 0.46666700 0.13653840
vt 0.46666700 0.09615400
vt 0.46958355 0.13653840
vt 0.48041645 0.13653840
vt 0.48333300 0.09615400
vt 0.48333300 0.13653840
vt 0.01666700 0.12179500
vt 0.38333300 0.12820500
vt 0.01666700 0.12820500
vt 0.38333300 0.12179500
vt 0.39166700 0.12820500
vt 0.38333300 0.12820500
vt 0.00833300 0.12179500
vt 0.01666700 0.12820500
vt 0.00833300 0.12820500
vt 0.38333300 0.13461500
vt 0.01666700 0.12820500
vt 0.38333300 0.12820500
vt 0.38333300 0.12179500
vt 0.01666700 0.11538500
vt 0.38333300 0.11538500
vt 0.26912303 0.39294866
vt 0.02500000 0.39294866
vt 0.02500000 0.23076900
vt 0.01942971 0.39294866
vt 0.00833300 0.39294866
vt 0.00833300 0.23076900
vt 0.65245603 0.39294866
vt 0.40833300 0.39294866
vt 0.40833300 0.23076900
vt 0.40276305 0.39294866
vt 0.39166700 0.39294866
vt 0.39166700 0.23076900
vt 0.02500000 0.21794900
vt 0.39166700 0.21794900
vt 0.39166700 0.23076900
vt 0.65833300 0.84615400
vt 0.70833300 0.84615400
vt 0.70000000 0.85256400
vt 0.70833300 0.85256400
vt 0.70833300 0.86538500
vt 0.70000000 0.86538500
vt 0.70833300 0.87179500
vt 0.65833300 0.87179500
vt 0.66666700 0.86538500
vt 0.65833300 0.86538500
vt 0.65833300 0.85256400
vt 0.66666700 0.85256400
vt 0.70000000 0.86538500
vt 0.66666700 0.86538500
vt 0.66666700 0.85256400
vt 0.71666700 0.84615400
vt 0.76666700 0.84615400
vt 0.75833300 0.85256400
vt 0.76666700 0.85256400
vt 0.76666700 0.86538500
vt 0.75833300 0.86538500
vt 0.76666700 0.87179500
vt 0.71666700 0.87179500
vt 0.72500000 0.86538500
vt 0.71666700 0.86538500
vt 0.71666700 0.85256400
vt 0.72500000 0.85256400
vt 0.75833300 0.86538500
vt 0.72500000 0.86538500
vt 0.72500000 0.85256400
vt 0.77500000 0.84615400
vt 0.82500000 0.84615400
vt 0.81666700 0.85256400
vt 0.82500000 0.85256400
vt 0.82500000 0.86538500
vt 0.81666700 0.86538500
vt 0.82500000 0.87179500
vt 0.77500000 0.87179500
vt 0.78333300 0.86538500
vt 0.77500000 0.86538500
vt 0.77500000 0.85256400
vt 0.78333300 0.85256400
vt 0.81666700 0.86538500
vt 0.78333300 0.86538500
vt 0.78333300 0.85256400
vt 0.83333300 0.84615400
vt 0.88333300 0.84615400
vt 0.87500000 0.85256400
vt 0.88333300 0.85256400
vt 0.88333300 0.86538500
vt 0.87500000 0.86538500
vt 0.88333300 0.87179500
vt 0.83333300 0.87179500
vt 0.84166700 0.86538500
vt 0.83333300 0.86538500
vt 0.83333300 0.85256400
vt 0.84166700 0.85256400
vt 0.87500000 0.86538500
vt 0.84166700 0.86538500
vt 0.84166700 0.85256400
vt 0.60000000 0.84615400
vt 0.65000000 0.84615400
vt 0.64166700 0.85256400
vt 0.65000000 0.85256400
vt 0.65000000 0.86538500
vt 0.64166700 0.86538500
vt 0.65000000 0.87179500
vt 0.60000000 0.87179500
vt 0.60833300 0.86538500
vt 0.60000000 0.86538500
vt 0.60000000 0.85256400
vt 0.60833300 0.85256400
vt 0.64166700 0.86538500
vt 0.60833300 0.86538500
vt 0.60833300 0.85256400
vt 0.90000000 0.09615400
vt 0.80000000 0.09615400
vt 0.80000000 0.05769200
vt 0.80000000 0.09615400
vt 0.79166700 0.09615400
vt 0.79166700 0.05769200
vt 0.90833300 0.09615400
vt 0.90000000 0.09615400
vt 0.90000000 0.05769200
vt 0.80000000 0.05128200
vt 0.90000000 0.05128200
vt 0.90000000 0.05769200
vt 0.80000000 0.09615400
vt 0.90000000 0.09615400
vt 0.90000000 0.10256400
vt 0.75000000 0.70512800
vt 0.75833300 0.70512800
vt 0.75833300 0.73076900
vt 0.77500000 0.03205100
vt 0.74166700 0.03205100
vt 0.74166700 0.02564100
vt 0.72500000 0.70192300
vt 0.71666700 0.70192300
vt 0.71666700 0.67948700
vt 0.73333300 0.70512800
vt 0.74166700 0.70512800
vt 0.74166700 0.73076900
vt 0.73333300 0.75641000
vt 0.73333300 0.73076900
vt 0.74166700 0.73076900
vt 0.74166700 0.67948700
vt 0.74166700 0.70512800
vt 0.73333300 0.70512800
vt 0.75833300 0.75641000
vt 0.75000000 0.75641000
vt 0.75000000 0.73076900
vt 0.75833300 0.67948700
vt 0.75833300 0.70512800
vt 0.75000000 0.70512800
vt 0.81666700 0.04487200
vt 0.78333300 0.04487200
vt 0.78333300 0.03846200
vt 0.72500000 0.73397400
vt 0.73333300 0.73076900
vt 0.73333300 0.75641000
vt 0.72500000 0.70192300
vt 0.72500000 0.67948700
vt 0.73333300 0.67948700
vt 0.76666700 0.75641000
vt 0.75833300 0.75641000
vt 0.75833300 0.73076900
vt 0.76666700 0.70192300
vt 0.75833300 0.70512800
vt 0.75833300 0.67948700
vt 0.81250000 0.03205100
vt 0.81666700 0.03846200
vt 0.78333300 0.03846200
vt 0.76666700 0.72756400
vt 0.75833300 0.73076900
vt 0.75833300 0.70512800
vt 0.74583300 0.03846200
vt 0.74166700 0.03205100
vt 0.77500000 0.03205100
vt 0.72500000 0.70833300
vt 0.73333300 0.70512800
vt 0.73333300 0.73076900
vt 0.74583300 0.03846200
vt 0.77083300 0.03846200
vt 0.77083300 0.04487200
vt 0.78750000 0.03205100
vt 0.78750000 0.02564100
vt 0.81250000 0.02564100
vt 0.76666700 0.73397400
vt 0.77500000 0.73397400
vt 0.77500000 0.75641000
vt 0.72500000 0.75641000
vt 0.71666700 0.75641000
vt 0.71666700 0.73397400
vt 0.72500000 0.72756400
vt 0.71666700 0.72756400
vt 0.71666700 0.70833300
vt 0.76666700 0.70833300
vt 0.77500000 0.70833300
vt 0.77500000 0.72756400
vt 0.76666700 0.67948700
vt 0.77500000 0.67948700
vt 0.77500000 0.70192300
vt 0.57500000 0.01282100
vt 0.73333300 0.01282100
vt 0.73333300 0.01923100
vt 0.73333300 0.02564100
vt 0.57500000 0.02564100
vt 0.57500000 0.01923100
vt 0.73333300 0.01282100
vt 0.57500000 0.01282100
vt 0.57500000 0.00641000
vt 0.57500000 0.04487200
vt 0.73333300 0.04487200
vt 0.73333300 0.03846200
vt 0.57500000 0.04487200
vt 0.57500000 0.05128200
vt 0.73333300 0.05128200
vt 0.57500000 0.03205100
vt 0.57500000 0.03846200
vt 0.73333300 0.03846200
vt 0.64252278 0.06641138
vt 0.57500000 0.06410300
vt 0.64447167 0.06410300
vt 0.63905993 0.07473300
vt 0.63905993 0.07692300
vt 0.57500000 0.07692300
vt 0.64447167 0.06172762
vt 0.64447167 0.06410300
vt 0.57500000 0.06410300
vt 0.64096382 0.09389892
vt 0.57500000 0.09615400
vt 0.63905993 0.09615400
vt 0.63905993 0.10037400
vt 0.57500000 0.10256400
vt 0.63905993 0.10256400
vt 0.64447167 0.08570838
vt 0.57500000 0.08333300
vt 0.57500000 0.08974400
vt 0.64447167 0.08974400
vt 0.71666700 0.16666700
vt 0.72500000 0.17307700
vt 0.57500000 0.17307700
vt 0.57500000 0.17307700
vt 0.56666700 0.17307700
vt 0.56666700 0.16666700
vt 0.95000000 0.17307700
vt 0.94166700 0.17307700
vt 0.94166700 0.16666700
vt 0.80000000 0.16025600
vt 0.94166700 0.16025600
vt 0.94166700 0.16666700
vt 0.79166700 0.17307700
vt 0.94166700 0.17307700
vt 0.94166700 0.17948700
vt 0.71666700 0.14743600
vt 0.57500000 0.14743600
vt 0.57500000 0.14102600
vt 0.57500000 0.14743600
vt 0.56666700 0.14743600
vt 0.56666700 0.14102600
vt 0.95000000 0.14743600
vt 0.94166700 0.14743600
vt 0.94166700 0.14102600
vt 0.79166700 0.13461500
vt 0.94166700 0.13461500
vt 0.94166700 0.14102600
vt 0.80000000 0.14743600
vt 0.94166700 0.14743600
vt 0.94166700 0.15384600
vt 0.57500000 0.17307700
vt 0.72500000 0.17307700
vt 0.72500000 0.17948700
vt 0.57500000 0.16025600
vt 0.71666700 0.16025600
vt 0.71666700 0.16666700
vt 0.94166700 0.17307700
vt 0.79166700 0.17307700
vt 0.80000000 0.16666700
vt 0.57500000 0.14743600
vt 0.71666700 0.14743600
vt 0.71666700 0.15384600
vt 0.57500000 0.13461500
vt 0.72500000 0.13461500
vt 0.72500000 0.14102600
vt 0.94166700 0.14102600
vt 0.94166700 0.14743600
vt 0.80000000 0.14743600
vt 0.72500000 0.76282000
vt 0.72500000 0.83974400
vt 0.71666700 0.83974400
vt 0.74166700 0.76282000
vt 0.74166700 0.83974400
vt 0.73333300 0.83974400
vt 0.73333300 0.76282000
vt 0.73333300 0.83974400
vt 0.72500000 0.83974400
vt 0.75833300 0.76282000
vt 0.75833300 0.83974400
vt 0.75000000 0.83974400
vt 0.77500000 0.76282000
vt 0.77500000 0.83974400
vt 0.76666700 0.83974400
vt 0.76666700 0.76282000
vt 0.76666700 0.83974400
vt 0.75833300 0.83974400
vt 0.84166700 0.83974400
vt 0.83333300 0.83974400
vt 0.83333300 0.76282100
vt 0.82500000 0.83974400
vt 0.81666700 0.83974400
vt 0.81666700 0.76282100
vt 0.83333300 0.83974400
vt 0.82500000 0.83974400
vt 0.82500000 0.76282100
vt 0.80833300 0.83974400
vt 0.80000000 0.83974400
vt 0.80000000 0.76282000
vt 0.79166700 0.83974400
vt 0.78333300 0.83974400
vt 0.78333300 0.76282000
vt 0.80000000 0.83974400
vt 0.79166700 0.83974400
vt 0.79166700 0.76282000
vt 0.58875010 0.75192275
vt 0.58333300 0.75192275
vt 0.58333300 0.71153800
vt 0.59166700 0.71153800
vt 0.60541645 0.75192275
vt 0.60000000 0.75192275
vt 0.60000000 0.71153800
vt 0.60833300 0.71153800
vt 0.59708345 0.75192275
vt 0.59166700 0.75192275
vt 0.59166700 0.71153800
vt 0.60000000 0.71153800
vt 0.62208345 0.75192275
vt 0.61666700 0.75192275
vt 0.61666700 0.71153800
vt 0.62500000 0.71153800
vt 0.63875010 0.75192275
vt 0.63333300 0.75192275
vt 0.63333300 0.71153800
vt 0.64166700 0.71153800
vt 0.63041645 0.75192275
vt 0.62500000 0.75192275
vt 0.62500000 0.71153800
vt 0.63333300 0.71153800
vt 0.70291655 0.75192275
vt 0.70000000 0.71153800
vt 0.70833300 0.71153800
vt 0.70833300 0.75192275
vt 0.68624990 0.75192275
vt 0.68333300 0.71153800
vt 0.69166700 0.71153800
vt 0.69166700 0.75192275
vt 0.69458355 0.75192275
vt 0.69166700 0.71153800
vt 0.70000000 0.71153800
vt 0.70000000 0.75192275
vt 0.66958355 0.75192275
vt 0.66666700 0.71153800
vt 0.67500000 0.71153800
vt 0.67500000 0.75192275
vt 0.65291655 0.75192275
vt 0.65000000 0.71153800
vt 0.65833300 0.71153800
vt 0.65833300 0.75192275
vt 0.66375010 0.75192275
vt 0.65833300 0.75192275
vt 0.65833300 0.71153800
vt 0.66666700 0.71153800
vt 0.57500000 0.11538500
vt 0.94166700 0.11538500
vt 0.94166700 0.12179500
vt 0.94166700 0.11538500
vt 0.95000000 0.11538500
vt 0.95000000 0.12179500
vt 0.56666700 0.11538500
vt 0.57500000 0.11538500
vt 0.57500000 0.12179500
vt 0.94166700 0.12820500
vt 0.57500000 0.12820500
vt 0.57500000 0.12179500
vt 0.94166700 0.11538500
vt 0.57500000 0.11538500
vt 0.57500000 0.10897400
vt 0.34166700 0.10256400
vt 0.24166700 0.10256400
vt 0.24166700 0.06410300
vt 0.24166700 0.10256400
vt 0.23333300 0.10256400
vt 0.23333300 0.06410300
vt 0.35000000 0.10256400
vt 0.34166700 0.10256400
vt 0.34166700 0.06410300
vt 0.24166700 0.05769200
vt 0.34166700 0.05769200
vt 0.34166700 0.06410300
vt 0.24166700 0.10256400
vt 0.34166700 0.10256400
vt 0.34166700 0.10897400
vt 0.39166700 0.03846200
vt 0.40000000 0.03846200
vt 0.40000000 0.06410300
vt 0.21666700 0.03846200
vt 0.18333300 0.03846200
vt 0.18333300 0.03205100
vt 0.36666700 0.03525600
vt 0.35833300 0.03525600
vt 0.35833300 0.01282100
vt 0.37500000 0.03846200
vt 0.38333300 0.03846200
vt 0.38333300 0.06410300
vt 0.37500000 0.08974400
vt 0.37500000 0.06410300
vt 0.38333300 0.06410300
vt 0.38333300 0.01282100
vt 0.38333300 0.03846200
vt 0.37500000 0.03846200
vt 0.39166700 0.08974400
vt 0.39166700 0.06410300
vt 0.40000000 0.06410300
vt 0.40000000 0.01282100
vt 0.40000000 0.03846200
vt 0.39166700 0.03846200
vt 0.25833300 0.05128200
vt 0.22500000 0.05128200
vt 0.22500000 0.04487200
vt 0.36666700 0.06730800
vt 0.37500000 0.06410300
vt 0.37500000 0.08974400
vt 0.36666700 0.03525600
vt 0.36666700 0.01282100
vt 0.37500000 0.01282100
vt 0.40833300 0.06730800
vt 0.40833300 0.08974400
vt 0.40000000 0.08974400
vt 0.40833300 0.03525600
vt 0.40000000 0.03846200
vt 0.40000000 0.01282100
vt 0.25416700 0.03846200
vt 0.25833300 0.04487200
vt 0.22500000 0.04487200
vt 0.40833300 0.06089700
vt 0.40000000 0.06410300
vt 0.40000000 0.03846200
vt 0.18750000 0.04487200
vt 0.18333300 0.03846200
vt 0.21666700 0.03846200
vt 0.36666700 0.04166700
vt 0.37500000 0.03846200
vt 0.37500000 0.06410300
vt 0.21250000 0.04487200
vt 0.21250000 0.05128200
vt 0.18750000 0.05128200
vt 0.22916700 0.03846200
vt 0.22916700 0.03205100
vt 0.25416700 0.03205100
vt 0.40833300 0.06730800
vt 0.41666700 0.06730800
vt 0.41666700 0.08974400
vt 0.36666700 0.08974400
vt 0.35833300 0.08974400
vt 0.35833300 0.06730800
vt 0.36666700 0.06089700
vt 0.35833300 0.06089700
vt 0.35833300 0.04166700
vt 0.40833300 0.04166700
vt 0.41666700 0.04166700
vt 0.41666700 0.06089700
vt 0.40833300 0.01282100
vt 0.41666700 0.01282100
vt 0.41666700 0.03525600
vt 0.01666700 0.01923100
vt 0.17500000 0.01923100
vt 0.17500000 0.02564100
vt 0.17500000 0.03205100
vt 0.01666700 0.03205100
vt 0.01666700 0.02564100
vt 0.17500000 0.01923100
vt 0.01666700 0.01923100
vt 0.01666700 0.01282100
vt 0.01666700 0.05128200
vt 0.17500000 0.05128200
vt 0.17500000 0.04487200
vt 0.01666700 0.05128200
vt 0.01666700 0.05769200
vt 0.17500000 0.05769200
vt 0.01666700 0.03846200
vt 0.01666700 0.04487200
vt 0.17500000 0.04487200
vt 0.08263082 0.07466792
vt 0.08072693 0.07692300
vt 0.01666700 0.07692300
vt 0.08072693 0.08114300
vt 0.08072693 0.08333300
vt 0.01666700 0.08333300
vt 0.08613867 0.06813800
vt 0.08613867 0.07051300
vt 0.01666700 0.07051300
vt 0.08263082 0.10030892
vt 0.01666700 0.10256400
vt 0.08072693 0.10256400
vt 0.08072693 0.10678400
vt 0.01666700 0.10897400
vt 0.08072693 0.10897400
vt 0.08613867 0.09377900
vt 0.01666700 0.09615400
vt 0.08613867 0.09615400
vt 0.15833300 0.17307700
vt 0.16666700 0.17948700
vt 0.01666700 0.17948700
vt 0.01666700 0.17948700
vt 0.00833300 0.17948700
vt 0.00833300 0.17307700
vt 0.39166700 0.17948700
vt 0.38333300 0.17948700
vt 0.38333300 0.17307700
vt 0.24166700 0.16666700
vt 0.38333300 0.16666700
vt 0.38333300 0.17307700
vt 0.23333300 0.17948700
vt 0.38333300 0.17948700
vt 0.38333300 0.18589700
vt 0.15833300 0.15384600
vt 0.01666700 0.15384600
vt 0.01666700 0.14743600
vt 0.01666700 0.15384600
vt 0.00833300 0.15384600
vt 0.00833300 0.14743600
vt 0.39166700 0.15384600
vt 0.38333300 0.15384600
vt 0.38333300 0.14743600
vt 0.23333300 0.14102600
vt 0.38333300 0.14102600
vt 0.38333300 0.14743600
vt 0.24166700 0.15384600
vt 0.38333300 0.15384600
vt 0.38333300 0.16025600
vt 0.01666700 0.17948700
vt 0.16666700 0.17948700
vt 0.16666700 0.18589700
vt 0.01666700 0.16666700
vt 0.15833300 0.16666700
vt 0.15833300 0.17307700
vt 0.38333300 0.17948700
vt 0.23333300 0.17948700
vt 0.24166700 0.17307700
vt 0.01666700 0.15384600
vt 0.15833300 0.15384600
vt 0.15833300 0.16025600
vt 0.01666700 0.14102600
vt 0.16666700 0.14102600
vt 0.16666700 0.14743600
vt 0.38333300 0.14743600
vt 0.38333300 0.15384600
vt 0.24166700 0.15384600
vt 0.43333300 0.01282100
vt 0.43333300 0.08974400
vt 0.42500000 0.08974400
vt 0.45000000 0.01282100
vt 0.45000000 0.08974400
vt 0.44166700 0.08974400
vt 0.44166700 0.01282100
vt 0.44166700 0.08974400
vt 0.43333300 0.08974400
vt 0.46666700 0.01282100
vt 0.46666700 0.08974400
vt 0.45833300 0.08974400
vt 0.48333300 0.01282100
vt 0.48333300 0.08974400
vt 0.47500000 0.08974400
vt 0.47500000 0.01282100
vt 0.47500000 0.08974400
vt 0.46666700 0.08974400
vt 0.55833300 0.22435900
vt 0.55000000 0.22435900
vt 0.55000000 0.14743600
vt 0.54166700 0.22435900
vt 0.53333300 0.22435900
vt 0.53333300 0.14743600
vt 0.55000000 0.22435900
vt 0.54166700 0.22435900
vt 0.54166700 0.14743600
vt 0.51666700 0.08974400
vt 0.50833300 0.08974400
vt 0.50833300 0.01282100
vt 0.50000000 0.08974400
vt 0.49166700 0.08974400
vt 0.49166700 0.01282100
vt 0.50833300 0.08974400
vt 0.50000000 0.08974400
vt 0.50000000 0.01282100
vt 0.40541645 0.13653840
vt 0.40000000 0.13653840
vt 0.40000000 0.09615400
vt 0.40833300 0.09615400
vt 0.42208345 0.13653840
vt 0.41666700 0.13653840
vt 0.41666700 0.09615400
vt 0.42500000 0.09615400
vt 0.41375010 0.13653840
vt 0.40833300 0.13653840
vt 0.40833300 0.09615400
vt 0.41666700 0.09615400
vt 0.43875010 0.13653840
vt 0.43333300 0.13653840
vt 0.43333300 0.09615400
vt 0.44166700 0.09615400
vt 0.45541645 0.13653840
vt 0.45000000 0.13653840
vt 0.45000000 0.09615400
vt 0.45833300 0.09615400
vt 0.44708345 0.13653840
vt 0.44166700 0.13653840
vt 0.44166700 0.09615400
vt 0.45000000 0.09615400
vt 0.51958355 0.13653840
vt 0.51666700 0.09615400
vt 0.52500000 0.09615400
vt 0.52500000 0.13653840
vt 0.50291655 0.13653840
vt 0.50000000 0.09615400
vt 0.50833300 0.09615400
vt 0.50833300 0.13653840
vt 0.51124990 0.13653840
vt 0.50833300 0.09615400
vt 0.51666700 0.09615400
vt 0.51666700 0.13653840
vt 0.48624990 0.13653840
vt 0.48333300 0.09615400
vt 0.49166700 0.09615400
vt 0.49166700 0.13653840
vt 0.46958355 0.13653840
vt 0.46666700 0.09615400
vt 0.47500000 0.09615400
vt 0.47500000 0.13653840
vt 0.48041645 0.13653840
vt 0.47500000 0.13653840
vt 0.47500000 0.09615400
vt 0.48333300 0.09615400
vt 0.01666700 0.12179500
vt 0.38333300 0.12179500
vt 0.38333300 0.12820500
vt 0.38333300 0.12179500
vt 0.39166700 0.12179500
vt 0.39166700 0.12820500
vt 0.00833300 0.12179500
vt 0.01666700 0.12179500
vt 0.01666700 0.12820500
vt 0.38333300 0.13461500
vt 0.01666700 0.13461500
vt 0.01666700 0.12820500
vt 0.38333300 0.12179500
vt 0.01666700 0.12179500
vt 0.01666700 0.11538500
vt 0.44166700 0.64743600
vt 0.10833300 0.63461500
vt 0.44166700 0.63461500
vt 0.10833300 0.64743600
vt 0.07500000 0.86538500
vt 0.07500000 0.64743600
vt 0.90833300 0.64743600
vt 0.57500000 0.63461500
vt 0.90833300 0.63461500
vt 0.44166700 0.63461500
vt 0.47500000 0.64743600
vt 0.44166700 0.64743600
vt 0.10833300 0.58333300
vt 0.44166700 0.63461500
vt 0.10833300 0.63461500
vt 0.35833300 0.57051300
vt 0.02500000 0.55769200
vt 0.35833300 0.55769200
vt 0.54166700 0.64743600
vt 0.47500000 0.63461500
vt 0.54166700 0.63461500
vt 0.44166700 0.58333300
vt 0.47500000 0.63461500
vt 0.44166700 0.63461500
vt 0.99166700 0.23717900
vt 0.97500000 0.45512800
vt 0.97500000 0.23717900
vt 0.57500000 0.64743600
vt 0.54166700 0.63461500
vt 0.57500000 0.63461500
vt 0.07500000 0.64743600
vt 0.00833300 0.63461500
vt 0.07500000 0.63461500
vt 0.10833300 0.64743600
vt 0.07500000 0.63461500
vt 0.10833300 0.63461500
vt 0.90833300 0.63461500
vt 0.94166700 0.64743600
vt 0.90833300 0.64743600
vt 0.10833300 0.63461500
vt 0.07500000 0.58333300
vt 0.10833300 0.58333300
vt 0.57500000 0.86538500
vt 0.54166700 0.94230800
vt 0.54166700 0.86538500
vt 0.94166700 0.86538500
vt 0.90833300 0.94230800
vt 0.90833300 0.86538500
vt 0.57500000 0.64743600
vt 0.54166700 0.86538500
vt 0.54166700 0.64743600
vt 0.47500000 0.64743600
vt 0.44166700 0.86538500
vt 0.44166700 0.64743600
vt 0.54166700 0.64743600
vt 0.47500000 0.86538500
vt 0.47500000 0.64743600
vt 0.94166700 0.64743600
vt 0.90833300 0.86538500
vt 0.90833300 0.64743600
vt 0.07500000 0.64743600
vt 0.00833300 0.86538500
vt 0.00833300 0.64743600
vt 0.88333300 0.23717900
vt 0.86666700 0.45512800
vt 0.86666700 0.23717900
vt 0.10833300 0.99359000
vt 0.07500000 0.94230800
vt 0.10833300 0.94230800
vt 0.44166700 0.94230800
vt 0.47500000 0.99359000
vt 0.44166700 0.99359000
vt 0.54166700 0.86538500
vt 0.47500000 0.94230800
vt 0.47500000 0.86538500
vt 0.87500000 0.89102600
vt 0.90833300 0.94230800
vt 0.87500000 0.94230800
vt 0.10833300 0.86538500
vt 0.07500000 0.94230800
vt 0.07500000 0.86538500
vt 0.07500000 0.86538500
vt 0.00833300 0.94230800
vt 0.00833300 0.86538500
vt 0.47500000 0.86538500
vt 0.44166700 0.94230800
vt 0.44166700 0.86538500
vt 0.14166700 0.99359000
vt 0.10833300 0.94230800
vt 0.14166700 0.94230800
vt 0.14166700 0.89102600
vt 0.10833300 0.94230800
vt 0.10833300 0.86538500
vt 0.89166700 0.48717900
vt 0.90833300 0.45512800
vt 0.90833300 0.48717900
vt 0.88333300 0.45512800
vt 0.86666700 0.48717900
vt 0.86666700 0.45512800
vt 0.44166700 0.94230800
vt 0.40833300 0.89102600
vt 0.44166700 0.86538500
vt 0.44166700 0.99359000
vt 0.40833300 0.94230800
vt 0.44166700 0.94230800
vt 0.57500000 0.94230800
vt 0.60833300 0.89102600
vt 0.60833300 0.94230800
vt 0.53333300 0.52564100
vt 0.80000000 0.53846200
vt 0.53333300 0.53846200
vt 0.40833300 0.94230800
vt 0.14166700 0.89102600
vt 0.40833300 0.89102600
vt 0.40833300 0.99359000
vt 0.14166700 0.94230800
vt 0.40833300 0.94230800
vt 0.60833300 0.89102600
vt 0.87500000 0.94230800
vt 0.60833300 0.94230800
vt 0.53333300 0.58974400
vt 0.80000000 0.60256400
vt 0.53333300 0.60256400
vt 0.53333300 0.58974400
vt 0.80000000 0.57692300
vt 0.80000000 0.58974400
vt 0.80000000 0.45512800
vt 0.78333300 0.48717900
vt 0.78333300 0.45512800
vt 0.97500000 0.48717900
vt 0.99166700 0.45512800
vt 0.99166700 0.48717900
vt 0.80000000 0.23717900
vt 0.78333300 0.45512800
vt 0.78333300 0.23717900
vt 0.90833300 0.23717900
vt 0.89166700 0.45512800
vt 0.89166700 0.23717900
vt 0.35833300 0.51923100
vt 0.02500000 0.50641000
vt 0.35833300 0.50641000
vt 0.35833300 0.55128200
vt 0.02500000 0.52564100
vt 0.35833300 0.52564100
vt 0.02500000 0.55769200
vt 0.35833300 0.55128200
vt 0.35833300 0.55769200
vt 0.35833300 0.51923100
vt 0.02500000 0.52564100
vt 0.02500000 0.51923100
vt 0.95833300 0.23717900
vt 0.92500000 0.45512800
vt 0.92500000 0.23717900
vt 0.97500000 0.45512800
vt 0.95833300 0.23717900
vt 0.97500000 0.23717900
vt 0.90833300 0.23717900
vt 0.92500000 0.45512800
vt 0.90833300 0.45512800
vt 0.85000000 0.23717900
vt 0.81666700 0.45512800
vt 0.81666700 0.23717900
vt 0.80000000 0.23717900
vt 0.81666700 0.23076900
vt 0.81666700 0.23717900
vt 0.86666700 0.45512800
vt 0.85000000 0.23717900
vt 0.86666700 0.23717900
vt 0.80000000 0.23717900
vt 0.81666700 0.45512800
vt 0.80000000 0.45512800
vt 0.35833300 0.52564100
vt 0.37500000 0.55128200
vt 0.35833300 0.55128200
vt 0.02500000 0.55128200
vt 0.00833300 0.52564100
vt 0.02500000 0.52564100
vt 0.95833300 0.23717900
vt 0.97500000 0.23076900
vt 0.97500000 0.23717900
vt 0.92500000 0.23717900
vt 0.95833300 0.23076900
vt 0.95833300 0.23717900
vt 0.90833300 0.23717900
vt 0.92500000 0.23076900
vt 0.92500000 0.23717900
vt 0.85000000 0.23717900
vt 0.86666700 0.23076900
vt 0.86666700 0.23717900
vt 0.81666700 0.23717900
vt 0.85000000 0.23076900
vt 0.85000000 0.23717900
vt 0.43333300 0.55128200
vt 0.46666700 0.57692300
vt 0.43333300 0.57692300
vt 0.50000000 0.61538500
vt 0.48333300 0.58974400
vt 0.53333300 0.58974400
vt 0.50000000 0.51282100
vt 0.48333300 0.53846200
vt 0.48333300 0.51282100
vt 0.53333300 0.53846200
vt 0.48333300 0.55128200
vt 0.48333300 0.53846200
vt 0.86666700 0.55128200
vt 0.90000000 0.57692300
vt 0.86666700 0.57692300
vt 0.83333300 0.61538500
vt 0.85000000 0.58974400
vt 0.85000000 0.61538500
vt 0.83333300 0.51282100
vt 0.85000000 0.53846200
vt 0.80000000 0.53846200
vt 0.80000000 0.58974400
vt 0.85000000 0.57692300
vt 0.85000000 0.58974400
vt 0.53333300 0.55128200
vt 0.80000000 0.57692300
vt 0.53333300 0.57692300
vt 0.53333300 0.57692300
vt 0.48333300 0.55128200
vt 0.53333300 0.55128200
vt 0.80000000 0.55128200
vt 0.85000000 0.57692300
vt 0.80000000 0.57692300
vt 0.46666700 0.55128200
vt 0.48333300 0.57692300
vt 0.46666700 0.57692300
vt 0.85000000 0.53846200
vt 0.80000000 0.55128200
vt 0.80000000 0.53846200
vt 0.86666700 0.57692300
vt 0.85000000 0.55128200
vt 0.86666700 0.55128200
vt 0.80000000 0.53846200
vt 0.53333300 0.55128200
vt 0.53333300 0.53846200
vt 0.48333300 0.58974400
vt 0.53333300 0.57692300
vt 0.53333300 0.58974400
vt 0.44166700 0.64743600
vt 0.10833300 0.64743600
vt 0.10833300 0.63461500
vt 0.10833300 0.64743600
vt 0.10833300 0.86538500
vt 0.07500000 0.86538500
vt 0.90833300 0.64743600
vt 0.57500000 0.64743600
vt 0.57500000 0.63461500
vt 0.44166700 0.63461500
vt 0.47500000 0.63461500
vt 0.47500000 0.64743600
vt 0.10833300 0.58333300
vt 0.44166700 0.58333300
vt 0.44166700 0.63461500
vt 0.35833300 0.57051300
vt 0.02500000 0.57051300
vt 0.02500000 0.55769200
vt 0.54166700 0.64743600
vt 0.47500000 0.64743600
vt 0.47500000 0.63461500
vt 0.44166700 0.58333300
vt 0.47500000 0.58333300
vt 0.47500000 0.63461500
vt 0.99166700 0.23717900
vt 0.99166700 0.45512800
vt 0.97500000 0.45512800
vt 0.57500000 0.64743600
vt 0.54166700 0.64743600
vt 0.54166700 0.63461500
vt 0.07500000 0.64743600
vt 0.00833300 0.64743600
vt 0.00833300 0.63461500
vt 0.10833300 0.64743600
vt 0.07500000 0.64743600
vt 0.07500000 0.63461500
vt 0.90833300 0.63461500
vt 0.94166700 0.63461500
vt 0.94166700 0.64743600
vt 0.10833300 0.63461500
vt 0.07500000 0.63461500
vt 0.07500000 0.58333300
vt 0.57500000 0.86538500
vt 0.57500000 0.94230800
vt 0.54166700 0.94230800
vt 0.94166700 0.86538500
vt 0.94166700 0.94230800
vt 0.90833300 0.94230800
vt 0.57500000 0.64743600
vt 0.57500000 0.86538500
vt 0.54166700 0.86538500
vt 0.47500000 0.64743600
vt 0.47500000 0.86538500
vt 0.44166700 0.86538500
vt 0.54166700 0.64743600
vt 0.54166700 0.86538500
vt 0.47500000 0.86538500
vt 0.94166700 0.64743600
vt 0.94166700 0.86538500
vt 0.90833300 0.86538500
vt 0.07500000 0.64743600
vt 0.07500000 0.86538500
vt 0.00833300 0.86538500
vt 0.88333300 0.23717900
vt 0.88333300 0.45512800
vt 0.86666700 0.45512800
vt 0.10833300 0.99359000
vt 0.07500000 0.99359000
vt 0.07500000 0.94230800
vt 0.44166700 0.94230800
vt 0.47500000 0.94230800
vt 0.47500000 0.99359000
vt 0.54166700 0.86538500
vt 0.54166700 0.94230800
vt 0.47500000 0.94230800
vt 0.87500000 0.89102600
vt 0.90833300 0.86538500
vt 0.90833300 0.94230800
vt 0.10833300 0.86538500
vt 0.10833300 0.94230800
vt 0.07500000 0.94230800
vt 0.07500000 0.86538500
vt 0.07500000 0.94230800
vt 0.00833300 0.94230800
vt 0.47500000 0.86538500
vt 0.47500000 0.94230800
vt 0.44166700 0.94230800
vt 0.14166700 0.99359000
vt 0.10833300 0.99359000
vt 0.10833300 0.94230800
vt 0.14166700 0.89102600
vt 0.14166700 0.94230800
vt 0.10833300 0.94230800
vt 0.89166700 0.48717900
vt 0.89166700 0.45512800
vt 0.90833300 0.45512800
vt 0.88333300 0.45512800
vt 0.88333300 0.48717900
vt 0.86666700 0.48717900
vt 0.44166700 0.94230800
vt 0.40833300 0.94230800
vt 0.40833300 0.89102600
vt 0.44166700 0.99359000
vt 0.40833300 0.99359000
vt 0.40833300 0.94230800
vt 0.57500000 0.94230800
vt 0.57500000 0.86538500
vt 0.60833300 0.89102600
vt 0.53333300 0.52564100
vt 0.80000000 0.52564100
vt 0.80000000 0.53846200
vt 0.40833300 0.94230800
vt 0.14166700 0.94230800
vt 0.14166700 0.89102600
vt 0.40833300 0.99359000
vt 0.14166700 0.99359000
vt 0.14166700 0.94230800
vt 0.60833300 0.89102600
vt 0.87500000 0.89102600
vt 0.87500000 0.94230800
vt 0.53333300 0.58974400
vt 0.80000000 0.58974400
vt 0.80000000 0.60256400
vt 0.53333300 0.58974400
vt 0.53333300 0.57692300
vt 0.80000000 0.57692300
vt 0.80000000 0.45512800
vt 0.80000000 0.48717900
vt 0.78333300 0.48717900
vt 0.97500000 0.48717900
vt 0.97500000 0.45512800
vt 0.99166700 0.45512800
vt 0.80000000 0.23717900
vt 0.80000000 0.45512800
vt 0.78333300 0.45512800
vt 0.90833300 0.23717900
vt 0.90833300 0.45512800
vt 0.89166700 0.45512800
vt 0.35833300 0.51923100
vt 0.02500000 0.51923100
vt 0.02500000 0.50641000
vt 0.35833300 0.55128200
vt 0.02500000 0.55128200
vt 0.02500000 0.52564100
vt 0.02500000 0.55769200
vt 0.02500000 0.55128200
vt 0.35833300 0.55128200
vt 0.35833300 0.51923100
vt 0.35833300 0.52564100
vt 0.02500000 0.52564100
vt 0.95833300 0.23717900
vt 0.95833300 0.45512800
vt 0.92500000 0.45512800
vt 0.97500000 0.45512800
vt 0.95833300 0.45512800
vt 0.95833300 0.23717900
vt 0.90833300 0.23717900
vt 0.92500000 0.23717900
vt 0.92500000 0.45512800
vt 0.85000000 0.23717900
vt 0.85000000 0.45512800
vt 0.81666700 0.45512800
vt 0.80000000 0.23717900
vt 0.80000000 0.23076900
vt 0.81666700 0.23076900
vt 0.86666700 0.45512800
vt 0.85000000 0.45512800
vt 0.85000000 0.23717900
vt 0.80000000 0.23717900
vt 0.81666700 0.23717900
vt 0.81666700 0.45512800
vt 0.35833300 0.52564100
vt 0.37500000 0.52564100
vt 0.37500000 0.55128200
vt 0.02500000 0.55128200
vt 0.00833300 0.55128200
vt 0.00833300 0.52564100
vt 0.95833300 0.23717900
vt 0.95833300 0.23076900
vt 0.97500000 0.23076900
vt 0.92500000 0.23717900
vt 0.92500000 0.23076900
vt 0.95833300 0.23076900
vt 0.90833300 0.23717900
vt 0.90833300 0.23076900
vt 0.92500000 0.23076900
vt 0.85000000 0.23717900
vt 0.85000000 0.23076900
vt 0.86666700 0.23076900
vt 0.81666700 0.23717900
vt 0.81666700 0.23076900
vt 0.85000000 0.23076900
vt 0.43333300 0.55128200
vt 0.46666700 0.55128200
vt 0.46666700 0.57692300
vt 0.50000000 0.61538500
vt 0.48333300 0.61538500
vt 0.48333300 0.58974400
vt 0.50000000 0.51282100
vt 0.53333300 0.53846200
vt 0.48333300 0.53846200
vt 0.53333300 0.53846200
vt 0.53333300 0.55128200
vt 0.48333300 0.55128200
vt 0.86666700 0.55128200
vt 0.90000000 0.55128200
vt 0.90000000 0.57692300
vt 0.83333300 0.61538500
vt 0.80000000 0.58974400
vt 0.85000000 0.58974400
vt 0.83333300 0.51282100
vt 0.85000000 0.51282100
vt 0.85000000 0.53846200
vt 0.80000000 0.58974400
vt 0.80000000 0.57692300
vt 0.85000000 0.57692300
vt 0.53333300 0.55128200
vt 0.80000000 0.55128200
vt 0.80000000 0.57692300
vt 0.53333300 0.57692300
vt 0.48333300 0.57692300
vt 0.48333300 0.55128200
vt 0.80000000 0.55128200
vt 0.85000000 0.55128200
vt 0.85000000 0.57692300
vt 0.46666700 0.55128200
vt 0.48333300 0.55128200
vt 0.48333300 0.57692300
vt 0.85000000 0.53846200
vt 0.85000000 0.55128200
vt 0.80000000 0.55128200
vt 0.86666700 0.57692300
vt 0.85000000 0.57692300
vt 0.85000000 0.55128200
vt 0.80000000 0.53846200
vt 0.80000000 0.55128200
vt 0.53333300 0.55128200
vt 0.48333300 0.58974400
vt 0.48333300 0.57692300
vt 0.53333300 0.57692300
vn -1.00000000 0.00000000 0.00000000
vn -1.00000000 0.00000000 0.00000000
vn -1.00000000 0.00000000 0.00000000
vn -1.00000000 0.00000000 0.00000000
vn 0.00000000 0.00000000 -1.00000000
vn 0.00000000 0.00000000 -1.00000000
vn 0.00000000 0.00000000 -1.00000000
vn 0.00000000 0.00000000 -1.00000000
vn 1.00000000 0.00000000 0.00000000
vn 1.00000000 0.00000000 0.00000000
vn 1.00000000 0.00000000 0.00000000
vn 1.00000000 0.00000000 0.00000000
vn 0.00000000 0.00000000 1.00000000
vn 0.00000000 0.00000000 1.00000000
vn 0.00000000 0.00000000 1.00000000
vn 0.00000000 0.00000000 1.00000000
vn 0.00000000 -1.00000000 0.00000000
vn 0.00000000 -1.00000000 0.00000000
vn 0.00000000 -1.00000000 0.00000000
vn -1.00000000 0.00000000 0.00000000
vn -1.00000000 0.00000000 0.00000000
vn -1.00000000 0.00000000 0.00000000
vn 0.00000000 -0.70710000 -0.70710000
vn 0.00000000 -0.70710000 -0.70710000
vn 0.00000000 -0.70710000 -0.70710000
vn 1.00000000 0.00000000 0.00000000
vn 1.00000000 0.00000000 0.00000000
vn 1.00000000 0.00000000 0.00000000
vn 0.00000000 -0.70710000 0.70710000
vn 0.00000000 -0.70710000 0.70710000
vn 0.00000000 -0.70710000 0.70710000
vn 0.00000000 -1.00000000 0.00000000
vn 0.00000000 -1.00000000 0.00000000
vn 0.00000000 -1.00000000 0.00000000
vn -1.00000000 0.00000000 0.00000000
vn -1.00000000 0.00000000 0.00000000
vn -1.00000000 0.00000000 0.00000000
vn 0.00000000 -0.70710000 -0.70710000
vn 0.00000000 -0.70710000 -0.70710000
vn 0.00000000 -0.70710000 -0.70710000
vn 1.00000000 0.00000000 0.00000000
vn 1.00000000 0.00000000 0.00000000
vn 1.00000000 0.00000000 0.00000000
vn 0.00000000 -0.70710000 0.70710000
vn 0.00000000 -0.70710000 0.70710000
vn 0.00000000 -0.70710000 0.70710000
vn 0.00000000 -1.00000000 0.00000000
vn 0.00000000 -1.00000000 0.00000000
vn 0.00000000 -1.00000000 0.00000000
vn -1.00000000 0.00000000 0.00000000
vn -1.00000000 0.00000000 0.00000000
vn -1.00000000 0.00000000 0.00000000
vn 0.00000000 -0.70710000 -0.70710000
vn 0.00000000 -0.70710000 -0.70710000
vn 0.00000000 -0.70710000 -0.70710000
vn 1.00000000 0.00000000 0.00000000
vn 1.00000000 0.00000000 0.00000000
vn 1.00000000 0.00000000 0.00000000
vn 0.00000000 -0.70710000 0.70710000
vn 0.00000000 -0.70710000 0.70710000
vn 0.00000000 -0.70710000 0.70710000
vn 0.00000000 -1.00000000 0.00000000
vn 0.00000000 -1.00000000 0.00000000
vn 0.00000000 -1.00000000 0.00000000
vn -1.00000000 0.00000000 0.00000000
vn -1.00000000 0.00000000 0.00000000
vn -1.00000000 0.00000000 0.00000000
vn 0.00000000 -0.70710000 -0.70710000
vn 0.00000000 -0.70710000 -0.70710000
vn 0.00000000 -0.70710000 -0.70710000
vn 1.00000000 0.00000000 0.00000000
vn 1.00000000 0.00000000 0.00000000
vn 1.00000000 0.00000000 0.00000000
vn 0.00000000 -0.70710000 0.70710000
vn 0.00000000 -0.70710000 0.70710000
vn 0.00000000 -0.70710000 0.70710000
vn 0.00000000 -1.00000000 0.00000000
vn 0.00000000 -1.00000000 0.00000000
vn 0.00000000 -1.00000000 0.00000000
vn -1.00000000 0.00000000 0.00000000
vn -1.00000000 0.00000000 0.00000000
vn -1.00000000 0.00000000 0.00000000
vn 0.00000000 -0.70710000 -0.70710000
vn 0.00000000 -0.70710000 -0.70710000
vn 0.00000000 -0.70710000 -0.70710000
vn 1.00000000 0.00000000 0.00000000
vn 1.00000000 0.00000000 0.00000000
vn 1.00000000 0.00000000 0.00000000
vn 0.00000000 -0.70710000 0.70710000
vn 0.00000000 -0.70710000 0.70710000
vn 0.00000000 -0.70710000 0.70710000
vn 0.00000000 -1.00000000 0.00000000
vn 0.00000000 -1.00000000 0.00000000
vn 0.00000000 -1.00000000 0.00000000
vn 1.00000000 0.00000000 0.00000000
vn 1.00000000 0.00000000 0.00000000
vn 1.00000000 0.00000000 0.00000000
vn 0.00000000 0.00000000 1.00000000
vn 0.00000000 0.00000000 1.00000000
vn 0.00000000 0.00000000 1.00000000
vn 0.00000000 0.00000000 -1.00000000
vn 0.00000000 0.00000000 -1.00000000
vn 0.00000000 0.00000000 -1.00000000
vn 0.00000000 -1.00000000 0.00000000
vn 0.00000000 -1.00000000 0.00000000
vn 0.00000000 -1.00000000 0.00000000
vn 0.00000000 1.00000000 0.00000000
vn 0.00000000 1.00000000 0.00000000
vn 0.00000000 1.00000000 0.00000000
vn 0.00000000 0.00000000 -1.00000000
vn 0.00000000 0.00000000 -1.00000000
vn 0.00000000 0.00000000 -1.00000000
vn 0.00000000 1.00000000 0.00000000
vn 0.00000000 1.00000000 0.00000000
vn 0.00000000 1.00000000 0.00000000
vn 0.00000000 -0.70710000 -0.70710000
vn 0.00000000 -0.70710000 -0.70710000
vn 0.00000000 -0.70710000 -0.70710000
vn 0.00000000 0.00000000 1.00000000
vn 0.00000000 0.00000000 1.00000000
vn 0.00000000 0.00000000 1.00000000
vn 0.00000000 -0.70710000 0.70710000
vn 0.00000000 -0.70710000 0.70710000
vn 0.00000000 -0.70710000 0.70710000
vn 0.00000000 0.70710000 0.70710000
vn 0.00000000 0.70710000 0.70710000
vn 0.00000000 0.70710000 0.70710000
vn 0.00000000 -0.70710000 -0.70710000
vn 0.00000000 -0.70710000 -0.70710000
vn 0.00000000 -0.70710000 -0.70710000
vn 0.00000000 0.70710000 -0.70710000
vn 0.00000000 0.70710000 -0.70710000
vn 0.00000000 0.70710000 -0.70710000
vn 0.00000000 -1.00000000 0.00000000
vn 0.00000000 -1.00000000 0.00000000
vn 0.00000000 -1.00000000 0.00000000
vn 1.00000000 0.00000000 0.00000000
vn 1.00000000 0.00000000 0.00000000
vn 1.00000000 0.00000000 0.00000000
vn 1.00000000 0.00000000 0.00000000
vn 1.00000000 0.00000000 0.00000000
vn 1.00000000 0.00000000 0.00000000
vn 1.00000000 0.00000000 0.00000000
vn 1.00000000 0.00000000 0.00000000
vn 1.00000000 0.00000000 0.00000000
vn 1.00000000 0.00000000 0.00000000
vn 1.00000000 0.00000000 0.00000000
vn 1.00000000 0.00000000 0.00000000
vn 1.00000000 0.00000000 0.00000000
vn 1.00000000 0.00000000 0.00000000
vn 1.00000000 0.00000000 0.00000000
vn 1.00000000 0.00000000 0.00000000
vn 1.00000000 0.00000000 0.00000000
vn 1.00000000 0.00000000 0.00000000
vn 1.00000000 0.00000000 0.00000000
vn 1.00000000 0.00000000 0.00000000
vn 1.00000000 0.00000000 0.00000000
vn 1.00000000 0.00000000 0.00000000
vn 1.00000000 0.00000000 0.00000000
vn 1.00000000 0.00000000 0.00000000
vn 0.00000000 -1.00000000 0.00000000
vn 0.00000000 -1.00000000 0.00000000
vn 0.00000000 -1.00000000 0.00000000
vn 0.00000000 1.00000000 0.00000000
vn 0.00000000 1.00000000 0.00000000
vn 0.00000000 1.00000000 0.00000000
vn 0.00000000 0.70710000 0.70710000
vn 0.00000000 0.70710000 0.70710000
vn 0.00000000 0.70710000 0.70710000
vn 0.00000000 0.70710000 -0.70710000
vn 0.00000000 0.70710000 -0.70710000
vn 0.00000000 0.70710000 -0.70710000
vn 0.00000000 0.00000000 -1.00000000
vn 0.00000000 0.00000000 -1.00000000
vn 0.00000000 0.00000000 -1.00000000
vn 0.00000000 0.00000000 1.00000000
vn 0.00000000 0.00000000 1.00000000
vn 0.00000000 0.00000000 1.00000000
vn 0.00000000 -0.70710000 0.70710000
vn 0.00000000 -0.70710000 0.70710000
vn 0.00000000 -0.70710000 0.70710000
vn 1.00000000 0.00000000 0.00000000
vn 1.00000000 0.00000000 0.00000000
vn 1.00000000 0.00000000 0.00000000
vn 0.00000000 -0.73490000 0.67820000
vn 0.00000000 -0.73490000 0.67820000
vn 0.00000000 -0.73490000 0.67820000
vn 0.00000000 0.73490000 -0.67820000
vn 0.00000000 0.73490000 -0.67820000
vn 0.00000000 0.73490000 -0.67820000
vn 1.00000000 0.00000000 0.00000000
vn 1.00000000 0.00000000 0.00000000
vn 1.00000000 0.00000000 0.00000000
vn 0.00000000 -0.73490000 -0.67820000
vn 0.00000000 -0.73490000 -0.67820000
vn 0.00000000 -0.73490000 -0.67820000
vn 0.00000000 0.73490000 0.67820000
vn 0.00000000 0.73490000 0.67820000
vn 0.00000000 0.73490000 0.67820000
vn 1.00000000 0.00000000 0.00000000
vn 1.00000000 0.00000000 0.00000000
vn 1.00000000 0.00000000 0.00000000
vn 1.00000000 0.00000000 0.00000000
vn 0.00000000 0.54459813 0.83869713
vn 0.00000000 0.54459813 0.83869713
vn 0.00000000 0.54460000 0.83870000
vn 0.00000000 0.54460000 0.83870000
vn 0.00000000 -0.54459813 -0.83869713
vn 0.00000000 -0.54459813 -0.83869713
vn 0.00000000 -0.54460000 -0.83870000
vn 0.00000000 -0.54460000 -0.83870000
vn 1.00000000 0.00000000 0.00000000
vn 1.00000000 0.00000000 0.00000000
vn 1.00000000 0.00000000 0.00000000
vn 1.00000000 0.00000000 0.00000000
vn 0.00000000 0.54460000 -0.83870000
vn 0.00000000 0.54459813 -0.83869713
vn 0.00000000 0.54459813 -0.83869713
vn 0.00000000 0.54460000 -0.83870000
vn 0.00000000 -0.54459813 0.83869713
vn 0.00000000 -0.54460000 0.83870000
vn 0.00000000 -0.54459813 0.83869713
vn 1.00000000 0.00000000 0.00000000
vn 1.00000000 0.00000000 0.00000000
vn 1.00000000 0.00000000 0.00000000
vn 0.00000000 0.00000000 1.00000000
vn 0.00000000 0.00000000 1.00000000
vn 0.00000000 0.00000000 1.00000000
vn 0.00000000 0.00000000 -1.00000000
vn 0.00000000 0.00000000 -1.00000000
vn 0.00000000 0.00000000 -1.00000000
vn 0.00000000 -1.00000000 0.00000000
vn 0.00000000 -1.00000000 0.00000000
vn 0.00000000 -1.00000000 0.00000000
vn 0.00000000 1.00000000 0.00000000
vn 0.00000000 1.00000000 0.00000000
vn 0.00000000 1.00000000 0.00000000
vn 1.00000000 0.00000000 0.00000000
vn 1.00000000 0.00000000 0.00000000
vn 1.00000000 0.00000000 0.00000000
vn 0.00000000 0.00000000 1.00000000
vn 0.00000000 0.00000000 1.00000000
vn 0.00000000 0.00000000 1.00000000
vn 0.00000000 0.00000000 -1.00000000
vn 0.00000000 0.00000000 -1.00000000
vn 0.00000000 0.00000000 -1.00000000
vn 0.00000000 -1.00000000 0.00000000
vn 0.00000000 -1.00000000 0.00000000
vn 0.00000000 -1.00000000 0.00000000
vn 0.00000000 1.00000000 0.00000000
vn 0.00000000 1.00000000 0.00000000
vn 0.00000000 1.00000000 0.00000000
vn 0.00000000 1.00000000 0.00000000
vn 0.00000000 1.00000000 0.00000000
vn 0.00000000 1.00000000 0.00000000
vn 0.00000000 -1.00000000 0.00000000
vn 0.00000000 -1.00000000 0.00000000
vn 0.00000000 -1.00000000 0.00000000
vn 1.00000000 0.00000000 0.00000000
vn 1.00000000 0.00000000 0.00000000
vn 1.00000000 0.00000000 0.00000000
vn 0.00000000 1.00000000 0.00000000
vn 0.00000000 1.00000000 0.00000000
vn 0.00000000 1.00000000 0.00000000
vn 0.00000000 -1.00000000 0.00000000
vn 0.00000000 -1.00000000 0.00000000
vn 0.00000000 -1.00000000 0.00000000
vn 1.00000000 0.00000000 0.00000000
vn 1.00000000 0.00000000 0.00000000
vn 1.00000000 0.00000000 0.00000000
vn 0.00000000 0.00000000 1.00000000
vn 0.00000000 0.00000000 1.00000000
vn 0.00000000 0.00000000 1.00000000
vn 0.00000000 0.00000000 -1.00000000
vn 0.00000000 0.00000000 -1.00000000
vn 0.00000000 0.00000000 -1.00000000
vn 1.00000000 0.00000000 0.00000000
vn 1.00000000 0.00000000 0.00000000
vn 1.00000000 0.00000000 0.00000000
vn 0.00000000 0.00000000 1.00000000
vn 0.00000000 0.00000000 1.00000000
vn 0.00000000 0.00000000 1.00000000
vn 0.00000000 0.00000000 -1.00000000
vn 0.00000000 0.00000000 -1.00000000
vn 0.00000000 0.00000000 -1.00000000
vn 1.00000000 0.00000000 0.00000000
vn 1.00000000 0.00000000 0.00000000
vn 1.00000000 0.00000000 0.00000000
vn 0.00000000 0.00000000 -1.00000000
vn 0.00000000 0.00000000 -1.00000000
vn 0.00000000 0.00000000 -1.00000000
vn 0.00000000 0.00000000 1.00000000
vn 0.00000000 0.00000000 1.00000000
vn 0.00000000 0.00000000 1.00000000
vn 1.00000000 0.00000000 0.00000000
vn 1.00000000 0.00000000 0.00000000
vn 1.00000000 0.00000000 0.00000000
vn 0.00000000 0.00000000 -1.00000000
vn 0.00000000 0.00000000 -1.00000000
vn 0.00000000 0.00000000 -1.00000000
vn 0.00000000 0.00000000 1.00000000
vn 0.00000000 0.00000000 1.00000000
vn 0.00000000 0.00000000 1.00000000
vn 1.00000000 0.00000000 0.00000000
vn 1.00000000 0.00000000 0.00000000
vn 1.00000000 0.00000000 0.00000000
vn 0.00000000 0.00000000 1.00000000
vn 0.00000000 0.00000000 1.00000000
vn 0.00000000 0.00000000 1.00000000
vn 0.00000000 0.00000000 -1.00000000
vn 0.00000000 0.00000000 -1.00000000
vn 0.00000000 0.00000000 -1.00000000
vn 1.00000000 0.00000000 0.00000000
vn 1.00000000 0.00000000 0.00000000
vn 1.00000000 0.00000000 0.00000000
vn 0.00000000 0.00000000 1.00000000
vn 0.00000000 0.00000000 1.00000000
vn 0.00000000 0.00000000 1.00000000
vn 0.00000000 0.00000000 -1.00000000
vn 0.00000000 0.00000000 -1.00000000
vn 0.00000000 0.00000000 -1.00000000
vn 1.00000000 0.00000000 0.00000000
vn 1.00000000 0.00000000 0.00000000
vn 1.00000000 0.00000000 0.00000000
vn 0.00000000 0.00000000 -1.00000000
vn 0.00000000 0.00000000 -1.00000000
vn 0.00000000 0.00000000 -1.00000000
vn 0.00000000 0.00000000 1.00000000
vn 0.00000000 0.00000000 1.00000000
vn 0.00000000 0.00000000 1.00000000
vn 1.00000000 0.00000000 0.00000000
vn 1.00000000 0.00000000 0.00000000
vn 1.00000000 0.00000000 0.00000000
vn 0.00000000 0.00000000 -1.00000000
vn 0.00000000 0.00000000 -1.00000000
vn 0.00000000 0.00000000 -1.00000000
vn 0.00000000 0.00000000 1.00000000
vn 0.00000000 0.00000000 1.00000000
vn 0.00000000 0.00000000 1.00000000
vn 1.00000000 0.00000000 0.00000000
vn 1.00000000 0.00000000 0.00000000
vn 1.00000000 0.00000000 0.00000000
vn 1.00000000 0.00000000 0.00000000
vn 1.00000000 0.00000000 0.00000000
vn 1.00000000 0.00000000 0.00000000
vn 0.00000000 0.00000000 1.00000000
vn 0.00000000 0.00000000 1.00000000
vn 0.00000000 0.00000000 1.00000000
vn 0.00000000 0.00000000 -1.00000000
vn 0.00000000 0.00000000 -1.00000000
vn 0.00000000 0.00000000 -1.00000000
vn 0.00000000 -1.00000000 0.00000000
vn 0.00000000 -1.00000000 0.00000000
vn 0.00000000 -1.00000000 0.00000000
vn 0.00000000 1.00000000 0.00000000
vn 0.00000000 1.00000000 0.00000000
vn 0.00000000 1.00000000 0.00000000
vn -1.00000000 0.00000000 0.00000000
vn -1.00000000 0.00000000 0.00000000
vn -1.00000000 0.00000000 0.00000000
vn 0.00000000 0.00000000 -1.00000000
vn 0.00000000 0.00000000 -1.00000000
vn 0.00000000 0.00000000 -1.00000000
vn 0.00000000 0.00000000 1.00000000
vn 0.00000000 0.00000000 1.00000000
vn 0.00000000 0.00000000 1.00000000
vn 0.00000000 -1.00000000 0.00000000
vn 0.00000000 -1.00000000 0.00000000
vn 0.00000000 -1.00000000 0.00000000
vn 0.00000000 1.00000000 0.00000000
vn 0.00000000 1.00000000 0.00000000
vn 0.00000000 1.00000000 0.00000000
vn 0.00000000 0.00000000 1.00000000
vn 0.00000000 0.00000000 1.00000000
vn 0.00000000 0.00000000 1.00000000
vn 0.00000000 1.00000000 0.00000000
vn 0.00000000 1.00000000 0.00000000
vn 0.00000000 1.00000000 0.00000000
vn 0.00000000 -0.70710000 0.70710000
vn 0.00000000 -0.70710000 0.70710000
vn 0.00000000 -0.70710000 0.70710000
vn 0.00000000 0.00000000 -1.00000000
vn 0.00000000 0.00000000 -1.00000000
vn 0.00000000 0.00000000 -1.00000000
vn 0.00000000 -0.70710000 -0.70710000
vn 0.00000000 -0.70710000 -0.70710000
vn 0.00000000 -0.70710000 -0.70710000
vn 0.00000000 0.70710000 -0.70710000
vn 0.00000000 0.70710000 -0.70710000
vn 0.00000000 0.70710000 -0.70710000
vn 0.00000000 -0.70710000 0.70710000
vn 0.00000000 -0.70710000 0.70710000
vn 0.00000000 -0.70710000 0.70710000
vn 0.00000000 0.70710000 0.70710000
vn 0.00000000 0.70710000 0.70710000
vn 0.00000000 0.70710000 0.70710000
vn 0.00000000 -1.00000000 0.00000000
vn 0.00000000 -1.00000000 0.00000000
vn 0.00000000 -1.00000000 0.00000000
vn -1.00000000 0.00000000 0.00000000
vn -1.00000000 0.00000000 0.00000000
vn -1.00000000 0.00000000 0.00000000
vn -1.00000000 0.00000000 0.00000000
vn -1.00000000 0.00000000 0.00000000
vn -1.00000000 0.00000000 0.00000000
vn -1.00000000 0.00000000 0.00000000
vn -1.00000000 0.00000000 0.00000000
vn -1.00000000 0.00000000 0.00000000
vn -1.00000000 0.00000000 0.00000000
vn -1.00000000 0.00000000 0.00000000
vn -1.00000000 0.00000000 0.00000000
vn -1.00000000 0.00000000 0.00000000
vn -1.00000000 0.00000000 0.00000000
vn -1.00000000 0.00000000 0.00000000
vn -1.00000000 0.00000000 0.00000000
vn -1.00000000 0.00000000 0.00000000
vn -1.00000000 0.00000000 0.00000000
vn -1.00000000 0.00000000 0.00000000
vn -1.00000000 0.00000000 0.00000000
vn -1.00000000 0.00000000 0.00000000
vn -1.00000000 0.00000000 0.00000000
vn -1.00000000 0.00000000 0.00000000
vn -1.00000000 0.00000000 0.00000000
vn 0.00000000 -1.00000000 0.00000000
vn 0.00000000 -1.00000000 0.00000000
vn 0.00000000 -1.00000000 0.00000000
vn 0.00000000 1.00000000 0.00000000
vn 0.00000000 1.00000000 0.00000000
vn 0.00000000 1.00000000 0.00000000
vn 0.00000000 0.70710000 -0.70710000
vn 0.00000000 0.70710000 -0.70710000
vn 0.00000000 0.70710000 -0.70710000
vn 0.00000000 0.70710000 0.70710000
vn 0.00000000 0.70710000 0.70710000
vn 0.00000000 0.70710000 0.70710000
vn 0.00000000 0.00000000 1.00000000
vn 0.00000000 0.00000000 1.00000000
vn 0.00000000 0.00000000 1.00000000
vn 0.00000000 0.00000000 -1.00000000
vn 0.00000000 0.00000000 -1.00000000
vn 0.00000000 0.00000000 -1.00000000
vn 0.00000000 -0.70710000 -0.70710000
vn 0.00000000 -0.70710000 -0.70710000
vn 0.00000000 -0.70710000 -0.70710000
vn -1.00000000 0.00000000 0.00000000
vn -1.00000000 0.00000000 0.00000000
vn -1.00000000 0.00000000 0.00000000
vn 0.00000000 -0.73490000 -0.67820000
vn 0.00000000 -0.73490000 -0.67820000
vn 0.00000000 -0.73490000 -0.67820000
vn 0.00000000 0.73490000 0.67820000
vn 0.00000000 0.73490000 0.67820000
vn 0.00000000 0.73490000 0.67820000
vn -1.00000000 0.00000000 0.00000000
vn -1.00000000 0.00000000 0.00000000
vn -1.00000000 0.00000000 0.00000000
vn 0.00000000 -0.73490000 0.67820000
vn 0.00000000 -0.73490000 0.67820000
vn 0.00000000 -0.73490000 0.67820000
vn 0.00000000 0.73490000 -0.67820000
vn 0.00000000 0.73490000 -0.67820000
vn 0.00000000 0.73490000 -0.67820000
vn -1.00000000 0.00000000 0.00000000
vn -1.00000000 0.00000000 0.00000000
vn -1.00000000 0.00000000 0.00000000
vn -1.00000000 0.00000000 0.00000000
vn 0.00000000 0.54459813 -0.83869713
vn 0.00000000 0.54459813 -0.83869713
vn 0.00000000 0.54460000 -0.83870000
vn 0.00000000 0.54460000 -0.83870000
vn 0.00000000 -0.54459813 0.83869713
vn 0.00000000 -0.54459813 0.83869713
vn 0.00000000 -0.54460000 0.83870000
vn 0.00000000 -0.54460000 0.83870000
vn -1.00000000 0.00000000 0.00000000
vn -1.00000000 0.00000000 0.00000000
vn -1.00000000 0.00000000 0.00000000
vn -1.00000000 0.00000000 0.00000000
vn 0.00000000 0.54460000 0.83870000
vn 0.00000000 0.54459813 0.83869713
vn 0.00000000 0.54459813 0.83869713
vn 0.00000000 0.54460000 0.83870000
vn 0.00000000 -0.54460000 -0.83870000
vn 0.00000000 -0.54459813 -0.83869713
vn 0.00000000 -0.54459813 -0.83869713
vn 0.00000000 -0.54460000 -0.83870000
vn -1.00000000 0.00000000 0.00000000
vn -1.00000000 0.00000000 0.00000000
vn -1.00000000 0.00000000 0.00000000
vn 0.00000000 0.00000000 -1.00000000
vn 0.00000000 0.00000000 -1.00000000
vn 0.00000000 0.00000000 -1.00000000
vn 0.00000000 0.00000000 1.00000000
vn 0.00000000 0.00000000 1.00000000
vn 0.00000000 0.00000000 1.00000000
vn 0.00000000 -1.00000000 0.00000000
vn 0.00000000 -1.00000000 0.00000000
vn 0.00000000 -1.00000000 0.00000000
vn 0.00000000 1.00000000 0.00000000
vn 0.00000000 1.00000000 0.00000000
vn 0.00000000 1.00000000 0.00000000
vn -1.00000000 0.00000000 0.00000000
vn -1.00000000 0.00000000 0.00000000
vn -1.00000000 0.00000000 0.00000000
vn 0.00000000 0.00000000 -1.00000000
vn 0.00000000 0.00000000 -1.00000000
vn 0.00000000 0.00000000 -1.00000000
vn 0.00000000 0.00000000 1.00000000
vn 0.00000000 0.00000000 1.00000000
vn 0.00000000 0.00000000 1.00000000
vn 0.00000000 -1.00000000 0.00000000
vn 0.00000000 -1.00000000 0.00000000
vn 0.00000000 -1.00000000 0.00000000
vn 0.00000000 1.00000000 0.00000000
vn 0.00000000 1.00000000 0.00000000
vn 0.00000000 1.00000000 0.00000000
vn 0.00000000 1.00000000 0.00000000
vn 0.00000000 1.00000000 0.00000000
vn 0.00000000 1.00000000 0.00000000
vn 0.00000000 -1.00000000 0.00000000
vn 0.00000000 -1.00000000 0.00000000
vn 0.00000000 -1.00000000 0.00000000
vn -1.00000000 0.00000000 0.00000000
vn -1.00000000 0.00000000 0.00000000
vn -1.00000000 0.00000000 0.00000000
vn 0.00000000 1.00000000 0.00000000
vn 0.00000000 1.00000000 0.00000000
vn 0.00000000 1.00000000 0.00000000
vn 0.00000000 -1.00000000 0.00000000
vn 0.00000000 -1.00000000 0.00000000
vn 0.00000000 -1.00000000 0.00000000
vn -1.00000000 0.00000000 0.00000000
vn -1.00000000 0.00000000 0.00000000
vn -1.00000000 0.00000000 0.00000000
vn 0.00000000 0.00000000 -1.00000000
vn 0.00000000 0.00000000 -1.00000000
vn 0.00000000 0.00000000 -1.00000000
vn 0.00000000 0.00000000 1.00000000
vn 0.00000000 0.00000000 1.00000000
vn 0.00000000 0.00000000 1.00000000
vn -1.00000000 0.00000000 0.00000000
vn -1.00000000 0.00000000 0.00000000
vn -1.00000000 0.00000000 0.00000000
vn 0.00000000 0.00000000 -1.00000000
vn 0.00000000 0.00000000 -1.00000000
vn 0.00000000 0.00000000 -1.00000000
vn 0.00000000 0.00000000 1.00000000
vn 0.00000000 0.00000000 1.00000000
vn 0.00000000 0.00000000 1.00000000
vn -1.00000000 0.00000000 0.00000000
vn -1.00000000 0.00000000 0.00000000
vn -1.00000000 0.00000000 0.00000000
vn 0.00000000 0.00000000 1.00000000
vn 0.00000000 0.00000000 1.00000000
vn 0.00000000 0.00000000 1.00000000
vn 0.00000000 0.00000000 -1.00000000
vn 0.00000000 0.00000000 -1.00000000
vn 0.00000000 0.00000000 -1.00000000
vn -1.00000000 0.00000000 0.00000000
vn -1.00000000 0.00000000 0.00000000
vn -1.00000000 0.00000000 0.00000000
vn 0.00000000 0.00000000 1.00000000
vn 0.00000000 0.00000000 1.00000000
vn 0.00000000 0.00000000 1.00000000
vn 0.00000000 0.00000000 -1.00000000
vn 0.00000000 0.00000000 -1.00000000
vn 0.00000000 0.00000000 -1.00000000
vn -1.00000000 0.00000000 0.00000000
vn -1.00000000 0.00000000 0.00000000
vn -1.00000000 0.00000000 0.00000000
vn 0.00000000 0.00000000 -1.00000000
vn 0.00000000 0.00000000 -1.00000000
vn 0.00000000 0.00000000 -1.00000000
vn 0.00000000 0.00000000 1.00000000
vn 0.00000000 0.00000000 1.00000000
vn 0.00000000 0.00000000 1.00000000
vn -1.00000000 0.00000000 0.00000000
vn -1.00000000 0.00000000 0.00000000
vn -1.00000000 0.00000000 0.00000000
vn 0.00000000 0.00000000 -1.00000000
vn 0.00000000 0.00000000 -1.00000000
vn 0.00000000 0.00000000 -1.00000000
vn 0.00000000 0.00000000 1.00000000
vn 0.00000000 0.00000000 1.00000000
vn 0.00000000 0.00000000 1.00000000
vn -1.00000000 0.00000000 0.00000000
vn -1.00000000 0.00000000 0.00000000
vn -1.00000000 0.00000000 0.00000000
vn 0.00000000 0.00000000 1.00000000
vn 0.00000000 0.00000000 1.00000000
vn 0.00000000 0.00000000 1.00000000
vn 0.00000000 0.00000000 -1.00000000
vn 0.00000000 0.00000000 -1.00000000
vn 0.00000000 0.00000000 -1.00000000
vn -1.00000000 0.00000000 0.00000000
vn -1.00000000 0.00000000 0.00000000
vn -1.00000000 0.00000000 0.00000000
vn 0.00000000 0.00000000 1.00000000
vn 0.00000000 0.00000000 1.00000000
vn 0.00000000 0.00000000 1.00000000
vn 0.00000000 0.00000000 -1.00000000
vn 0.00000000 0.00000000 -1.00000000
vn 0.00000000 0.00000000 -1.00000000
vn -1.00000000 0.00000000 0.00000000
vn -1.00000000 0.00000000 0.00000000
vn -1.00000000 0.00000000 0.00000000
vn -1.00000000 0.00000000 0.00000000
vn -1.00000000 0.00000000 0.00000000
vn -1.00000000 0.00000000 0.00000000
vn 0.00000000 0.00000000 -1.00000000
vn 0.00000000 0.00000000 -1.00000000
vn 0.00000000 0.00000000 -1.00000000
vn 0.00000000 0.00000000 1.00000000
vn 0.00000000 0.00000000 1.00000000
vn 0.00000000 0.00000000 1.00000000
vn 0.00000000 -1.00000000 0.00000000
vn 0.00000000 -1.00000000 0.00000000
vn 0.00000000 -1.00000000 0.00000000
vn 0.00000000 1.00000000 0.00000000
vn 0.00000000 1.00000000 0.00000000
vn 0.00000000 1.00000000 0.00000000
vn -1.00000000 0.00000000 0.00000000
vn -1.00000000 0.00000000 0.00000000
vn -1.00000000 0.00000000 0.00000000
vn 0.00000000 0.00000000 -1.00000000
vn 0.00000000 0.00000000 -1.00000000
vn 0.00000000 0.00000000 -1.00000000
vn 1.00000000 0.00000000 0.00000000
vn 1.00000000 0.00000000 0.00000000
vn 1.00000000 0.00000000 0.00000000
vn 0.00000000 0.00000000 1.00000000
vn 0.00000000 0.00000000 1.00000000
vn 0.00000000 0.00000000 1.00000000
vn 0.00000000 -1.00000000 0.00000000
vn 0.00000000 -1.00000000 0.00000000
vn 0.00000000 -1.00000000 0.00000000
vn -1.00000000 0.00000000 0.00000000
vn -1.00000000 0.00000000 0.00000000
vn -1.00000000 0.00000000 0.00000000
vn 0.00000000 -0.70710000 -0.70710000
vn 0.00000000 -0.70710000 -0.70710000
vn 0.00000000 -0.70710000 -0.70710000
vn 1.00000000 0.00000000 0.00000000
vn 1.00000000 0.00000000 0.00000000
vn 1.00000000 0.00000000 0.00000000
vn 0.00000000 -0.70710000 0.70710000
vn 0.00000000 -0.70710000 0.70710000
vn 0.00000000 -0.70710000 0.70710000
vn 0.00000000 -1.00000000 0.00000000
vn 0.00000000 -1.00000000 0.00000000
vn 0.00000000 -1.00000000 0.00000000
vn -1.00000000 0.00000000 0.00000000
vn -1.00000000 0.00000000 0.00000000
vn -1.00000000 0.00000000 0.00000000
vn 0.00000000 -0.70710000 -0.70710000
vn 0.00000000 -0.70710000 -0.70710000
vn 0.00000000 -0.70710000 -0.70710000
vn 1.00000000 0.00000000 0.00000000
vn 1.00000000 0.00000000 0.00000000
vn 1.00000000 0.00000000 0.00000000
vn 0.00000000 -0.70710000 0.70710000
vn 0.00000000 -0.70710000 0.70710000
vn 0.00000000 -0.70710000 0.70710000
vn 0.00000000 -1.00000000 0.00000000
vn 0.00000000 -1.00000000 0.00000000
vn 0.00000000 -1.00000000 0.00000000
vn -1.00000000 0.00000000 0.00000000
vn -1.00000000 0.00000000 0.00000000
vn -1.00000000 0.00000000 0.00000000
vn 0.00000000 -0.70710000 -0.70710000
vn 0.00000000 -0.70710000 -0.70710000
vn 0.00000000 -0.70710000 -0.70710000
vn 1.00000000 0.00000000 0.00000000
vn 1.00000000 0.00000000 0.00000000
vn 1.00000000 0.00000000 0.00000000
vn 0.00000000 -0.70710000 0.70710000
vn 0.00000000 -0.70710000 0.70710000
vn 0.00000000 -0.70710000 0.70710000
vn 0.00000000 -1.00000000 0.00000000
vn 0.00000000 -1.00000000 0.00000000
vn 0.00000000 -1.00000000 0.00000000
vn -1.00000000 0.00000000 0.00000000
vn -1.00000000 0.00000000 0.00000000
vn -1.00000000 0.00000000 0.00000000
vn 0.00000000 -0.70710000 -0.70710000
vn 0.00000000 -0.70710000 -0.70710000
vn 0.00000000 -0.70710000 -0.70710000
vn 1.00000000 0.00000000 0.00000000
vn 1.00000000 0.00000000 0.00000000
vn 1.00000000 0.00000000 0.00000000
vn 0.00000000 -0.70710000 0.70710000
vn 0.00000000 -0.70710000 0.70710000
vn 0.00000000 -0.70710000 0.70710000
vn 0.00000000 -1.00000000 0.00000000
vn 0.00000000 -1.00000000 0.00000000
vn 0.00000000 -1.00000000 0.00000000
vn -1.00000000 0.00000000 0.00000000
vn -1.00000000 0.00000000 0.00000000
vn -1.00000000 0.00000000 0.00000000
vn 0.00000000 -0.70710000 -0.70710000
vn 0.00000000 -0.70710000 -0.70710000
vn 0.00000000 -0.70710000 -0.70710000
vn 1.00000000 0.00000000 0.00000000
vn 1.00000000 0.00000000 0.00000000
vn 1.00000000 0.00000000 0.00000000
vn 0.00000000 -0.70710000 0.70710000
vn 0.00000000 -0.70710000 0.70710000
vn 0.00000000 -0.70710000 0.70710000
vn 0.00000000 -1.00000000 0.00000000
vn 0.00000000 -1.00000000 0.00000000
vn 0.00000000 -1.00000000 0.00000000
vn 1.00000000 0.00000000 0.00000000
vn 1.00000000 0.00000000 0.00000000
vn 1.00000000 0.00000000 0.00000000
vn 0.00000000 0.00000000 1.00000000
vn 0.00000000 0.00000000 1.00000000
vn 0.00000000 0.00000000 1.00000000
vn 0.00000000 0.00000000 -1.00000000
vn 0.00000000 0.00000000 -1.00000000
vn 0.00000000 0.00000000 -1.00000000
vn 0.00000000 -1.00000000 0.00000000
vn 0.00000000 -1.00000000 0.00000000
vn 0.00000000 -1.00000000 0.00000000
vn 0.00000000 1.00000000 0.00000000
vn 0.00000000 1.00000000 0.00000000
vn 0.00000000 1.00000000 0.00000000
vn 0.00000000 0.00000000 -1.00000000
vn 0.00000000 0.00000000 -1.00000000
vn 0.00000000 0.00000000 -1.00000000
vn 0.00000000 1.00000000 0.00000000
vn 0.00000000 1.00000000 0.00000000
vn 0.00000000 1.00000000 0.00000000
vn 0.00000000 -0.70710000 -0.70710000
vn 0.00000000 -0.70710000 -0.70710000
vn 0.00000000 -0.70710000 -0.70710000
vn 0.00000000 0.00000000 1.00000000
vn 0.00000000 0.00000000 1.00000000
vn 0.00000000 0.00000000 1.00000000
vn 0.00000000 -0.70710000 0.70710000
vn 0.00000000 -0.70710000 0.70710000
vn 0.00000000 -0.70710000 0.70710000
vn 0.00000000 0.70710000 0.70710000
vn 0.00000000 0.70710000 0.70710000
vn 0.00000000 0.70710000 0.70710000
vn 0.00000000 -0.70710000 -0.70710000
vn 0.00000000 -0.70710000 -0.70710000
vn 0.00000000 -0.70710000 -0.70710000
vn 0.00000000 0.70710000 -0.70710000
vn 0.00000000 0.70710000 -0.70710000
vn 0.00000000 0.70710000 -0.70710000
vn 0.00000000 -1.00000000 0.00000000
vn 0.00000000 -1.00000000 0.00000000
vn 0.00000000 -1.00000000 0.00000000
vn 1.00000000 0.00000000 0.00000000
vn 1.00000000 0.00000000 0.00000000
vn 1.00000000 0.00000000 0.00000000
vn 1.00000000 0.00000000 0.00000000
vn 1.00000000 0.00000000 0.00000000
vn 1.00000000 0.00000000 0.00000000
vn 1.00000000 0.00000000 0.00000000
vn 1.00000000 0.00000000 0.00000000
vn 1.00000000 0.00000000 0.00000000
vn 1.00000000 0.00000000 0.00000000
vn 1.00000000 0.00000000 0.00000000
vn 1.00000000 0.00000000 0.00000000
vn 1.00000000 0.00000000 0.00000000
vn 1.00000000 0.00000000 0.00000000
vn 1.00000000 0.00000000 0.00000000
vn 1.00000000 0.00000000 0.00000000
vn 1.00000000 0.00000000 0.00000000
vn 1.00000000 0.00000000 0.00000000
vn 1.00000000 0.00000000 0.00000000
vn 1.00000000 0.00000000 0.00000000
vn 1.00000000 0.00000000 0.00000000
vn 1.00000000 0.00000000 0.00000000
vn 1.00000000 0.00000000 0.00000000
vn 1.00000000 0.00000000 0.00000000
vn 0.00000000 -1.00000000 0.00000000
vn 0.00000000 -1.00000000 0.00000000
vn 0.00000000 -1.00000000 0.00000000
vn 0.00000000 1.00000000 0.00000000
vn 0.00000000 1.00000000 0.00000000
vn 0.00000000 1.00000000 0.00000000
vn 0.00000000 0.70710000 0.70710000
vn 0.00000000 0.70710000 0.70710000
vn 0.00000000 0.70710000 0.70710000
vn 0.00000000 0.70710000 -0.70710000
vn 0.00000000 0.70710000 -0.70710000
vn 0.00000000 0.70710000 -0.70710000
vn 0.00000000 0.00000000 -1.00000000
vn 0.00000000 0.00000000 -1.00000000
vn 0.00000000 0.00000000 -1.00000000
vn 0.00000000 0.00000000 1.00000000
vn 0.00000000 0.00000000 1.00000000
vn 0.00000000 0.00000000 1.00000000
vn 0.00000000 -0.70710000 0.70710000
vn 0.00000000 -0.70710000 0.70710000
vn 0.00000000 -0.70710000 0.70710000
vn 1.00000000 0.00000000 0.00000000
vn 1.00000000 0.00000000 0.00000000
vn 1.00000000 0.00000000 0.00000000
vn 0.00000000 -0.73490000 0.67820000
vn 0.00000000 -0.73490000 0.67820000
vn 0.00000000 -0.73490000 0.67820000
vn 0.00000000 0.73490000 -0.67820000
vn 0.00000000 0.73490000 -0.67820000
vn 0.00000000 0.73490000 -0.67820000
vn 1.00000000 0.00000000 0.00000000
vn 1.00000000 0.00000000 0.00000000
vn 1.00000000 0.00000000 0.00000000
vn 0.00000000 -0.73490000 -0.67820000
vn 0.00000000 -0.73490000 -0.67820000
vn 0.00000000 -0.73490000 -0.67820000
vn 0.00000000 0.73490000 0.67820000
vn 0.00000000 0.73490000 0.67820000
vn 0.00000000 0.73490000 0.67820000
vn 1.00000000 0.00000000 0.00000000
vn 1.00000000 0.00000000 0.00000000
vn 1.00000000 0.00000000 0.00000000
vn 0.00000000 0.54459813 0.83869713
vn 0.00000000 0.54459813 0.83869713
vn 0.00000000 0.54460000 0.83870000
vn 0.00000000 -0.54459813 -0.83869713
vn 0.00000000 -0.54459813 -0.83869713
vn 0.00000000 -0.54460000 -0.83870000
vn 1.00000000 0.00000000 0.00000000
vn 1.00000000 0.00000000 0.00000000
vn 1.00000000 0.00000000 0.00000000
vn 0.00000000 0.54459813 -0.83869713
vn 0.00000000 0.54460000 -0.83870000
vn 0.00000000 0.54459813 -0.83869713
vn 0.00000000 -0.54459813 0.83869713
vn 0.00000000 -0.54460000 0.83870000
vn 0.00000000 -0.54460000 0.83870000
vn 0.00000000 -0.54459813 0.83869713
vn 1.00000000 0.00000000 0.00000000
vn 1.00000000 0.00000000 0.00000000
vn 1.00000000 0.00000000 0.00000000
vn 0.00000000 0.00000000 1.00000000
vn 0.00000000 0.00000000 1.00000000
vn 0.00000000 0.00000000 1.00000000
vn 0.00000000 0.00000000 -1.00000000
vn 0.00000000 0.00000000 -1.00000000
vn 0.00000000 0.00000000 -1.00000000
vn 0.00000000 -1.00000000 0.00000000
vn 0.00000000 -1.00000000 0.00000000
vn 0.00000000 -1.00000000 0.00000000
vn 0.00000000 1.00000000 0.00000000
vn 0.00000000 1.00000000 0.00000000
vn 0.00000000 1.00000000 0.00000000
vn 1.00000000 0.00000000 0.00000000
vn 1.00000000 0.00000000 0.00000000
vn 1.00000000 0.00000000 0.00000000
vn 0.00000000 0.00000000 1.00000000
vn 0.00000000 0.00000000 1.00000000
vn 0.00000000 0.00000000 1.00000000
vn 0.00000000 0.00000000 -1.00000000
vn 0.00000000 0.00000000 -1.00000000
vn 0.00000000 0.00000000 -1.00000000
vn 0.00000000 -1.00000000 0.00000000
vn 0.00000000 -1.00000000 0.00000000
vn 0.00000000 -1.00000000 0.00000000
vn 0.00000000 1.00000000 0.00000000
vn 0.00000000 1.00000000 0.00000000
vn 0.00000000 1.00000000 0.00000000
vn 0.00000000 1.00000000 0.00000000
vn 0.00000000 1.00000000 0.00000000
vn 0.00000000 1.00000000 0.00000000
vn 0.00000000 -1.00000000 0.00000000
vn 0.00000000 -1.00000000 0.00000000
vn 0.00000000 -1.00000000 0.00000000
vn 1.00000000 0.00000000 0.00000000
vn 1.00000000 0.00000000 0.00000000
vn 1.00000000 0.00000000 0.00000000
vn 0.00000000 1.00000000 0.00000000
vn 0.00000000 1.00000000 0.00000000
vn 0.00000000 1.00000000 0.00000000
vn 0.00000000 -1.00000000 0.00000000
vn 0.00000000 -1.00000000 0.00000000
vn 0.00000000 -1.00000000 0.00000000
vn 1.00000000 0.00000000 0.00000000
vn 1.00000000 0.00000000 0.00000000
vn 1.00000000 0.00000000 0.00000000
vn 0.00000000 0.00000000 1.00000000
vn 0.00000000 0.00000000 1.00000000
vn 0.00000000 0.00000000 1.00000000
vn 0.00000000 0.00000000 -1.00000000
vn 0.00000000 0.00000000 -1.00000000
vn 0.00000000 0.00000000 -1.00000000
vn 1.00000000 0.00000000 0.00000000
vn 1.00000000 0.00000000 0.00000000
vn 1.00000000 0.00000000 0.00000000
vn 0.00000000 0.00000000 1.00000000
vn 0.00000000 0.00000000 1.00000000
vn 0.00000000 0.00000000 1.00000000
vn 0.00000000 0.00000000 -1.00000000
vn 0.00000000 0.00000000 -1.00000000
vn 0.00000000 0.00000000 -1.00000000
vn 1.00000000 0.00000000 0.00000000
vn 1.00000000 0.00000000 0.00000000
vn 1.00000000 0.00000000 0.00000000
vn 0.00000000 0.00000000 -1.00000000
vn 0.00000000 0.00000000 -1.00000000
vn 0.00000000 0.00000000 -1.00000000
vn 0.00000000 0.00000000 1.00000000
vn 0.00000000 0.00000000 1.00000000
vn 0.00000000 0.00000000 1.00000000
vn 1.00000000 0.00000000 0.00000000
vn 1.00000000 0.00000000 0.00000000
vn 1.00000000 0.00000000 0.00000000
vn 0.00000000 0.00000000 -1.00000000
vn 0.00000000 0.00000000 -1.00000000
vn 0.00000000 0.00000000 -1.00000000
vn 0.00000000 0.00000000 1.00000000
vn 0.00000000 0.00000000 1.00000000
vn 0.00000000 0.00000000 1.00000000
vn 1.00000000 0.00000000 0.00000000
vn 1.00000000 0.00000000 0.00000000
vn 1.00000000 0.00000000 0.00000000
vn 0.00000000 0.00000000 1.00000000
vn 0.00000000 0.00000000 1.00000000
vn 0.00000000 0.00000000 1.00000000
vn 0.00000000 0.00000000 1.00000000
vn 0.00000000 0.00000000 -1.00000000
vn 0.00000000 0.00000000 -1.00000000
vn 0.00000000 0.00000000 -1.00000000
vn 0.00000000 0.00000000 -1.00000000
vn 1.00000000 0.00000000 0.00000000
vn 1.00000000 0.00000000 0.00000000
vn 1.00000000 0.00000000 0.00000000
vn 1.00000000 0.00000000 0.00000000
vn 0.00000000 0.00000000 1.00000000
vn 0.00000000 0.00000000 1.00000000
vn 0.00000000 0.00000000 1.00000000
vn 0.00000000 0.00000000 1.00000000
vn 0.00000000 0.00000000 -1.00000000
vn 0.00000000 0.00000000 -1.00000000
vn 0.00000000 0.00000000 -1.00000000
vn 0.00000000 0.00000000 -1.00000000
vn 1.00000000 0.00000000 0.00000000
vn 1.00000000 0.00000000 0.00000000
vn 1.00000000 0.00000000 0.00000000
vn 1.00000000 0.00000000 0.00000000
vn 0.00000000 0.00000000 -1.00000000
vn 0.00000000 0.00000000 -1.00000000
vn 0.00000000 0.00000000 -1.00000000
vn 0.00000000 0.00000000 -1.00000000
vn 0.00000000 0.00000000 1.00000000
vn 0.00000000 0.00000000 1.00000000
vn 0.00000000 0.00000000 1.00000000
vn 0.00000000 0.00000000 1.00000000
vn 1.00000000 0.00000000 0.00000000
vn 1.00000000 0.00000000 0.00000000
vn 1.00000000 0.00000000 0.00000000
vn 1.00000000 0.00000000 0.00000000
vn 0.00000000 0.00000000 -1.00000000
vn 0.00000000 0.00000000 -1.00000000
vn 0.00000000 0.00000000 -1.00000000
vn 0.00000000 0.00000000 -1.00000000
vn 0.00000000 0.00000000 1.00000000
vn 0.00000000 0.00000000 1.00000000
vn 0.00000000 0.00000000 1.00000000
vn 0.00000000 0.00000000 1.00000000
vn 1.00000000 0.00000000 0.00000000
vn 1.00000000 0.00000000 0.00000000
vn 1.00000000 0.00000000 0.00000000
vn 1.00000000 0.00000000 0.00000000
vn 1.00000000 0.00000000 0.00000000
vn 1.00000000 0.00000000 0.00000000
vn 1.00000000 0.00000000 0.00000000
vn 0.00000000 0.00000000 1.00000000
vn 0.00000000 0.00000000 1.00000000
vn 0.00000000 0.00000000 1.00000000
vn 0.00000000 0.00000000 -1.00000000
vn 0.00000000 0.00000000 -1.00000000
vn 0.00000000 0.00000000 -1.00000000
vn 0.00000000 -1.00000000 0.00000000
vn 0.00000000 -1.00000000 0.00000000
vn 0.00000000 -1.00000000 0.00000000
vn 0.00000000 1.00000000 0.00000000
vn 0.00000000 1.00000000 0.00000000
vn 0.00000000 1.00000000 0.00000000
vn -1.00000000 0.00000000 0.00000000
vn -1.00000000 0.00000000 0.00000000
vn -1.00000000 0.00000000 0.00000000
vn 0.00000000 0.00000000 -1.00000000
vn 0.00000000 0.00000000 -1.00000000
vn 0.00000000 0.00000000 -1.00000000
vn 0.00000000 0.00000000 1.00000000
vn 0.00000000 0.00000000 1.00000000
vn 0.00000000 0.00000000 1.00000000
vn 0.00000000 -1.00000000 0.00000000
vn 0.00000000 -1.00000000 0.00000000
vn 0.00000000 -1.00000000 0.00000000
vn 0.00000000 1.00000000 0.00000000
vn 0.00000000 1.00000000 0.00000000
vn 0.00000000 1.00000000 0.00000000
vn 0.00000000 0.00000000 1.00000000
vn 0.00000000 0.00000000 1.00000000
vn 0.00000000 0.00000000 1.00000000
vn 0.00000000 1.00000000 0.00000000
vn 0.00000000 1.00000000 0.00000000
vn 0.00000000 1.00000000 0.00000000
vn 0.00000000 -0.70710000 0.70710000
vn 0.00000000 -0.70710000 0.70710000
vn 0.00000000 -0.70710000 0.70710000
vn 0.00000000 0.00000000 -1.00000000
vn 0.00000000 0.00000000 -1.00000000
vn 0.00000000 0.00000000 -1.00000000
vn 0.00000000 -0.70710000 -0.70710000
vn 0.00000000 -0.70710000 -0.70710000
vn 0.00000000 -0.70710000 -0.70710000
vn 0.00000000 0.70710000 -0.70710000
vn 0.00000000 0.70710000 -0.70710000
vn 0.00000000 0.70710000 -0.70710000
vn 0.00000000 -0.70710000 0.70710000
vn 0.00000000 -0.70710000 0.70710000
vn 0.00000000 -0.70710000 0.70710000
vn 0.00000000 0.70710000 0.70710000
vn 0.00000000 0.70710000 0.70710000
vn 0.00000000 0.70710000 0.70710000
vn 0.00000000 -1.00000000 0.00000000
vn 0.00000000 -1.00000000 0.00000000
vn 0.00000000 -1.00000000 0.00000000
vn -1.00000000 0.00000000 0.00000000
vn -1.00000000 0.00000000 0.00000000
vn -1.00000000 0.00000000 0.00000000
vn -1.00000000 0.00000000 0.00000000
vn -1.00000000 0.00000000 0.00000000
vn -1.00000000 0.00000000 0.00000000
vn -1.00000000 0.00000000 0.00000000
vn -1.00000000 0.00000000 0.00000000
vn -1.00000000 0.00000000 0.00000000
vn -1.00000000 0.00000000 0.00000000
vn -1.00000000 0.00000000 0.00000000
vn -1.00000000 0.00000000 0.00000000
vn -1.00000000 0.00000000 0.00000000
vn -1.00000000 0.00000000 0.00000000
vn -1.00000000 0.00000000 0.00000000
vn -1.00000000 0.00000000 0.00000000
vn -1.00000000 0.00000000 0.00000000
vn -1.00000000 0.00000000 0.00000000
vn -1.00000000 0.00000000 0.00000000
vn -1.00000000 0.00000000 0.00000000
vn -1.00000000 0.00000000 0.00000000
vn -1.00000000 0.00000000 0.00000000
vn -1.00000000 0.00000000 0.00000000
vn -1.00000000 0.00000000 0.00000000
vn 0.00000000 -1.00000000 0.00000000
vn 0.00000000 -1.00000000 0.00000000
vn 0.00000000 -1.00000000 0.00000000
vn 0.00000000 1.00000000 0.00000000
vn 0.00000000 1.00000000 0.00000000
vn 0.00000000 1.00000000 0.00000000
vn 0.00000000 0.70710000 -0.70710000
vn 0.00000000 0.70710000 -0.70710000
vn 0.00000000 0.70710000 -0.70710000
vn 0.00000000 0.70710000 0.70710000
vn 0.00000000 0.70710000 0.70710000
vn 0.00000000 0.70710000 0.70710000
vn 0.00000000 0.00000000 1.00000000
vn 0.00000000 0.00000000 1.00000000
vn 0.00000000 0.00000000 1.00000000
vn 0.00000000 0.00000000 -1.00000000
vn 0.00000000 0.00000000 -1.00000000
vn 0.00000000 0.00000000 -1.00000000
vn 0.00000000 -0.70710000 -0.70710000
vn 0.00000000 -0.70710000 -0.70710000
vn 0.00000000 -0.70710000 -0.70710000
vn -1.00000000 0.00000000 0.00000000
vn -1.00000000 0.00000000 0.00000000
vn -1.00000000 0.00000000 0.00000000
vn 0.00000000 -0.73490000 -0.67820000
vn 0.00000000 -0.73490000 -0.67820000
vn 0.00000000 -0.73490000 -0.67820000
vn 0.00000000 0.73490000 0.67820000
vn 0.00000000 0.73490000 0.67820000
vn 0.00000000 0.73490000 0.67820000
vn -1.00000000 0.00000000 0.00000000
vn -1.00000000 0.00000000 0.00000000
vn -1.00000000 0.00000000 0.00000000
vn 0.00000000 -0.73490000 0.67820000
vn 0.00000000 -0.73490000 0.67820000
vn 0.00000000 -0.73490000 0.67820000
vn 0.00000000 0.73490000 -0.67820000
vn 0.00000000 0.73490000 -0.67820000
vn 0.00000000 0.73490000 -0.67820000
vn -1.00000000 0.00000000 0.00000000
vn -1.00000000 0.00000000 0.00000000
vn -1.00000000 0.00000000 0.00000000
vn 0.00000000 0.54459813 -0.83869713
vn 0.00000000 0.54459813 -0.83869713
vn 0.00000000 0.54460000 -0.83870000
vn 0.00000000 -0.54459813 0.83869713
vn 0.00000000 -0.54459813 0.83869713
vn 0.00000000 -0.54460000 0.83870000
vn -1.00000000 0.00000000 0.00000000
vn -1.00000000 0.00000000 0.00000000
vn -1.00000000 0.00000000 0.00000000
vn 0.00000000 0.54459813 0.83869713
vn 0.00000000 0.54460000 0.83870000
vn 0.00000000 0.54459813 0.83869713
vn 0.00000000 -0.54459813 -0.83869713
vn 0.00000000 -0.54460000 -0.83870000
vn 0.00000000 -0.54459813 -0.83869713
vn -1.00000000 0.00000000 0.00000000
vn -1.00000000 0.00000000 0.00000000
vn -1.00000000 0.00000000 0.00000000
vn 0.00000000 0.00000000 -1.00000000
vn 0.00000000 0.00000000 -1.00000000
vn 0.00000000 0.00000000 -1.00000000
vn 0.00000000 0.00000000 1.00000000
vn 0.00000000 0.00000000 1.00000000
vn 0.00000000 0.00000000 1.00000000
vn 0.00000000 -1.00000000 0.00000000
vn 0.00000000 -1.00000000 0.00000000
vn 0.00000000 -1.00000000 0.00000000
vn 0.00000000 1.00000000 0.00000000
vn 0.00000000 1.00000000 0.00000000
vn 0.00000000 1.00000000 0.00000000
vn -1.00000000 0.00000000 0.00000000
vn -1.00000000 0.00000000 0.00000000
vn -1.00000000 0.00000000 0.00000000
vn 0.00000000 0.00000000 -1.00000000
vn 0.00000000 0.00000000 -1.00000000
vn 0.00000000 0.00000000 -1.00000000
vn 0.00000000 0.00000000 1.00000000
vn 0.00000000 0.00000000 1.00000000
vn 0.00000000 0.00000000 1.00000000
vn 0.00000000 -1.00000000 0.00000000
vn 0.00000000 -1.00000000 0.00000000
vn 0.00000000 -1.00000000 0.00000000
vn 0.00000000 1.00000000 0.00000000
vn 0.00000000 1.00000000 0.00000000
vn 0.00000000 1.00000000 0.00000000
vn 0.00000000 1.00000000 0.00000000
vn 0.00000000 1.00000000 0.00000000
vn 0.00000000 1.00000000 0.00000000
vn 0.00000000 -1.00000000 0.00000000
vn 0.00000000 -1.00000000 0.00000000
vn 0.00000000 -1.00000000 0.00000000
vn -1.00000000 0.00000000 0.00000000
vn -1.00000000 0.00000000 0.00000000
vn -1.00000000 0.00000000 0.00000000
vn 0.00000000 1.00000000 0.00000000
vn 0.00000000 1.00000000 0.00000000
vn 0.00000000 1.00000000 0.00000000
vn 0.00000000 -1.00000000 0.00000000
vn 0.00000000 -1.00000000 0.00000000
vn 0.00000000 -1.00000000 0.00000000
vn -1.00000000 0.00000000 0.00000000
vn -1.00000000 0.00000000 0.00000000
vn -1.00000000 0.00000000 0.00000000
vn 0.00000000 0.00000000 -1.00000000
vn 0.00000000 0.00000000 -1.00000000
vn 0.00000000 0.00000000 -1.00000000
vn 0.00000000 0.00000000 1.00000000
vn 0.00000000 0.00000000 1.00000000
vn 0.00000000 0.00000000 1.00000000
vn -1.00000000 0.00000000 0.00000000
vn -1.00000000 0.00000000 0.00000000
vn -1.00000000 0.00000000 0.00000000
vn 0.00000000 0.00000000 -1.00000000
vn 0.00000000 0.00000000 -1.00000000
vn 0.00000000 0.00000000 -1.00000000
vn 0.00000000 0.00000000 1.00000000
vn 0.00000000 0.00000000 1.00000000
vn 0.00000000 0.00000000 1.00000000
vn -1.00000000 0.00000000 0.00000000
vn -1.00000000 0.00000000 0.00000000
vn -1.00000000 0.00000000 0.00000000
vn 0.00000000 0.00000000 1.00000000
vn 0.00000000 0.00000000 1.00000000
vn 0.00000000 0.00000000 1.00000000
vn 0.00000000 0.00000000 -1.00000000
vn 0.00000000 0.00000000 -1.00000000
vn 0.00000000 0.00000000 -1.00000000
vn -1.00000000 0.00000000 0.00000000
vn -1.00000000 0.00000000 0.00000000
vn -1.00000000 0.00000000 0.00000000
vn 0.00000000 0.00000000 1.00000000
vn 0.00000000 0.00000000 1.00000000
vn 0.00000000 0.00000000 1.00000000
vn 0.00000000 0.00000000 -1.00000000
vn 0.00000000 0.00000000 -1.00000000
vn 0.00000000 0.00000000 -1.00000000
vn -1.00000000 0.00000000 0.00000000
vn -1.00000000 0.00000000 0.00000000
vn -1.00000000 0.00000000 0.00000000
vn 0.00000000 0.00000000 -1.00000000
vn 0.00000000 0.00000000 -1.00000000
vn 0.00000000 0.00000000 -1.00000000
vn 0.00000000 0.00000000 -1.00000000
vn 0.00000000 0.00000000 1.00000000
vn 0.00000000 0.00000000 1.00000000
vn 0.00000000 0.00000000 1.00000000
vn 0.00000000 0.00000000 1.00000000
vn -1.00000000 0.00000000 0.00000000
vn -1.00000000 0.00000000 0.00000000
vn -1.00000000 0.00000000 0.00000000
vn -1.00000000 0.00000000 0.00000000
vn 0.00000000 0.00000000 -1.00000000
vn 0.00000000 0.00000000 -1.00000000
vn 0.00000000 0.00000000 -1.00000000
vn 0.00000000 0.00000000 -1.00000000
vn 0.00000000 0.00000000 1.00000000
vn 0.00000000 0.00000000 1.00000000
vn 0.00000000 0.00000000 1.00000000
vn 0.00000000 0.00000000 1.00000000
vn -1.00000000 0.00000000 0.00000000
vn -1.00000000 0.00000000 0.00000000
vn -1.00000000 0.00000000 0.00000000
vn -1.00000000 0.00000000 0.00000000
vn 0.00000000 0.00000000 1.00000000
vn 0.00000000 0.00000000 1.00000000
vn 0.00000000 0.00000000 1.00000000
vn 0.00000000 0.00000000 1.00000000
vn 0.00000000 0.00000000 -1.00000000
vn 0.00000000 0.00000000 -1.00000000
vn 0.00000000 0.00000000 -1.00000000
vn 0.00000000 0.00000000 -1.00000000
vn -1.00000000 0.00000000 0.00000000
vn -1.00000000 0.00000000 0.00000000
vn -1.00000000 0.00000000 0.00000000
vn -1.00000000 0.00000000 0.00000000
vn 0.00000000 0.00000000 1.00000000
vn 0.00000000 0.00000000 1.00000000
vn 0.00000000 0.00000000 1.00000000
vn 0.00000000 0.00000000 1.00000000
vn 0.00000000 0.00000000 -1.00000000
vn 0.00000000 0.00000000 -1.00000000
vn 0.00000000 0.00000000 -1.00000000
vn 0.00000000 0.00000000 -1.00000000
vn -1.00000000 0.00000000 0.00000000
vn -1.00000000 0.00000000 0.00000000
vn -1.00000000 0.00000000 0.00000000
vn -1.00000000 0.00000000 0.00000000
vn -1.00000000 0.00000000 0.00000000
vn -1.00000000 0.00000000 0.00000000
vn -1.00000000 0.00000000 0.00000000
vn 0.00000000 0.00000000 -1.00000000
vn 0.00000000 0.00000000 -1.00000000
vn 0.00000000 0.00000000 -1.00000000
vn 0.00000000 0.00000000 1.00000000
vn 0.00000000 0.00000000 1.00000000
vn 0.00000000 0.00000000 1.00000000
vn 0.00000000 -1.00000000 0.00000000
vn 0.00000000 -1.00000000 0.00000000
vn 0.00000000 -1.00000000 0.00000000
vn 0.00000000 1.00000000 0.00000000
vn 0.00000000 1.00000000 0.00000000
vn 0.00000000 1.00000000 0.00000000
vn -1.00000000 0.00000000 0.00000000
vn -1.00000000 0.00000000 0.00000000
vn -1.00000000 0.00000000 0.00000000
vn -1.00000000 0.00000000 0.00000000
vn -1.00000000 0.00000000 0.00000000
vn -1.00000000 0.00000000 0.00000000
vn 1.00000000 0.00000000 0.00000000
vn 1.00000000 0.00000000 0.00000000
vn 1.00000000 0.00000000 0.00000000
vn -1.00000000 0.00000000 0.00000000
vn -1.00000000 0.00000000 0.00000000
vn -1.00000000 0.00000000 0.00000000
vn 0.00000000 -1.00000000 0.00000000
vn 0.00000000 -1.00000000 0.00000000
vn 0.00000000 -1.00000000 0.00000000
vn 0.00000000 1.00000000 0.00000000
vn 0.00000000 1.00000000 0.00000000
vn 0.00000000 1.00000000 0.00000000
vn 0.00000000 0.00000000 1.00000000
vn 0.00000000 0.00000000 1.00000000
vn 0.00000000 0.00000000 1.00000000
vn 0.00000000 -1.00000000 0.00000000
vn 0.00000000 -1.00000000 0.00000000
vn 0.00000000 -1.00000000 0.00000000
vn 0.00000000 0.00000000 1.00000000
vn 0.00000000 0.00000000 1.00000000
vn 0.00000000 0.00000000 1.00000000
vn 1.00000000 0.00000000 0.00000000
vn 1.00000000 0.00000000 0.00000000
vn 1.00000000 0.00000000 0.00000000
vn 0.00000000 0.00000000 -1.00000000
vn 0.00000000 0.00000000 -1.00000000
vn 0.00000000 0.00000000 -1.00000000
vn -1.00000000 0.00000000 0.00000000
vn -1.00000000 0.00000000 0.00000000
vn -1.00000000 0.00000000 0.00000000
vn 1.00000000 0.00000000 0.00000000
vn 1.00000000 0.00000000 0.00000000
vn 1.00000000 0.00000000 0.00000000
vn 0.00000000 -1.00000000 0.00000000
vn 0.00000000 -1.00000000 0.00000000
vn 0.00000000 -1.00000000 0.00000000
vn 1.00000000 0.00000000 0.00000000
vn 1.00000000 0.00000000 0.00000000
vn 1.00000000 0.00000000 0.00000000
vn 1.00000000 0.00000000 0.00000000
vn 1.00000000 0.00000000 0.00000000
vn 1.00000000 0.00000000 0.00000000
vn 1.00000000 0.00000000 0.00000000
vn 1.00000000 0.00000000 0.00000000
vn 1.00000000 0.00000000 0.00000000
vn -1.00000000 0.00000000 0.00000000
vn -1.00000000 0.00000000 0.00000000
vn -1.00000000 0.00000000 0.00000000
vn 0.00000000 0.00000000 1.00000000
vn 0.00000000 0.00000000 1.00000000
vn 0.00000000 0.00000000 1.00000000
vn 1.00000000 0.00000000 0.00000000
vn 1.00000000 0.00000000 0.00000000
vn 1.00000000 0.00000000 0.00000000
vn 0.00000000 0.00000000 -1.00000000
vn 0.00000000 0.00000000 -1.00000000
vn 0.00000000 0.00000000 -1.00000000
vn 0.00000000 0.00000000 -1.00000000
vn 0.00000000 0.00000000 -1.00000000
vn 0.00000000 0.00000000 -1.00000000
vn 0.00000000 1.00000000 0.00000000
vn 0.00000000 1.00000000 0.00000000
vn 0.00000000 1.00000000 0.00000000
vn 0.00000000 1.00000000 0.00000000
vn 0.00000000 1.00000000 0.00000000
vn 0.00000000 1.00000000 0.00000000
vn 0.00000000 0.00000000 1.00000000
vn 0.00000000 0.00000000 1.00000000
vn 0.00000000 0.00000000 1.00000000
vn 1.00000000 0.00000000 0.00000000
vn 1.00000000 0.00000000 0.00000000
vn 1.00000000 0.00000000 0.00000000
vn -1.00000000 0.00000000 0.00000000
vn -1.00000000 0.00000000 0.00000000
vn -1.00000000 0.00000000 0.00000000
vn 0.00000000 0.00000000 -1.00000000
vn 0.00000000 0.00000000 -1.00000000
vn 0.00000000 0.00000000 -1.00000000
vn -1.00000000 0.00000000 0.00000000
vn -1.00000000 0.00000000 0.00000000
vn -1.00000000 0.00000000 0.00000000
vn 0.00000000 1.00000000 0.00000000
vn 0.00000000 1.00000000 0.00000000
vn 0.00000000 1.00000000 0.00000000
vn -1.00000000 0.00000000 0.00000000
vn -1.00000000 0.00000000 0.00000000
vn -1.00000000 0.00000000 0.00000000
vn 0.00000000 -0.70710000 0.70710000
vn 0.00000000 -0.70710000 0.70710000
vn 0.00000000 -0.70710000 0.70710000
vn 0.00000000 -0.70710000 -0.70710000
vn 0.00000000 -0.70710000 -0.70710000
vn 0.00000000 -0.70710000 -0.70710000
vn -1.00000000 0.00000000 0.00000000
vn -1.00000000 0.00000000 0.00000000
vn -1.00000000 0.00000000 0.00000000
vn 0.00000000 1.00000000 0.00000000
vn 0.00000000 1.00000000 0.00000000
vn 0.00000000 1.00000000 0.00000000
vn 1.00000000 0.00000000 0.00000000
vn 1.00000000 0.00000000 0.00000000
vn 1.00000000 0.00000000 0.00000000
vn 0.00000000 -1.00000000 0.00000000
vn 0.00000000 -1.00000000 0.00000000
vn 0.00000000 -1.00000000 0.00000000
vn -1.00000000 0.00000000 0.00000000
vn -1.00000000 0.00000000 0.00000000
vn -1.00000000 0.00000000 0.00000000
vn 0.00000000 1.00000000 0.00000000
vn 0.00000000 1.00000000 0.00000000
vn 0.00000000 1.00000000 0.00000000
vn 1.00000000 0.00000000 0.00000000
vn 1.00000000 0.00000000 0.00000000
vn 1.00000000 0.00000000 0.00000000
vn 0.00000000 -1.00000000 0.00000000
vn 0.00000000 -1.00000000 0.00000000
vn 0.00000000 -1.00000000 0.00000000
vn -1.00000000 0.00000000 0.00000000
vn -1.00000000 0.00000000 0.00000000
vn -1.00000000 0.00000000 0.00000000
vn 0.00000000 -0.70710000 -0.70710000
vn 0.00000000 -0.70710000 -0.70710000
vn 0.00000000 -0.70710000 -0.70710000
vn 0.00000000 -0.70710000 0.70710000
vn 0.00000000 -0.70710000 0.70710000
vn 0.00000000 -0.70710000 0.70710000
vn 0.00000000 0.00000000 -1.00000000
vn 0.00000000 0.00000000 -1.00000000
vn 0.00000000 0.00000000 -1.00000000
vn 0.00000000 0.00000000 1.00000000
vn 0.00000000 0.00000000 1.00000000
vn 0.00000000 0.00000000 1.00000000
vn 0.00000000 1.00000000 0.00000000
vn 0.00000000 1.00000000 0.00000000
vn 0.00000000 1.00000000 0.00000000
vn 0.00000000 1.00000000 0.00000000
vn 0.00000000 1.00000000 0.00000000
vn 0.00000000 1.00000000 0.00000000
vn 1.00000000 0.00000000 0.00000000
vn 1.00000000 0.00000000 0.00000000
vn 1.00000000 0.00000000 0.00000000
vn -1.00000000 0.00000000 0.00000000
vn -1.00000000 0.00000000 0.00000000
vn -1.00000000 0.00000000 0.00000000
vn 0.00000000 0.00000000 1.00000000
vn 0.00000000 0.00000000 1.00000000
vn 0.00000000 0.00000000 1.00000000
vn -1.00000000 0.00000000 0.00000000
vn -1.00000000 0.00000000 0.00000000
vn -1.00000000 0.00000000 0.00000000
vn 1.00000000 0.00000000 0.00000000
vn 1.00000000 0.00000000 0.00000000
vn 1.00000000 0.00000000 0.00000000
vn 0.00000000 0.00000000 -1.00000000
vn 0.00000000 0.00000000 -1.00000000
vn 0.00000000 0.00000000 -1.00000000
vn -1.00000000 0.00000000 0.00000000
vn -1.00000000 0.00000000 0.00000000
vn -1.00000000 0.00000000 0.00000000
vn 1.00000000 0.00000000 0.00000000
vn 1.00000000 0.00000000 0.00000000
vn 1.00000000 0.00000000 0.00000000
vn -1.00000000 0.00000000 0.00000000
vn -1.00000000 0.00000000 0.00000000
vn -1.00000000 0.00000000 0.00000000
vn 0.00000000 1.00000000 0.00000000
vn 0.00000000 1.00000000 0.00000000
vn 0.00000000 1.00000000 0.00000000
vn 0.00000000 1.00000000 0.00000000
vn 0.00000000 1.00000000 0.00000000
vn 0.00000000 1.00000000 0.00000000
vn -1.00000000 0.00000000 0.00000000
vn -1.00000000 0.00000000 0.00000000
vn -1.00000000 0.00000000 0.00000000
vn 0.00000000 0.00000000 1.00000000
vn 0.00000000 0.00000000 1.00000000
vn 0.00000000 0.00000000 1.00000000
vn 1.00000000 0.00000000 0.00000000
vn 1.00000000 0.00000000 0.00000000
vn 1.00000000 0.00000000 0.00000000
vn 1.00000000 0.00000000 0.00000000
vn 1.00000000 0.00000000 0.00000000
vn 1.00000000 0.00000000 0.00000000
vn 0.00000000 0.00000000 -1.00000000
vn 0.00000000 0.00000000 -1.00000000
vn 0.00000000 0.00000000 -1.00000000
vn 0.00000000 0.00000000 -1.00000000
vn 0.00000000 0.00000000 -1.00000000
vn 0.00000000 0.00000000 -1.00000000
vn -1.00000000 0.00000000 0.00000000
vn -1.00000000 0.00000000 0.00000000
vn -1.00000000 0.00000000 0.00000000
vn 1.00000000 0.00000000 0.00000000
vn 1.00000000 0.00000000 0.00000000
vn 1.00000000 0.00000000 0.00000000
vn 1.00000000 0.00000000 0.00000000
vn 1.00000000 0.00000000 0.00000000
vn 1.00000000 0.00000000 0.00000000
vn 0.00000000 0.00000000 1.00000000
vn 0.00000000 0.00000000 1.00000000
vn 0.00000000 0.00000000 1.00000000
vn -1.00000000 0.00000000 0.00000000
vn -1.00000000 0.00000000 0.00000000
vn -1.00000000 0.00000000 0.00000000
vn 1.00000000 0.00000000 0.00000000
vn 1.00000000 0.00000000 0.00000000
vn 1.00000000 0.00000000 0.00000000
vn -1.00000000 0.00000000 0.00000000
vn -1.00000000 0.00000000 0.00000000
vn -1.00000000 0.00000000 0.00000000
vn 0.00000000 -1.00000000 0.00000000
vn 0.00000000 -1.00000000 0.00000000
vn 0.00000000 -1.00000000 0.00000000
vn 0.00000000 -1.00000000 0.00000000
vn 0.00000000 -1.00000000 0.00000000
vn 0.00000000 -1.00000000 0.00000000
vn 0.00000000 -1.00000000 0.00000000
vn 0.00000000 -1.00000000 0.00000000
vn 0.00000000 -1.00000000 0.00000000
vn 0.00000000 0.00000000 -1.00000000
vn 0.00000000 0.00000000 -1.00000000
vn 0.00000000 0.00000000 -1.00000000
vn 1.00000000 0.00000000 0.00000000
vn 1.00000000 0.00000000 0.00000000
vn 1.00000000 0.00000000 0.00000000
vn 0.00000000 0.00000000 1.00000000
vn 0.00000000 0.00000000 1.00000000
vn 0.00000000 0.00000000 1.00000000
vn 1.00000000 0.00000000 0.00000000
vn 1.00000000 0.00000000 0.00000000
vn 1.00000000 0.00000000 0.00000000
vn -1.00000000 0.00000000 0.00000000
vn -1.00000000 0.00000000 0.00000000
vn -1.00000000 0.00000000 0.00000000
vn -1.00000000 0.00000000 0.00000000
vn -1.00000000 0.00000000 0.00000000
vn -1.00000000 0.00000000 0.00000000
vn -1.00000000 0.00000000 0.00000000
vn -1.00000000 0.00000000 0.00000000
vn -1.00000000 0.00000000 0.00000000
vn 1.00000000 0.00000000 0.00000000
vn 1.00000000 0.00000000 0.00000000
vn 1.00000000 0.00000000 0.00000000
vn -1.00000000 0.00000000 0.00000000
vn -1.00000000 0.00000000 0.00000000
vn -1.00000000 0.00000000 0.00000000
vn 0.00000000 -1.00000000 0.00000000
vn 0.00000000 -1.00000000 0.00000000
vn 0.00000000 -1.00000000 0.00000000
vn 0.00000000 1.00000000 0.00000000
vn 0.00000000 1.00000000 0.00000000
vn 0.00000000 1.00000000 0.00000000
vn 0.00000000 0.00000000 1.00000000
vn 0.00000000 0.00000000 1.00000000
vn 0.00000000 0.00000000 1.00000000
vn 0.00000000 -1.00000000 0.00000000
vn 0.00000000 -1.00000000 0.00000000
vn 0.00000000 -1.00000000 0.00000000
vn 0.00000000 0.00000000 1.00000000
vn 0.00000000 0.00000000 1.00000000
vn 0.00000000 0.00000000 1.00000000
vn 1.00000000 0.00000000 0.00000000
vn 1.00000000 0.00000000 0.00000000
vn 1.00000000 0.00000000 0.00000000
vn 0.00000000 0.00000000 -1.00000000
vn 0.00000000 0.00000000 -1.00000000
vn 0.00000000 0.00000000 -1.00000000
vn -1.00000000 0.00000000 0.00000000
vn -1.00000000 0.00000000 0.00000000
vn -1.00000000 0.00000000 0.00000000
vn 1.00000000 0.00000000 0.00000000
vn 1.00000000 0.00000000 0.00000000
vn 1.00000000 0.00000000 0.00000000
vn 0.00000000 -1.00000000 0.00000000
vn 0.00000000 -1.00000000 0.00000000
vn 0.00000000 -1.00000000 0.00000000
vn 1.00000000 0.00000000 0.00000000
vn 1.00000000 0.00000000 0.00000000
vn 1.00000000 0.00000000 0.00000000
vn 1.00000000 0.00000000 0.00000000
vn 1.00000000 0.00000000 0.00000000
vn 1.00000000 0.00000000 0.00000000
vn 1.00000000 0.00000000 0.00000000
vn 1.00000000 0.00000000 0.00000000
vn 1.00000000 0.00000000 0.00000000
vn -1.00000000 0.00000000 0.00000000
vn -1.00000000 0.00000000 0.00000000
vn -1.00000000 0.00000000 0.00000000
vn 0.00000000 0.00000000 1.00000000
vn 0.00000000 0.00000000 1.00000000
vn 0.00000000 0.00000000 1.00000000
vn 1.00000000 0.00000000 0.00000000
vn 1.00000000 0.00000000 0.00000000
vn 1.00000000 0.00000000 0.00000000
vn 0.00000000 0.00000000 -1.00000000
vn 0.00000000 0.00000000 -1.00000000
vn 0.00000000 0.00000000 -1.00000000
vn 0.00000000 0.00000000 -1.00000000
vn 0.00000000 0.00000000 -1.00000000
vn 0.00000000 0.00000000 -1.00000000
vn 0.00000000 1.00000000 0.00000000
vn 0.00000000 1.00000000 0.00000000
vn 0.00000000 1.00000000 0.00000000
vn 0.00000000 1.00000000 0.00000000
vn 0.00000000 1.00000000 0.00000000
vn 0.00000000 1.00000000 0.00000000
vn 0.00000000 0.00000000 1.00000000
vn 0.00000000 0.00000000 1.00000000
vn 0.00000000 0.00000000 1.00000000
vn 1.00000000 0.00000000 0.00000000
vn 1.00000000 0.00000000 0.00000000
vn 1.00000000 0.00000000 0.00000000
vn -1.00000000 0.00000000 0.00000000
vn -1.00000000 0.00000000 0.00000000
vn -1.00000000 0.00000000 0.00000000
vn 0.00000000 0.00000000 -1.00000000
vn 0.00000000 0.00000000 -1.00000000
vn 0.00000000 0.00000000 -1.00000000
vn -1.00000000 0.00000000 0.00000000
vn -1.00000000 0.00000000 0.00000000
vn -1.00000000 0.00000000 0.00000000
vn 0.00000000 1.00000000 0.00000000
vn 0.00000000 1.00000000 0.00000000
vn 0.00000000 1.00000000 0.00000000
vn -1.00000000 0.00000000 0.00000000
vn -1.00000000 0.00000000 0.00000000
vn -1.00000000 0.00000000 0.00000000
vn 0.00000000 -0.70710000 0.70710000
vn 0.00000000 -0.70710000 0.70710000
vn 0.00000000 -0.70710000 0.70710000
vn 0.00000000 -0.70710000 -0.70710000
vn 0.00000000 -0.70710000 -0.70710000
vn 0.00000000 -0.70710000 -0.70710000
vn -1.00000000 0.00000000 0.00000000
vn -1.00000000 0.00000000 0.00000000
vn -1.00000000 0.00000000 0.00000000
vn 0.00000000 1.00000000 0.00000000
vn 0.00000000 1.00000000 0.00000000
vn 0.00000000 1.00000000 0.00000000
vn 1.00000000 0.00000000 0.00000000
vn 1.00000000 0.00000000 0.00000000
vn 1.00000000 0.00000000 0.00000000
vn 0.00000000 -1.00000000 0.00000000
vn 0.00000000 -1.00000000 0.00000000
vn 0.00000000 -1.00000000 0.00000000
vn -1.00000000 0.00000000 0.00000000
vn -1.00000000 0.00000000 0.00000000
vn -1.00000000 0.00000000 0.00000000
vn 0.00000000 1.00000000 0.00000000
vn 0.00000000 1.00000000 0.00000000
vn 0.00000000 1.00000000 0.00000000
vn 1.00000000 0.00000000 0.00000000
vn 1.00000000 0.00000000 0.00000000
vn 1.00000000 0.00000000 0.00000000
vn 0.00000000 -1.00000000 0.00000000
vn 0.00000000 -1.00000000 0.00000000
vn 0.00000000 -1.00000000 0.00000000
vn -1.00000000 0.00000000 0.00000000
vn -1.00000000 0.00000000 0.00000000
vn -1.00000000 0.00000000 0.00000000
vn 0.00000000 -0.70710000 -0.70710000
vn 0.00000000 -0.70710000 -0.70710000
vn 0.00000000 -0.70710000 -0.70710000
vn 0.00000000 -0.70710000 0.70710000
vn 0.00000000 -0.70710000 0.70710000
vn 0.00000000 -0.70710000 0.70710000
vn 0.00000000 0.00000000 -1.00000000
vn 0.00000000 0.00000000 -1.00000000
vn 0.00000000 0.00000000 -1.00000000
vn 0.00000000 0.00000000 1.00000000
vn 0.00000000 0.00000000 1.00000000
vn 0.00000000 0.00000000 1.00000000
vn 0.00000000 1.00000000 0.00000000
vn 0.00000000 1.00000000 0.00000000
vn 0.00000000 1.00000000 0.00000000
vn 0.00000000 1.00000000 0.00000000
vn 0.00000000 1.00000000 0.00000000
vn 0.00000000 1.00000000 0.00000000
vn 1.00000000 0.00000000 0.00000000
vn 1.00000000 0.00000000 0.00000000
vn 1.00000000 0.00000000 0.00000000
vn -1.00000000 0.00000000 0.00000000
vn -1.00000000 0.00000000 0.00000000
vn -1.00000000 0.00000000 0.00000000
vn 0.00000000 0.00000000 1.00000000
vn 0.00000000 0.00000000 1.00000000
vn 0.00000000 0.00000000 1.00000000
vn -1.00000000 0.00000000 0.00000000
vn -1.00000000 0.00000000 0.00000000
vn -1.00000000 0.00000000 0.00000000
vn 1.00000000 0.00000000 0.00000000
vn 1.00000000 0.00000000 0.00000000
vn 1.00000000 0.00000000 0.00000000
vn 0.00000000 0.00000000 -1.00000000
vn 0.00000000 0.00000000 -1.00000000
vn 0.00000000 0.00000000 -1.00000000
vn -1.00000000 0.00000000 0.00000000
vn -1.00000000 0.00000000 0.00000000
vn -1.00000000 0.00000000 0.00000000
vn 1.00000000 0.00000000 0.00000000
vn 1.00000000 0.00000000 0.00000000
vn 1.00000000 0.00000000 0.00000000
vn -1.00000000 0.00000000 0.00000000
vn -1.00000000 0.00000000 0.00000000
vn -1.00000000 0.00000000 0.00000000
vn 0.00000000 1.00000000 0.00000000
vn 0.00000000 1.00000000 0.00000000
vn 0.00000000 1.00000000 0.00000000
vn 0.00000000 1.00000000 0.00000000
vn 0.00000000 1.00000000 0.00000000
vn 0.00000000 1.00000000 0.00000000
vn -1.00000000 0.00000000 0.00000000
vn -1.00000000 0.00000000 0.00000000
vn -1.00000000 0.00000000 0.00000000
vn 0.00000000 0.00000000 1.00000000
vn 0.00000000 0.00000000 1.00000000
vn 0.00000000 0.00000000 1.00000000
vn 1.00000000 0.00000000 0.00000000
vn 1.00000000 0.00000000 0.00000000
vn 1.00000000 0.00000000 0.00000000
vn 1.00000000 0.00000000 0.00000000
vn 1.00000000 0.00000000 0.00000000
vn 1.00000000 0.00000000 0.00000000
vn 0.00000000 0.00000000 -1.00000000
vn 0.00000000 0.00000000 -1.00000000
vn 0.00000000 0.00000000 -1.00000000
vn 0.00000000 0.00000000 -1.00000000
vn 0.00000000 0.00000000 -1.00000000
vn 0.00000000 0.00000000 -1.00000000
vn -1.00000000 0.00000000 0.00000000
vn -1.00000000 0.00000000 0.00000000
vn -1.00000000 0.00000000 0.00000000
vn 1.00000000 0.00000000 0.00000000
vn 1.00000000 0.00000000 0.00000000
vn 1.00000000 0.00000000 0.00000000
vn 1.00000000 0.00000000 0.00000000
vn 1.00000000 0.00000000 0.00000000
vn 1.00000000 0.00000000 0.00000000
vn 0.00000000 0.00000000 1.00000000
vn 0.00000000 0.00000000 1.00000000
vn 0.00000000 0.00000000 1.00000000
vn -1.00000000 0.00000000 0.00000000
vn -1.00000000 0.00000000 0.00000000
vn -1.00000000 0.00000000 0.00000000
vn 1.00000000 0.00000000 0.00000000
vn 1.00000000 0.00000000 0.00000000
vn 1.00000000 0.00000000 0.00000000
vn -1.00000000 0.00000000 0.00000000
vn -1.00000000 0.00000000 0.00000000
vn -1.00000000 0.00000000 0.00000000
vn 0.00000000 -1.00000000 0.00000000
vn 0.00000000 -1.00000000 0.00000000
vn 0.00000000 -1.00000000 0.00000000
vn 0.00000000 -1.00000000 0.00000000
vn 0.00000000 -1.00000000 0.00000000
vn 0.00000000 -1.00000000 0.00000000
vn 0.00000000 -1.00000000 0.00000000
vn 0.00000000 -1.00000000 0.00000000
vn 0.00000000 -1.00000000 0.00000000
vn 0.00000000 0.00000000 -1.00000000
vn 0.00000000 0.00000000 -1.00000000
vn 0.00000000 0.00000000 -1.00000000
vn 1.00000000 0.00000000 0.00000000
vn 1.00000000 0.00000000 0.00000000
vn 1.00000000 0.00000000 0.00000000
vn 0.00000000 0.00000000 1.00000000
vn 0.00000000 0.00000000 1.00000000
vn 0.00000000 0.00000000 1.00000000
vn 1.00000000 0.00000000 0.00000000
vn 1.00000000 0.00000000 0.00000000
vn 1.00000000 0.00000000 0.00000000
vn -1.00000000 0.00000000 0.00000000
vn -1.00000000 0.00000000 0.00000000
vn -1.00000000 0.00000000 0.00000000
o Door
usemtl door
f 1/1/1 2/2/2 3/3/3 4/4/4
f 5/5/5 6/6/6 7/7/7 8/8/8
f 9/9/9 10/10/10 11/11/11 12/12/12
f 13/13/13 14/14/14 15/15/15 16/16/16
f 17/17/17 18/18/18 19/19/19
f 20/20/20 21/21/21 22/22/22
f 23/23/23 24/24/24 25/25/25
f 26/26/26 27/27/27 28/28/28
f 29/29/29 30/30/30 31/31/31
f 32/32/32 33/33/33 34/34/34
f 35/35/35 36/36/36 37/37/37
f 38/38/38 39/39/39 40/40/40
f 41/41/41 42/42/42 43/43/43
f 44/44/44 45/45/45 46/46/46
f 47/47/47 48/48/48 49/49/49
f 50/50/50 51/51/51 52/52/52
f 53/53/53 54/54/54 55/55/55
f 56/56/56 57/57/57 58/58/58
f 59/59/59 60/60/60 61/61/61
f 62/62/62 63/63/63 64/64/64
f 65/65/65 66/66/66 67/67/67
f 68/68/68 69/69/69 70/70/70
f 71/71/71 72/72/72 73/73/73
f 74/74/74 75/75/75 76/76/76
f 77/77/77 78/78/78 79/79/79
f 80/80/80 81/81/81 82/82/82
f 83/83/83 84/84/84 85/85/85
f 86/86/86 87/87/87 88/88/88
f 89/89/89 90/90/90 91/91/91
f 92/92/92 93/93/93 94/94/94
f 95/95/95 96/96/96 97/97/97
f 98/98/98 99/99/99 100/100/100
f 101/101/101 102/102/102 103/103/103
f 104/104/104 105/105/105 106/106/106
f 107/107/107 108/108/108 109/109/109
f 110/110/110 111/111/111 112/112/112
f 113/113/113 114/114/114 115/115/115
f 116/116/116 117/117/117 118/118/118
f 119/119/119 120/120/120 121/121/121
f 122/122/122 123/123/123 124/124/124
f 125/125/125 126/126/126 127/127/127
f 128/128/128 129/129/129 130/130/130
f 131/131/131 132/132/132 133/133/133
f 134/134/134 135/135/135 136/136/136
f 137/137/137 138/138/138 139/139/139
f 140/140/140 141/141/141 142/142/142
f 143/143/143 144/144/144 145/145/145
f 146/146/146 147/147/147 148/148/148
f 149/149/149 150/150/150 151/151/151
f 152/152/152 153/153/153 154/154/154
f 155/155/155 156/156/156 157/157/157
f 158/158/158 159/159/159 160/160/160
f 161/161/161 162/162/162 163/163/163
f 164/164/164 165/165/165 166/166/166
f 167/167/167 168/168/168 169/169/169
f 170/170/170 171/171/171 172/172/172
f 173/173/173 174/174/174 175/175/175
f 176/176/176 177/177/177 178/178/178
f 179/179/179 180/180/180 181/181/181
f 182/182/182 183/183/183 184/184/184
f 185/185/185 186/186/186 187/187/187
f 188/188/188 189/189/189 190/190/190
f 191/191/191 192/192/192 193/193/193
f 194/194/194 195/195/195 196/196/196
f 197/197/197 198/198/198 199/199/199
f 200/200/200 201/201/201 202/202/202 203/203/203
f 204/204/204 205/205/205 206/206/206 207/207/207
f 208/208/208 209/209/209 210/210/210 211/211/211
f 212/212/212 213/213/213 214/214/214 215/215/215
f 216/216/216 217/217/217 218/218/218 219/219/219
f 220/220/220 221/221/221 222/222/222
f 223/223/223 224/224/224 225/225/225
f 226/226/226 227/227/227 228/228/228
f 229/229/229 230/230/230 231/231/231
f 232/232/232 233/233/233 234/234/234
f 235/235/235 236/236/236 237/237/237
f 238/238/238 239/239/239 240/240/240
f 241/241/241 242/242/242 243/243/243
f 244/244/244 245/245/245 246/246/246
f 247/247/247 248/248/248 249/249/249
f 250/250/250 251/251/251 252/252/252
f 253/253/253 254/254/254 255/255/255
f 256/256/256 257/257/257 258/258/258
f 259/259/259 260/260/260 261/261/261
f 262/262/262 263/263/263 264/264/264
f 265/265/265 266/266/266 267/267/267
f 268/268/268 269/269/269 270/270/270
f 271/271/271 272/272/272 273/273/273
f 274/274/274 275/275/275 276/276/276
f 277/277/277 278/278/278 279/279/279
f 280/280/280 281/281/281 282/282/282
f 283/283/283 284/284/284 285/285/285
f 286/286/286 287/287/287 288/288/288
f 289/289/289 290/290/290 291/291/291
f 292/292/292 293/293/293 294/294/294
f 295/295/295 296/296/296 297/297/297
f 298/298/298 299/299/299 300/300/300
f 301/301/301 302/302/302 303/303/303
f 304/304/304 305/305/305 306/306/306
f 307/307/307 308/308/308 309/309/309
f 310/310/310 311/311/311 312/312/312
f 313/313/313 314/314/314 315/315/315
f 316/316/316 317/317/317 318/318/318
f 319/319/319 320/320/320 321/321/321
f 322/322/322 323/323/323 324/324/324
f 325/325/325 326/326/326 327/327/327
f 328/328/328 329/329/329 330/330/330
f 331/331/331 332/332/332 333/333/333
f 334/334/334 335/335/335 336/336/336
f 337/337/337 338/338/338 339/339/339
f 340/340/340 341/341/341 342/342/342
f 343/343/343 344/344/344 345/345/345
f 346/346/346 347/347/347 348/348/348
f 349/349/349 350/350/350 351/351/351
f 352/352/352 353/353/353 354/354/354
f 355/355/355 356/356/356 357/357/357
f 358/358/358 359/359/359 360/360/360
f 361/361/361 362/362/362 363/363/363
f 364/364/364 365/365/365 366/366/366
f 367/367/367 368/368/368 369/369/369
f 370/370/370 371/371/371 372/372/372
f 373/373/373 374/374/374 375/375/375
f 376/376/376 377/377/377 378/378/378
f 379/379/379 380/380/380 381/381/381
f 382/382/382 383/383/383 384/384/384
f 385/385/385 386/386/386 387/387/387
f 388/388/388 389/389/389 390/390/390
f 391/391/391 392/392/392 393/393/393
f 394/394/394 395/395/395 396/396/396
f 397/397/397 398/398/398 399/399/399
f 400/400/400 401/401/401 402/402/402
f 403/403/403 404/404/404 405/405/405
f 406/406/406 407/407/407 408/408/408
f 409/409/409 410/410/410 411/411/411
f 412/412/412 413/413/413 414/414/414
f 415/415/415 416/416/416 417/417/417
f 418/418/418 419/419/419 420/420/420
f 421/421/421 422/422/422 423/423/423
f 424/424/424 425/425/425 426/426/426
f 427/427/427 428/428/428 429/429/429
f 430/430/430 431/431/431 432/432/432
f 433/433/433 434/434/434 435/435/435
f 436/436/436 437/437/437 438/438/438
f 439/439/439 440/440/440 441/441/441
f 442/442/442 443/443/443 444/444/444
f 445/445/445 446/446/446 447/447/447
f 448/448/448 449/449/449 450/450/450
f 451/451/451 452/452/452 453/453/453
f 454/454/454 455/455/455 456/456/456
f 457/457/457 458/458/458 459/459/459
f 460/460/460 461/461/461 462/462/462
f 463/463/463 464/464/464 465/465/465 466/466/466
f 467/467/467 468/468/468 469/469/469 470/470/470
f 471/471/471 472/472/472 473/473/473 474/474/474
f 475/475/475 476/476/476 477/477/477 478/478/478
f 479/479/479 480/480/480 481/481/481 482/482/482
f 483/483/483 484/484/484 485/485/485 486/486/486
f 487/487/487 488/488/488 489/489/489
f 490/490/490 491/491/491 492/492/492
f 493/493/493 494/494/494 495/495/495
f 496/496/496 497/497/497 498/498/498
f 499/499/499 500/500/500 501/501/501
f 502/502/502 503/503/503 504/504/504
f 505/505/505 506/506/506 507/507/507
f 508/508/508 509/509/509 510/510/510
f 511/511/511 512/512/512 513/513/513
f 514/514/514 515/515/515 516/516/516
f 517/517/517 518/518/518 519/519/519
f 520/520/520 521/521/521 522/522/522
f 523/523/523 524/524/524 525/525/525
f 526/526/526 527/527/527 528/528/528
f 529/529/529 530/530/530 531/531/531
f 532/532/532 533/533/533 534/534/534
f 535/535/535 536/536/536 537/537/537
f 538/538/538 539/539/539 540/540/540
f 541/541/541 542/542/542 543/543/543
f 544/544/544 545/545/545 546/546/546
f 547/547/547 548/548/548 549/549/549
f 550/550/550 551/551/551 552/552/552
f 553/553/553 554/554/554 555/555/555
f 556/556/556 557/557/557 558/558/558
f 559/559/559 560/560/560 561/561/561
f 562/562/562 563/563/563 564/564/564
f 565/565/565 566/566/566 567/567/567
f 568/568/568 569/569/569 570/570/570
f 571/571/571 572/572/572 573/573/573
f 574/574/574 575/575/575 576/576/576
f 577/577/577 578/578/578 579/579/579
f 580/580/580 581/581/581 582/582/582
f 583/583/583 584/584/584 585/585/585
f 586/586/586 587/587/587 588/588/588
f 589/589/589 590/590/590 591/591/591
f 592/592/592 593/593/593 594/594/594
f 595/595/595 596/596/596 597/597/597
f 598/598/598 599/599/599 600/600/600
f 601/601/601 602/602/602 603/603/603
f 604/604/604 605/605/605 606/606/606
f 607/607/607 608/608/608 609/609/609
f 610/610/610 611/611/611 612/612/612
f 613/613/613 614/614/614 615/615/615
f 616/616/616 617/617/617 618/618/618
f 619/619/619 620/620/620 621/621/621
f 622/622/622 623/623/623 624/624/624
f 625/625/625 626/626/626 627/627/627
f 628/628/628 629/629/629 630/630/630
f 631/631/631 632/632/632 633/633/633
f 634/634/634 635/635/635 636/636/636
f 637/637/637 638/638/638 639/639/639
f 640/640/640 641/641/641 642/642/642
f 643/643/643 644/644/644 645/645/645
f 646/646/646 647/647/647 648/648/648
f 649/649/649 650/650/650 651/651/651
f 652/652/652 653/653/653 654/654/654
f 655/655/655 656/656/656 657/657/657
f 658/658/658 659/659/659 660/660/660
f 661/661/661 662/662/662 663/663/663
f 664/664/664 665/665/665 666/666/666
f 667/667/667 668/668/668 669/669/669
f 670/670/670 671/671/671 672/672/672
f 673/673/673 674/674/674 675/675/675
f 676/676/676 677/677/677 678/678/678
f 679/679/679 680/680/680 681/681/681
f 682/682/682 683/683/683 684/684/684
f 685/685/685 686/686/686 687/687/687
f 688/688/688 689/689/689 690/690/690
f 691/691/691 692/692/692 693/693/693
f 694/694/694 695/695/695 696/696/696
f 697/697/697 698/698/698 699/699/699
f 700/700/700 701/701/701 702/702/702
f 703/703/703 704/704/704 705/705/705
f 706/706/706 707/707/707 708/708/708
f 709/709/709 710/710/710 711/711/711
f 712/712/712 713/713/713 714/714/714
f 715/715/715 716/716/716 717/717/717
f 718/718/718 719/719/719 720/720/720
f 721/721/721 722/722/722 723/723/723
f 724/724/724 725/725/725 726/726/726
f 727/727/727 728/728/728 729/729/729
f 730/730/730 731/731/731 732/732/732
f 733/733/733 734/734/734 735/735/735
f 736/736/736 737/737/737 738/738/738
f 739/739/739 740/740/740 741/741/741
f 742/742/742 743/743/743 744/744/744
f 745/745/745 746/746/746 747/747/747
f 748/748/748 749/749/749 750/750/750
f 751/751/751 752/752/752 753/753/753
f 754/754/754 755/755/755 756/756/756
f 757/757/757 758/758/758 759/759/759
f 760/760/760 761/761/761 762/762/762
f 763/763/763 764/764/764 765/765/765
f 766/766/766 767/767/767 768/768/768
f 769/769/769 770/770/770 771/771/771
f 772/772/772 773/773/773 774/774/774
f 775/775/775 776/776/776 777/777/777
f 778/778/778 779/779/779 780/780/780
f 781/781/781 782/782/782 783/783/783
f 784/784/784 785/785/785 786/786/786
f 787/787/787 788/788/788 789/789/789
f 790/790/790 791/791/791 792/792/792
f 793/793/793 794/794/794 795/795/795
f 796/796/796 797/797/797 798/798/798
f 799/799/799 800/800/800 801/801/801
f 802/802/802 803/803/803 804/804/804
f 805/805/805 806/806/806 807/807/807
f 808/808/808 809/809/809 810/810/810
f 811/811/811 812/812/812 813/813/813
f 814/814/814 815/815/815 816/816/816
f 817/817/817 818/818/818 819/819/819
f 820/820/820 821/821/821 822/822/822
f 823/823/823 824/824/824 825/825/825
f 826/826/826 827/827/827 828/828/828
f 829/829/829 830/830/830 831/831/831
f 832/832/832 833/833/833 834/834/834 835/835/835
f 836/836/836 837/837/837 838/838/838
f 839/839/839 840/840/840 841/841/841
f 842/842/842 843/843/843 844/844/844
f 845/845/845 846/846/846 847/847/847
f 848/848/848 849/849/849 850/850/850
f 851/851/851 852/852/852 853/853/853
f 854/854/854 855/855/855 856/856/856
f 857/857/857 858/858/858 859/859/859
f 860/860/860 861/861/861 862/862/862
f 863/863/863 864/864/864 865/865/865
f 866/866/866 867/867/867 868/868/868
f 869/869/869 870/870/870 871/871/871
f 872/872/872 873/873/873 874/874/874
f 875/875/875 876/876/876 877/877/877
f 878/878/878 879/879/879 880/880/880
f 881/881/881 882/882/882 883/883/883
f 884/884/884 885/885/885 886/886/886
f 887/887/887 888/888/888 889/889/889
f 890/890/890 891/891/891 892/892/892
f 893/893/893 894/894/894 895/895/895
f 896/896/896 897/897/897 898/898/898
f 899/899/899 900/900/900 901/901/901
f 902/902/902 903/903/903 904/904/904
f 905/905/905 906/906/906 907/907/907
f 908/908/908 909/909/909 910/910/910
f 911/911/911 912/912/912 913/913/913
f 914/914/914 915/915/915 916/916/916
f 917/917/917 918/918/918 919/919/919
f 920/920/920 921/921/921 922/922/922 923/923/923
f 924/924/924 925/925/925 926/926/926 927/927/927
f 928/928/928 929/929/929 930/930/930 931/931/931
f 932/932/932 933/933/933 934/934/934 935/935/935
f 936/936/936 937/937/937 938/938/938 939/939/939
f 940/940/940 941/941/941 942/942/942 943/943/943
f 944/944/944 945/945/945 946/946/946 947/947/947
f 948/948/948 949/949/949 950/950/950 951/951/951
f 952/952/952 953/953/953 954/954/954 955/955/955
f 956/956/956 957/957/957 958/958/958 959/959/959
f 960/960/960 961/961/961 962/962/962 963/963/963
f 964/964/964 965/965/965 966/966/966 967/967/967
f 968/968/968 969/969/969 970/970/970
f 971/971/971 972/972/972 973/973/973
f 974/974/974 975/975/975 976/976/976
f 977/977/977 978/978/978 979/979/979
f 980/980/980 981/981/981 982/982/982
f 983/983/983 984/984/984 985/985/985
f 986/986/986 987/987/987 988/988/988
f 989/989/989 990/990/990 991/991/991
f 992/992/992 993/993/993 994/994/994
f 995/995/995 996/996/996 997/997/997
f 998/998/998 999/999/999 1000/1000/1000
f 1001/1001/1001 1002/1002/1002 1003/1003/1003
f 1004/1004/1004 1005/1005/1005 1006/1006/1006
f 1007/1007/1007 1008/1008/1008 1009/1009/1009
f 1010/1010/1010 1011/1011/1011 1012/1012/1012
f 1013/1013/1013 1014/1014/1014 1015/1015/1015
f 1016/1016/1016 1017/1017/1017 1018/1018/1018
f 1019/1019/1019 1020/1020/1020 1021/1021/1021
f 1022/1022/1022 1023/1023/1023 1024/1024/1024
f 1025/1025/1025 1026/1026/1026 1027/1027/1027
f 1028/1028/1028 1029/1029/1029 1030/1030/1030
f 1031/1031/1031 1032/1032/1032 1033/1033/1033
f 1034/1034/1034 1035/1035/1035 1036/1036/1036
f 1037/1037/1037 1038/1038/1038 1039/1039/1039
f 1040/1040/1040 1041/1041/1041 1042/1042/1042
f 1043/1043/1043 1044/1044/1044 1045/1045/1045
f 1046/1046/1046 1047/1047/1047 1048/1048/1048
f 1049/1049/1049 1050/1050/1050 1051/1051/1051
f 1052/1052/1052 1053/1053/1053 1054/1054/1054
f 1055/1055/1055 1056/1056/1056 1057/1057/1057
f 1058/1058/1058 1059/1059/1059 1060/1060/1060
f 1061/1061/1061 1062/1062/1062 1063/1063/1063
f 1064/1064/1064 1065/1065/1065 1066/1066/1066
f 1067/1067/1067 1068/1068/1068 1069/1069/1069
f 1070/1070/1070 1071/1071/1071 1072/1072/1072
f 1073/1073/1073 1074/1074/1074 1075/1075/1075
f 1076/1076/1076 1077/1077/1077 1078/1078/1078
f 1079/1079/1079 1080/1080/1080 1081/1081/1081
f 1082/1082/1082 1083/1083/1083 1084/1084/1084
f 1085/1085/1085 1086/1086/1086 1087/1087/1087
f 1088/1088/1088 1089/1089/1089 1090/1090/1090
f 1091/1091/1091 1092/1092/1092 1093/1093/1093
f 1094/1094/1094 1095/1095/1095 1096/1096/1096
f 1097/1097/1097 1098/1098/1098 1099/1099/1099
f 1100/1100/1100 1101/1101/1101 1102/1102/1102
f 1103/1103/1103 1104/1104/1104 1105/1105/1105
f 1106/1106/1106 1107/1107/1107 1108/1108/1108
f 1109/1109/1109 1110/1110/1110 1111/1111/1111
f 1112/1112/1112 1113/1113/1113 1114/1114/1114
f 1115/1115/1115 1116/1116/1116 1117/1117/1117
f 1118/1118/1118 1119/1119/1119 1120/1120/1120
f 1121/1121/1121 1122/1122/1122 1123/1123/1123
f 1124/1124/1124 1125/1125/1125 1126/1126/1126
f 1127/1127/1127 1128/1128/1128 1129/1129/1129
f 1130/1130/1130 1131/1131/1131 1132/1132/1132
f 1133/1133/1133 1134/1134/1134 1135/1135/1135
f 1136/1136/1136 1137/1137/1137 1138/1138/1138
f 1139/1139/1139 1140/1140/1140 1141/1141/1141
f 1142/1142/1142 1143/1143/1143 1144/1144/1144
f 1145/1145/1145 1146/1146/1146 1147/1147/1147
f 1148/1148/1148 1149/1149/1149 1150/1150/1150
f 1151/1151/1151 1152/1152/1152 1153/1153/1153
f 1154/1154/1154 1155/1155/1155 1156/1156/1156
f 1157/1157/1157 1158/1158/1158 1159/1159/1159
f 1160/1160/1160 1161/1161/1161 1162/1162/1162
f 1163/1163/1163 1164/1164/1164 1165/1165/1165
f 1166/1166/1166 1167/1167/1167 1168/1168/1168
f 1169/1169/1169 1170/1170/1170 1171/1171/1171
f 1172/1172/1172 1173/1173/1173 1174/1174/1174
f 1175/1175/1175 1176/1176/1176 1177/1177/1177
f 1178/1178/1178 1179/1179/1179 1180/1180/1180
f 1181/1181/1181 1182/1182/1182 1183/1183/1183
f 1184/1184/1184 1185/1185/1185 1186/1186/1186
f 1187/1187/1187 1188/1188/1188 1189/1189/1189
f 1190/1190/1190 1191/1191/1191 1192/1192/1192 1193/1193/1193
f 1194/1194/1194 1195/1195/1195 1196/1196/1196 1197/1197/1197
f 1198/1198/1198 1199/1199/1199 1200/1200/1200 1201/1201/1201
f 1202/1202/1202 1203/1203/1203 1204/1204/1204 1205/1205/1205
f 1206/1206/1206 1207/1207/1207 1208/1208/1208 1209/1209/1209
f 1210/1210/1210 1211/1211/1211 1212/1212/1212 1213/1213/1213
f 1214/1214/1214 1215/1215/1215 1216/1216/1216 1217/1217/1217
f 1218/1218/1218 1219/1219/1219 1220/1220/1220 1221/1221/1221
f 1222/1222/1222 1223/1223/1223 1224/1224/1224 1225/1225/1225
f 1226/1226/1226 1227/1227/1227 1228/1228/1228 1229/1229/1229
f 1230/1230/1230 1231/1231/1231 1232/1232/1232 1233/1233/1233
f 1234/1234/1234 1235/1235/1235 1236/1236/1236 1237/1237/1237
f 1238/1238/1238 1239/1239/1239 1240/1240/1240
f 1241/1241/1241 1242/1242/1242 1243/1243/1243
f 1244/1244/1244 1245/1245/1245 1246/1246/1246
f 1247/1247/1247 1248/1248/1248 1249/1249/1249
f 1250/1250/1250 1251/1251/1251 1252/1252/1252
o Frame
usemtl door
f 1253/1253/1253 1254/1254/1254 1255/1255/1255
f 1256/1256/1256 1257/1257/1257 1258/1258/1258
f 1259/1259/1259 1260/1260/1260 1261/1261/1261
f 1262/1262/1262 1263/1263/1263 1264/1264/1264
f 1265/1265/1265 1266/1266/1266 1267/1267/1267
f 1268/1268/1268 1269/1269/1269 1270/1270/1270
f 1271/1271/1271 1272/1272/1272 1273/1273/1273
f 1274/1274/1274 1275/1275/1275 1276/1276/1276
f 1277/1277/1277 1278/1278/1278 1279/1279/1279
f 1280/1280/1280 1281/1281/1281 1282/1282/1282
f 1283/1283/1283 1284/1284/1284 1285/1285/1285
f 1286/1286/1286 1287/1287/1287 1288/1288/1288
f 1289/1289/1289 1290/1290/1290 1291/1291/1291
f 1292/1292/1292 1293/1293/1293 1294/1294/1294
f 1295/1295/1295 1296/1296/1296 1297/1297/1297
f 1298/1298/1298 1299/1299/1299 1300/1300/1300
f 1301/1301/1301 1302/1302/1302 1303/1303/1303
f 1304/1304/1304 1305/1305/1305 1306/1306/1306
f 1307/1307/1307 1308/1308/1308 1309/1309/1309
f 1310/1310/1310 1311/1311/1311 1312/1312/1312
f 1313/1313/1313 1314/1314/1314 1315/1315/1315
f 1316/1316/1316 1317/1317/1317 1318/1318/1318
f 1319/1319/1319 1320/1320/1320 1321/1321/1321
f 1322/1322/1322 1323/1323/1323 1324/1324/1324
f 1325/1325/1325 1326/1326/1326 1327/1327/1327
f 1328/1328/1328 1329/1329/1329 1330/1330/1330
f 1331/1331/1331 1332/1332/1332 1333/1333/1333
f 1334/1334/1334 1335/1335/1335 1336/1336/1336
f 1337/1337/1337 1338/1338/1338 1339/1339/1339
f 1340/1340/1340 1341/1341/1341 1342/1342/1342
f 1343/1343/1343 1344/1344/1344 1345/1345/1345
f 1346/1346/1346 1347/1347/1347 1348/1348/1348
f 1349/1349/1349 1350/1350/1350 1351/1351/1351
f 1352/1352/1352 1353/1353/1353 1354/1354/1354
f 1355/1355/1355 1356/1356/1356 1357/1357/1357
f 1358/1358/1358 1359/1359/1359 1360/1360/1360
f 1361/1361/1361 1362/1362/1362 1363/1363/1363
f 1364/1364/1364 1365/1365/1365 1366/1366/1366
f 1367/1367/1367 1368/1368/1368 1369/1369/1369
f 1370/1370/1370 1371/1371/1371 1372/1372/1372
f 1373/1373/1373 1374/1374/1374 1375/1375/1375
f 1376/1376/1376 1377/1377/1377 1378/1378/1378
f 1379/1379/1379 1380/1380/1380 1381/1381/1381
f 1382/1382/1382 1383/1383/1383 1384/1384/1384
f 1385/1385/1385 1386/1386/1386 1387/1387/1387
f 1388/1388/1388 1389/1389/1389 1390/1390/1390
f 1391/1391/1391 1392/1392/1392 1393/1393/1393
f 1394/1394/1394 1395/1395/1395 1396/1396/1396
f 1397/1397/1397 1398/1398/1398 1399/1399/1399
f 1400/1400/1400 1401/1401/1401 1402/1402/1402
f 1403/1403/1403 1404/1404/1404 1405/1405/1405
f 1406/1406/1406 1407/1407/1407 1408/1408/1408
f 1409/1409/1409 1410/1410/1410 1411/1411/1411
f 1412/1412/1412 1413/1413/1413 1414/1414/1414
f 1415/1415/1415 1416/1416/1416 1417/1417/1417
f 1418/1418/1418 1419/1419/1419 1420/1420/1420
f 1421/1421/1421 1422/1422/1422 1423/1423/1423
f 1424/1424/1424 1425/1425/1425 1426/1426/1426
f 1427/1427/1427 1428/1428/1428 1429/1429/1429
f 1430/1430/1430 1431/1431/1431 1432/1432/1432
f 1433/1433/1433 1434/1434/1434 1435/1435/1435
f 1436/1436/1436 1437/1437/1437 1438/1438/1438
f 1439/1439/1439 1440/1440/1440 1441/1441/1441
f 1442/1442/1442 1443/1443/1443 1444/1444/1444
f 1445/1445/1445 1446/1446/1446 1447/1447/1447
f 1448/1448/1448 1449/1449/1449 1450/1450/1450
f 1451/1451/1451 1452/1452/1452 1453/1453/1453
f 1454/1454/1454 1455/1455/1455 1456/1456/1456
f 1457/1457/1457 1458/1458/1458 1459/1459/1459
f 1460/1460/1460 1461/1461/1461 1462/1462/1462
f 1463/1463/1463 1464/1464/1464 1465/1465/1465
f 1466/1466/1466 1467/1467/1467 1468/1468/1468
f 1469/1469/1469 1470/1470/1470 1471/1471/1471
f 1472/1472/1472 1473/1473/1473 1474/1474/1474
f 1475/1475/1475 1476/1476/1476 1477/1477/1477
f 1478/1478/1478 1479/1479/1479 1480/1480/1480
f 1481/1481/1481 1482/1482/1482 1483/1483/1483
f 1484/1484/1484 1485/1485/1485 1486/1486/1486
f 1487/1487/1487 1488/1488/1488 1489/1489/1489
f 1490/1490/1490 1491/1491/1491 1492/1492/1492
f 1493/1493/1493 1494/1494/1494 1495/1495/1495
f 1496/1496/1496 1497/1497/1497 1498/1498/1498
f 1499/1499/1499 1500/1500/1500 1501/1501/1501
f 1502/1502/1502 1503/1503/1503 1504/1504/1504
f 1505/1505/1505 1506/1506/1506 1507/1507/1507
f 1508/1508/1508 1509/1509/1509 1510/1510/1510
f 1511/1511/1511 1512/1512/1512 1513/1513/1513
f 1514/1514/1514 1515/1515/1515 1516/1516/1516
f 1517/1517/1517 1518/1518/1518 1519/1519/1519
f 1520/1520/1520 1521/1521/1521 1522/1522/1522
f 1523/1523/1523 1524/1524/1524 1525/1525/1525
f 1526/1526/1526 1527/1527/1527 1528/1528/1528
f 1529/1529/1529 1530/1530/1530 1531/1531/1531
f 1532/1532/1532 1533/1533/1533 1534/1534/1534
f 1535/1535/1535 1536/1536/1536 1537/1537/1537
f 1538/1538/1538 1539/1539/1539 1540/1540/1540
f 1541/1541/1541 1542/1542/1542 1543/1543/1543
f 1544/1544/1544 1545/1545/1545 1546/1546/1546
f 1547/1547/1547 1548/1548/1548 1549/1549/1549
f 1550/1550/1550 1551/1551/1551 1552/1552/1552
f 1553/1553/1553 1554/1554/1554 1555/1555/1555
f 1556/1556/1556 1557/1557/1557 1558/1558/1558
f 1559/1559/1559 1560/1560/1560 1561/1561/1561
f 1562/1562/1562 1563/1563/1563 1564/1564/1564
f 1565/1565/1565 1566/1566/1566 1567/1567/1567
f 1568/1568/1568 1569/1569/1569 1570/1570/1570
f 1571/1571/1571 1572/1572/1572 1573/1573/1573
f 1574/1574/1574 1575/1575/1575 1576/1576/1576
f 1577/1577/1577 1578/1578/1578 1579/1579/1579
f 1580/1580/1580 1581/1581/1581 1582/1582/1582
f 1583/1583/1583 1584/1584/1584 1585/1585/1585
f 1586/1586/1586 1587/1587/1587 1588/1588/1588
f 1589/1589/1589 1590/1590/1590 1591/1591/1591
f 1592/1592/1592 1593/1593/1593 1594/1594/1594
f 1595/1595/1595 1596/1596/1596 1597/1597/1597
f 1598/1598/1598 1599/1599/1599 1600/1600/1600
f 1601/1601/1601 1602/1602/1602 1603/1603/1603
f 1604/1604/1604 1605/1605/1605 1606/1606/1606
f 1607/1607/1607 1608/1608/1608 1609/1609/1609
f 1610/1610/1610 1611/1611/1611 1612/1612/1612
f 1613/1613/1613 1614/1614/1614 1615/1615/1615
f 1616/1616/1616 1617/1617/1617 1618/1618/1618
f 1619/1619/1619 1620/1620/1620 1621/1621/1621
f 1622/1622/1622 1623/1623/1623 1624/1624/1624
f 1625/1625/1625 1626/1626/1626 1627/1627/1627
f 1628/1628/1628 1629/1629/1629 1630/1630/1630
f 1631/1631/1631 1632/1632/1632 1633/1633/1633
f 1634/1634/1634 1635/1635/1635 1636/1636/1636
f 1637/1637/1637 1638/1638/1638 1639/1639/1639
f 1640/1640/1640 1641/1641/1641 1642/1642/1642
f 1643/1643/1643 1644/1644/1644 1645/1645/1645
f 1646/1646/1646 1647/1647/1647 1648/1648/1648
f 1649/1649/1649 1650/1650/1650 1651/1651/1651
f 1652/1652/1652 1653/1653/1653 1654/1654/1654
f 1655/1655/1655 1656/1656/1656 1657/1657/1657
f 1658/1658/1658 1659/1659/1659 1660/1660/1660
f 1661/1661/1661 1662/1662/1662 1663/1663/1663
f 1664/1664/1664 1665/1665/1665 1666/1666/1666
f 1667/1667/1667 1668/1668/1668 1669/1669/1669
f 1670/1670/1670 1671/1671/1671 1672/1672/1672
f 1673/1673/1673 1674/1674/1674 1675/1675/1675
f 1676/1676/1676 1677/1677/1677 1678/1678/1678
f 1679/1679/1679 1680/1680/1680 1681/1681/1681
f 1682/1682/1682 1683/1683/1683 1684/1684/1684
f 1685/1685/1685 1686/1686/1686 1687/1687/1687
f 1688/1688/1688 1689/1689/1689 1690/1690/1690
f 1691/1691/1691 1692/1692/1692 1693/1693/1693
f 1694/1694/1694 1695/1695/1695 1696/1696/1696
f 1697/1697/1697 1698/1698/1698 1699/1699/1699
f 1700/1700/1700 1701/1701/1701 1702/1702/1702
f 1703/1703/1703 1704/1704/1704 1705/1705/1705
f 1706/1706/1706 1707/1707/1707 1708/1708/1708
f 1709/1709/1709 1710/1710/1710 1711/1711/1711
f 1712/1712/1712 1713/1713/1713 1714/1714/1714
f 1715/1715/1715 1716/1716/1716 1717/1717/1717
f 1718/1718/1718 1719/1719/1719 1720/1720/1720
f 1721/1721/1721 1722/1722/1722 1723/1723/1723
f 1724/1724/1724 1725/1725/1725 1726/1726/1726
f 1727/1727/1727 1728/1728/1728 1729/1729/1729
f 1730/1730/1730 1731/1731/1731 1732/1732/1732
